letter,page,line,next_line,mark,head,tail,joined,decision,confidence,reason,crosses_page,joined_corpus,joined_dwds,head_corpus,head_dwds,tail_corpus,tail_dwds,context
1,1,64,65,¬,De,positum,Depositum,join,high,"joined form attested in DWDS (1,701 hits)",False,0,1701,20,,1,,"und alle hinter sich habende Summen ad De¬ || positum geben, den dahin weiset der Berich"
2,1,118,119,¬,Ver,ſtand,Verſtand,join,high,joined form occurs elsewhere in this corpus,False,1,,2,,18,,alten wollen haben lähmt mir Sinn und Ver¬ || ſtand; ich habe ſeit der Zeit 7 Briefe von
2,1,122,123,¬,Stäge,mann,Stägemann,join,high,joined form occurs elsewhere in this corpus,False,32,,0,,272,,"t, daß ich an den gehen Staats rath Stäge¬ || mann auf gleiche Weiſe ein dancksagungs Sc"
2,3,177,178,¬,ge,gebene,gegebene,join,high,joined form occurs elsewhere in this corpus,False,17,,16,,1,,hts zu höhren. Und die Ewr Durchlaucht ge¬ || gebene Nachrichten wegen Sachsen und Pohle
4,1,304,305,¬,Ver,mögen,Vermögen,join,high,joined form occurs elsewhere in this corpus,False,28,,2,,16,,ena hat 3 Millionen Francken aus ſein Ver¬ || mögen dazu zu zahlen versprochen — Man gla
4,1,315,316,¬,Phi,lipsborn,Philipsborn,join,held,"held: a real word broken at the line end; the joined form is a period, Latin or name spelling the evidence does not know (checked 2026-09-28)",False,0,472,0,32342,1,0,"aus dem Hschen Bureau Barbe, Heym und Phi¬ || lipsborn etliche Kistchen Glaß in Prag lie"
4,2,335,336,¬,ausge,kämpft,ausgekämpft,join,high,"joined form attested in DWDS (2,983 hits)",False,0,2983,0,,1,,r Handschu geworfen und redlich muß ausge¬ || kämpft werden.
5,1,381,382,¬,Bö,sewicht,Bösewicht,join,high,joined form occurs elsewhere in this corpus,False,11,,0,,1,,"n ein Blanquett gegeben haben, und der Bö¬ || sewicht hat sich darauf so was fabrizirt."
6,2,424,425,¬,schur,kische,schurkische,join,high,"joined form attested in DWDS (3,213 hits)",False,0,3213,0,,1,,nde — Es blieb dan nichts übrig als schur¬ || kische Zögerung da man die Bestätigung von
6,2,437,438,¬,Denuntia,tion,Denuntiation,join,high,head is not a word on its own,False,0,104,0,0,6,,"r Curischen Erben, in Form einer Denuntia¬ || tion erfolgte, wo diese anzeigten, daß Cos"
7,1,490,491,¬,ge,wiß,gewiß,join,high,joined form occurs elsewhere in this corpus,False,87,,16,,1,,"eits mein dritter Brief, und ich würde ge¬ || wiß meine Dreistigkeit nicht so weit treib"
7,2,497,498,¬,wer,den,werden,join,high,joined form occurs elsewhere in this corpus,False,895,,31,,2764,,dliche Beschreibung meine Lage bekant wer¬ || den zu lassen. Ich wage es nicht mehr Eu H
10,1,554,555,¬,Stäge,mann,Stägemann,join,high,joined form occurs elsewhere in this corpus,False,32,,0,,272,,n nicht ohne Erfolg bleiben — H. p. Stäge¬ || mann hat zwar noch keinen Vortrag gemacht 
12,1,681,682,¬,Schuru,bars,Schurubars,join,high,head is not a word on its own,False,0,0,0,5,1,,en Herren — obgleich er jezt einen Schuru¬ || bars trägt — wegen den von ihm gegebenen R
12,1,683,684,¬,Öhrin,gen,Öhringen,join,high,joined form occurs elsewhere in this corpus,False,22,,0,,70,,"ch höhre haben Sie ja den Revers in Öhrin¬ || gen gelaßen. Es könte sein, daß er Ihnen s"
13,2,732,733,¬,ver,sprochen,versprochen,join,high,joined form occurs elsewhere in this corpus,False,30,,2,,4,,sich Ihnen ehrerbietigst — Er hat mir ver¬ || sprochen das Geld zur Auslösung der Papier
14,1,754,755,¬,rückstän,dige,rückständige,join,high,joined form occurs elsewhere in this corpus,False,8,,0,,2,,rn auch die seit Joh[anni]s 1812 rückstän¬ || dige Rente behufs der Befriedigung der Cre
14,1,758,759,¬,Angelegen,heit,Angelegenheit,join,high,joined form occurs elsewhere in this corpus,False,24,,2,,11,,"eberg in Berlin, der jezt diese Angelegen¬ || heit cst[?] Fiscum betreibet, kurz von der"
14,1,762,763,¬,ge,rade,gerade,join,high,joined form occurs elsewhere in this corpus,False,42,,16,,2,,"he verglichen werden, da die 3 Erbenen ge¬ || rade anwesend waren. Was in Ihren Kräften "
16,1,868,869,¬,Obristlieut,nant,Obristlieutnant,join,high,head is not a word on its own,False,0,19,0,0,2,, daher gieng ich zu dem Herrn Obristlieut¬ || nant v Thiel. Ich machte ihm mit Ewr Durch
16,2,890,891,¬,Ver,schanzungen,Verschanzungen,join,high,"joined form attested in DWDS (1,010 hits)",False,0,1010,2,,1,,"he und Magazine an, zieht kleinen von Ver¬ || schanzungen die schwer zu durchbrechen sin"
16,2,893,894,¬,ge,mildert,gemildert,join,high,joined form occurs elsewhere in this corpus,False,1,,16,,1,,"rden, wodurch der blutigste Krieg sehr ge¬ || mildert werden kan."
17,1,927,928,¬,Choma,nowski,Chomanowski,join,high,joined form occurs elsewhere in this corpus,False,3,,0,,2,,egt jezt im Beiſien des Komornik v. Choma¬ || nowski seine Rechnung die er Ihnen mein Fü
17,2,944,945,¬,Oles,nicer,Olesnicer,join,high,joined form occurs elsewhere in this corpus,False,41,,0,,1,,e Zins Reste allen betragen ohne die Oles¬ || nicer Wrąbczyner und Bauren Güter an 30000
17,2,951,952,¬,Amor,tisirt,Amortisirt,join,high,joined form occurs elsewhere in this corpus,False,2,,0,,1,, Revenue von 14 bis 1500 rt jahr und Amor¬ || tisirt sich die Bayonner Summe von selbst 
17,3,959,960,¬,herrlei,sagen,herrleisagen,join,high,head is not a word on its own,False,0,0,0,0,103,,"[?] aufgerieben, und solche junge herrlei¬ || sagen in Berlin ich bereichen mich hier un"
17,4,984,985,¬,Sobotten,dorff,Sobottendorff,join,high,joined form occurs elsewhere in this corpus,False,11,,0,,3,,"ch mir um schnelle Antwort wegen Sobotten¬ || dorff, wegen Weigel und wegen die Invalide"
18,2,1040,1041,¬,durch,laucht,durchlaucht,join,high,joined form occurs elsewhere in this corpus,False,1523,,522,,42,,"n nach dem Rathe des Komorniks, Ewr durch¬ || laucht erklären."
19,1,1105,1106,¬,einrä,Es,einräEs,join,high,head is not a word on its own,False,0,0,0,8,1332,,e frey und kein Creditor darf nicht einrä¬ || Es ist ein großer Pacht aber woher soll de
19,3,1156,1157,¬,vorge,ſchrieben,vorgeſchrieben,join,high,joined form occurs elsewhere in this corpus,False,3,,1,,6,,ein anderes Instrument als ich vorge¬ || ſchrieben habe — den ſonſt fährt alles zum
19,4,1167,1168,¬,verheu,rathet,verheurathet,join,high,head is not a word on its own,False,0,33,0,6,1,,verwebt und so zu sagen verheu¬ || rathet wir müßen abhobet nun schon
20,1,1213,1214,¬,bewerk,stelligen,bewerkstelligen,join,high,joined form occurs elsewhere in this corpus,False,2,,0,,1,," aber muß ich, wan Ewer dies nicht bewerk¬ || stelligen, wie ein Vogel auf dem Dache und"
20,2,1220,1221,¬,Be,sizzungen,Besizzungen,join,high,joined form occurs elsewhere in this corpus,False,3,,3,,1,,"hlaucht in Ansehung Ihrer Pohlinischen Be¬ || sizzungen einige Ruhe gewähren wird, und z"
20,2,1228,1229,¬,Zago,rower,Zagorower,join,high,joined form occurs elsewhere in this corpus,False,51,,1,,2,,t für mich angewiesene Summa aus die Zago¬ || rower Güter zurück und den sind die 1000 L
20,3,1256,1257,¬,Capi,tal,Capital,join,high,joined form occurs elsewhere in this corpus,False,70,,1,,5,,benfeld hat Ewr darauf 2260 rt. w[?] Capi¬ || tal und 153 rt. Zinsen bereits zurück geza
21,1,1292,1293,-,Haupt,Ersaz,HauptErsaz,split,high,joined form unattested; both halves are real words,False,0,0,35,311581,6,14,tlich und in Pohlen ſuchten wir den Haupt- || Ersaz — die alte Ziege hurt noch im Paris 
22,1,1333,1334,-,Ewie,Durchlaucht,EwieDurchlaucht,split,high,joined form unattested; both halves are real words,False,0,0,1,263,1523,6227,"n dafür leiden muß, daß ich mich für Ewie- || Durchlaucht verbürgte."
22,2,1347,1348,¬,er,halten,erhalten,join,high,joined form occurs elsewhere in this corpus,False,298,,1278,,63,," 500 rt. jährl. Erbzinse von Wittow zu er¬ || halten, die Meierowitz nun schon durch 4 J"
23,2,1478,1479,¬,unter,thänigen,unterthänigen,join,high,joined form occurs elsewhere in this corpus,False,5,,130,,1,,ow alles ordnen und Ewr Durchlaucht unter¬ || thänigen Bericht erstatten. Er verspricht 
23,3,1486,1487,¬,abgefü,Ich,abgefüIch,join,high,head is not a word on its own,False,0,0,0,18,4497,,"eilen Geld 25 rt. Courant betragen abgefü¬ || Ich habe bisher in stillen alles ertrage, "
23,3,1500,1501,¬,Durch,laucht,Durchlaucht,join,high,joined form occurs elsewhere in this corpus,False,1523,,522,,42,,chen] Aufpaſſer zu befreien und Ewr Durch¬ || laucht wieder zu dem Revenuen und unsäglic
23,3,1501,1502,¬,ver,halten,verhalten,join,high,"joined form attested in DWDS (1,416,004 hits)",False,0,1416004,2,,63,,venuen und unsäglich großen Resten zu ver¬ || halten.
23,3,1504,1505,-,hungera,mit,hungeramit,join,high,head is not a word on its own,False,0,0,0,0,1449,,"tzt habe ich nichts mehr, sondern hungera- || mit meine Kinder selbst — Bleibt nun die S"
23,4,1530,1531,¬,arres,tiren,arrestiren,join,high,head is not a word on its own,False,0,0,0,0,2,,"eisen, wo nicht so läßt ihm Stenger arres¬ || tiren und zieht sofort die von ihm sich zu"
23,4,1532,1533,¬,ge,ſchrieben,geſchrieben,join,high,joined form occurs elsewhere in this corpus,False,61,,16,,6,, Honrichs hat seit mehren Wochen nicht ge¬ || ſchrieben ohnerachtet ich Bothen über Both
23,4,1539,1540,¬,ver,spricht,verspricht,join,high,joined form occurs elsewhere in this corpus,False,22,,2,,15,,"m Ansehen Er wird sehr gebraucht — Er ver¬ || spricht schnell alles zu vindiziren, aber "
24,1,1563,1564,¬,gänz,lich,gänzlich,join,high,joined form occurs elsewhere in this corpus,False,29,,0,,15,," zu bringen, und mein Schulden Wesen gänz¬ || lich zu arangiren. Es kommt indes darauf a"
24,1,1564,1565,¬,mög,lich,möglich,join,high,joined form occurs elsewhere in this corpus,False,79,,0,,15,,"giren. Es kommt indes darauf an ob es mög¬ || lich ist, eine Summa von 400000 rt, nehmli"
24,1,1573,1574,¬,Ge,schäft,Geschäft,join,high,joined form occurs elsewhere in this corpus,False,38,,16,,2,,oren ersuche ich ergebenst sich dieses Ge¬ || schäft zu unterziehen und bey Ihrer großen
24,1,1580,1581,¬,An,stand,Anstand,join,high,joined form occurs elsewhere in this corpus,False,5,,1008,,18,,n 5 pt. sobald die Sache versteht ohne An¬ || stand auszuzahlen
24,3,1627,1628,¬,ausge,mittelt,ausgemittelt,join,high,joined form occurs elsewhere in this corpus,False,6,,0,,1,,ission geprüft und folgendergestalt ausge¬ || mittelt.
25,1,1672,1673,¬,aran,girt,arangirt,join,high,joined form occurs elsewhere in this corpus,False,7,,0,,1,,"he ist nun zwar abgemacht und völlig aran¬ || girt; Indes war der König, so sehr ich auc"
25,2,1698,1699,¬,einge,löset,eingelöset,join,high,joined form occurs elsewhere in this corpus,False,1,,0,,1,, Hypotheque von 250000 rt besonders einge¬ || löset und Cassirt werden
25,2,1702,1703,¬,et,was,etwas,join,high,joined form occurs elsewhere in this corpus,False,96,,8,,612,,"ht es bey dem Kriegerischen Ereignißen et¬ || was Langsam, inzwischen schreibt mir geste"
26,2,1753,1754,¬,Schweiner,sche,Schweinersche,join,high,joined form occurs elsewhere in this corpus,False,3,,3,,6,,"ehen müßen, daß er mir auf eine Schweiner¬ || sche Hypotheque von 20000 rt Geld giebt. G"
27,2,1820,1821,¬,Auf,tragen,Auftragen,join,high,"joined form attested in DWDS (96,646 hits)",False,0,96646,1051,,34,,ch Memel und vieleicht von dorten mit Auf¬ || tragen nach Petersburg oder wo ich den Kay
27,2,1833,1834,¬,ge,lingen,gelingen,join,high,joined form occurs elsewhere in this corpus,False,15,,16,,1,,"fen sollen, und ich glaube, daß es nur ge¬ || lingen wird Mittel aufzufinden, wodurch de"
28,1,1854,1855,¬,Appella,tions,Appellations,join,high,joined form occurs elsewhere in this corpus,False,2,,0,,2,,"durch einen Commissarium des Appella¬ || tions Gerichts zu Kalisch, nehmlich den"
28,1,1856,1857,¬,abge,nommen,abgenommen,join,high,joined form occurs elsewhere in this corpus,False,8,,0,,4,,"Appellations Richter v Lipski abge¬ || nommen, und dem General Mandatario"
28,1,1858,1859,¬,Pru,simska,Prusimska,join,high,joined form occurs elsewhere in this corpus,False,11,,0,,1,,der Frau v Dąbska gebohrnen v Pru¬ || simska Canonico v Jezierski über¬
28,1,1859,1860,¬,über,geben,übergeben,join,high,joined form occurs elsewhere in this corpus,False,21,,305,,195,,simska Canonico v Jezierski über¬ || geben sind.
28,1,1864,1865,¬,kön,nen,können,join,high,joined form occurs elsewhere in this corpus,False,318,,1,,9,,"ich habe dabey nichts weiter thun kön¬ || nen, als daß ich gegen die Abnahme"
28,1,1866,1867,¬,pro,testirte,protestirte,join,held,"held: a real word broken at the line end; the joined form is a period, Latin or name spelling the evidence does not know (checked 2026-09-28)",False,0,11,42,11507756,1,0,"durch ein eingereichtes Vorstellen pro¬ || testirte und auch darauf beriefe, daß"
28,1,1868,1869,¬,Jnn,halt,Jnnhalt,join,high,head is not a word on its own,False,0,0,0,94,6,,diese Handlung gegen den klaren Jnn¬ || halt des Tilsiter Friedens laufe
28,2,1871,1872,¬,Ma,jestät,Majestät,join,high,joined form occurs elsewhere in this corpus,False,85,,1,,3,,nach welchem alle Verpflichtungen Sr Ma¬ || jestät des Königs von Preußen auf recht
28,2,1879,1880,¬,Pro,testation,Protestation,join,high,joined form occurs elsewhere in this corpus,False,4,,42,,1,,zt habe ich Ew Durchlaucht durch eine Pro¬ || testation alle übrigen Rechte an diese
28,2,1883,1884,¬,be,sten,besten,join,high,joined form occurs elsewhere in this corpus,False,37,,3,,10,,". Hochfürstliche Durchlaucht werden am be¬ || sten wißen was jezt zu thun ist, denn bey"
28,2,1886,1887,¬,Mit,gliedern,Mitgliedern,join,high,"joined form attested in DWDS (12,034,956 hits)",False,0,12034956,1449,,2,," wohl nichts auszurichten, da einigen Mit¬ || gliedern Güther confiscirt sind, also"
28,2,1889,1890,¬,Durch,laucht,Durchlaucht,join,high,joined form occurs elsewhere in this corpus,False,1523,,522,,42,,Demnächst sind Ew. Hochfürstliche Durch¬ || laucht wieder in 2[?]. Prozeße verwickelt
28,2,1892,1893,¬,Iwan,ski,Iwanski,join,high,joined form occurs elsewhere in this corpus,False,1,,0,,1,,In dem ersten fordert der Probst Iwan¬ || ski und Kuchary den Decem von Swię¬
28,2,1893,1894,¬,Swię,cia,Swięcia,join,high,joined form occurs elsewhere in this corpus,False,22,,0,,1,,"ski und Kuchary den Decem von Swię¬ || cia, welchen Prozeß er zu Preußischer"
28,3,1898,1899,¬,Mar,tin,Martin,join,high,joined form occurs elsewhere in this corpus,False,1,,4,,4,,m zweiten Prozeße fordert der Pächter Mar¬ || tin v. Otocki als Cessionarius des Constan
28,3,1903,1904,¬,Entschädi,gung,Entschädigung,join,high,joined form occurs elsewhere in this corpus,False,9,,0,,4,,"Pacht Contract, circa 7000 rtl. Entschädi¬ || gung, weil derselbe nicht erfüllt worden."
28,3,1905,1906,¬,die,serhalb,dieserhalb,join,high,"joined form attested in DWDS (1,430 hits)",False,0,1430,4593,,2,,l ich in Erfahrung bringen können ist die¬ || serhalb in Breslau ein gerichtlicher Vergl
28,3,1916,1917,¬,Je,manden,Jemanden,join,high,joined form occurs elsewhere in this corpus,False,17,,25,,1,,"Durchlaucht in diesen Sachen Vollmacht Je¬ || manden zu ertheilen geruheten, ich wür¬"
28,3,1917,1918,¬,wür,de,würde,join,high,joined form occurs elsewhere in this corpus,False,333,,1,,20,,"manden zu ertheilen geruheten, ich wür¬ || de allenfalls dem Mandatario assistiren"
29,1,1939,1940,¬,unter,stehen,unterstehen,join,high,joined form occurs elsewhere in this corpus,False,2,,130,,94,,"n wieder in Breslau seyn werden, so unter¬ || stehen mich hiermit gehorsamst zu bitten, "
30,1,1965,1966,¬,Bewa,chung,Bewachung,join,high,"joined form attested in DWDS (38,642 hits)",False,0,38642,0,,2,," wenn ich nicht unter Franz-strenger Bewa¬ || chung arretirt gewesen wäre. Ein Schiksal,"
30,1,1966,1967,¬,ver,dient,verdient,join,high,joined form occurs elsewhere in this corpus,False,8,,2,,5,,"wesen wäre. Ein Schiksal, was ich nie ver¬ || dient habe, und was meine bürgerliche Exis"
30,1,1975,1976,¬,Bevollmäch,tigter,Bevollmächtigter,join,high,joined form occurs elsewhere in this corpus,False,6,,0,,1,,"n sollten, bis ich als General Bevollmäch¬ || tigter des Herrn Fürsten zu Hohenlohe, säm"
30,1,1979,1980,¬,bey,nahe,beynahe,join,high,joined form occurs elsewhere in this corpus,False,2,,455,,18,,hande über diesen Vorfall hätten mich bey¬ || nahe zu den verzweifelsten Entschluß gebra
30,1,1980,1981,¬,rük,ständigen,rükständigen,join,high,joined form occurs elsewhere in this corpus,False,7,,3,,2,,"erzweifelsten Entschluß gebracht, die rük¬ || ständigen Zinsen betrügen von 2 Jahren 500"
30,1,1985,1986,¬,Schuld,ner,Schuldner,join,high,joined form occurs elsewhere in this corpus,False,4,,69,,4,," allen Juristen, daß ich nicht der Schuld¬ || ner sey. Ich zeigte das gerichtliche Instr"
30,3,2033,2034,¬,Ge,währung,Gewährung,join,high,"joined form attested in DWDS (198,692 hits)",False,0,198692,16,,1,,"zuverſichtlichen Hofnung ſehr baldiger Ge¬ || währung, meiner überaus dringenden Bitte"
31,1,2059,2060,¬,ver,pfändete,verpfändete,join,high,joined form occurs elsewhere in this corpus,False,2,,2,,1,,"mir dadurch helfen kan, indem ich die ver¬ || pfändete Hypotheque von 10000 rt zurück er"
31,2,2091,2092,¬,Ge,neral,General,join,high,joined form occurs elsewhere in this corpus,False,112,,16,,3,, den Honrichs und fordern lezteren die Ge¬ || neral Vollmacht sogleich mit dem Bemerken 
31,3,2116,2117,¬,be,durf,bedurf,join,held,"held: a real word broken at the line end; the joined form is a period, Latin or name spelling the evidence does not know (checked 2026-09-28)",False,0,35,3,105863,1,177,daß es nur der Cedirung der Hypotheque be¬ || durf und daß es sehr leicht hierin zu hand
31,3,2139,2140,¬,da,rauf,darauf,join,high,joined form occurs elsewhere in this corpus,False,132,,451,,5,,Schein — wie mir dünckt hat Glenck da¬ || rauf den Haucht und Consorten eintragen
32,1,2178,2179,¬,schrei,ben,schreiben,join,high,joined form occurs elsewhere in this corpus,False,327,,0,,9,,tliche Durchlaucht höchst verehrte schrei¬ || ben vom 23. v. M. erwiedern ich ganz gehor
32,1,2182,2183,¬,die,ser,dieser,join,high,joined form occurs elsewhere in this corpus,False,280,,4593,,2,,chon seit 2 Jahren erhalten haben. In die¬ || ser sind nur die Trąbczyner Revenuen in Ab
32,1,2205,2206,¬,Hypo,thequen,Hypothequen,join,high,joined form occurs elsewhere in this corpus,False,17,,0,,1,,"en auf die beträchtliche Güther laut Hypo¬ || thequen Schein, und Gerichtliche Instrumen"
32,1,2211,2212,¬,über,nommen,übernommen,join,high,joined form occurs elsewhere in this corpus,False,10,,305,,4,,aliden Casse so der Jude Oppenheimer über¬ || nommen und nicht bezalt hat. 50000 rt
32,2,2225,2226,¬,Invali,den,Invaliden,join,high,joined form occurs elsewhere in this corpus,False,99,,0,,2764,,er Jude wieder den 50000 rt an der Invali¬ || den Casse noch einweiger der Zinsen bezalt
32,2,2227,2228,¬,Durch,laucht,Durchlaucht,join,high,joined form occurs elsewhere in this corpus,False,1523,,522,,42,,"es fallen die 11,200 rt weg und Ewr Durch¬ || laucht zu gute."
32,2,2235,2236,-,Hypothequen,Scheine,HypothequenScheine,split,high,joined form unattested; both halves are real words,False,0,0,17,0,12,412364,bogenen Gerichtl: attestirten Hypothequen- || Scheine besagen zwar im Anfang noch die Ca
32,2,2246,2247,¬,Durch,laucht,Durchlaucht,join,high,joined form occurs elsewhere in this corpus,False,1523,,522,,42,,lten können — weil sie jezt mit Ew. Durch¬ || laucht selbst sich in Correspondenz gesezt
32,2,2257,2258,¬,durch,laucht,durchlaucht,join,high,joined form occurs elsewhere in this corpus,False,1523,,522,,42,,"r Geschichte betrifft, so haben Ewr durch¬ || laucht eben so wie ich geantwortet, indes "
32,3,2260,2261,¬,abge,laufen,abgelaufen,join,high,joined form occurs elsewhere in this corpus,False,4,,0,,9,, bestimmte Edictions Zeit auch sehen abge¬ || laufen war. Schlüsslich muß ich hier noch 
32,3,2262,2263,¬,Hy,potheque,Hypotheque,join,high,joined form occurs elsewhere in this corpus,False,54,,0,,2,,"nd ein Capital von 200000. rt. auf die Hy¬ || potheque aus Holland, durch ein paar sich "
32,3,2266,2267,¬,allerbal,digste,allerbaldigste,join,high,joined form occurs elsewhere in this corpus,False,3,,0,,1,,"ehen so geruhen, der wir auf das allerbal¬ || digste zu Schreiben, damit ich mich hier a"
32,3,2268,2269,¬,Ver,ehrung,Verehrung,join,high,joined form occurs elsewhere in this corpus,False,31,,2,,3,,rdru's mache. Mit der unbegränzsteter Ver¬ || ehrung und der tiefsten Hochachtung verhar
33,1,2285,2286,¬,gera,des,gerades,join,high,joined form occurs elsewhere in this corpus,False,1,,0,,746,,rwundet. Ich hoffe das Geld auf mein gera¬ || des Angesicht zu erhalten. Nur bitte ich E
33,1,2286,2287,¬,so,gleich,sogleich,join,high,joined form occurs elsewhere in this corpus,False,111,,1512,,132,,"h Ewr Durchlaucht die Banko Acarnisung so¬ || gleich von Eysenhardt zurük zu fordern, ic"
33,1,2298,2299,¬,ge,fährlich,gefährlich,join,high,joined form occurs elsewhere in this corpus,False,4,,16,,2,,"n darüber einen Vorwurf machen, es ist ge¬ || fährlich. Ich beziehe mich in allen auf me"
33,2,2303,2304,¬,ge,ändert,geändert,join,high,joined form occurs elsewhere in this corpus,False,3,,16,,3,,"ißen hat sich die Sache dort um nichts ge¬ || ändert, es sey der daß Ihre neu creirten u"
33,2,2304,2305,¬,bevoll,mächtigten,bevollmächtigten,join,high,joined form occurs elsewhere in this corpus,False,3,,0,,1,,eu creirten und vielfachen General bevoll¬ || mächtigten Cancellaria gemacht — 8 Gott gn
33,2,2316,2317,¬,ge,winnen,gewinnen,join,high,joined form occurs elsewhere in this corpus,False,33,,16,,1,, Gedanken gehabt dabey nicht denier zu ge¬ || winnen. Es war blos der Stolz sie aus alle
33,3,2352,2353,¬,abman,Können,abmanKönnen,join,high,head is not a word on its own,False,0,0,0,8,318,,"chreiben, die Antwort will ich noch abman¬ || Können sie das Geld auf der Art dort erhal"
34,1,2377,2378,¬,ir,gend,irgend,join,high,joined form occurs elsewhere in this corpus,False,35,,1,,1,," erhielt ich weder Geld, Nachweis oder ir¬ || gend eine Sylbe Rechnung — da Schmid todt "
34,2,2402,2403,¬,Ge,nesung,Genesung,join,high,joined form occurs elsewhere in this corpus,False,1,,16,,1,, die Berichtigung deßen viel zu meiner Ge¬ || nesung beiträgt. — Noch mehr aber wenn ich
34,2,2414,2415,¬,ge,schildert,geschildert,join,high,joined form occurs elsewhere in this corpus,False,6,,16,,2,," Ewr Durchlaucht Nutzen geschehen kan, ge¬ || schildert — auf allen diesen aber habe ich"
35,1,2426,2427,¬,Ame,lang,Amelang,join,high,joined form occurs elsewhere in this corpus,False,54,,0,,12,,"ath Meyer an den Hn. Geh[eimen]. Rath Ame¬ || lang erlaßen haben, haben mein zumres ersc"
35,1,2427,2428,¬,ver,wehrt,verwehrt,join,high,"joined form attested in DWDS (324,313 hits)",False,0,324313,2,,5,,"d meine Cörperliche Leiden dergestalt ver¬ || wehrt, daß ich meine völlige Herstellung w"
35,1,2431,2432,¬,acklärk,noch,acklärknoch,join,high,head is not a word on its own,False,0,0,0,0,890,,"1?]/4 Jahren für Null und nichtig acklärk¬ || noch heute Summen an, und H. p. Meyer sagt"
35,2,2450,2451,¬,Ame,lang,Amelang,join,high,joined form occurs elsewhere in this corpus,False,54,,0,,12,,"t Herr, Meyer an den Geh[eimen]. Rath Ame¬ || lang in einen drohenden Styl und weiset au"
35,2,2451,2452,¬,un,Der,unDer,join,high,"joined form attested in DWDS (36,875 hits)",False,0,36875,2,,3856,,"rmherzigkeit für mich — 1600 rt an die un¬ || Der G. Rath, meinen Gelde durch den Königl"
35,2,2452,2453,¬,ver,pfändet,verpfändet,join,high,joined form occurs elsewhere in this corpus,False,5,,2,,1,," Bank an der ich dafür mein Eigenthum ver¬ || pfändet, und meinen Wechsel gegeben auszah"
35,2,2454,2455,¬,An,Gelegenheiten,AnGelegenheiten,join,high,joined form occurs elsewhere in this corpus,False,56,,1008,,2,,ch werde von Marcul in den wichtigsten An¬ || Gelegenheiten hierher geschickt — ich soll
35,2,2463,2464,¬,aufzu,treiben,aufzutreiben,join,high,joined form occurs elsewhere in this corpus,False,9,,0,,15,,edliche Minister v Zastrow das Geld aufzu¬ || treiben und zu bezahlen. Die Zinsen Betrug
35,2,2470,2471,¬,aufzu,treiben,aufzutreiben,join,high,joined form occurs elsewhere in this corpus,False,9,,0,,15,,l und hölle aufgeboten nun das Geld aufzu¬ || treiben. Es ist aber bey diesen schweren Z
35,3,2493,2494,¬,ver,schaffen,verschaffen,join,high,joined form occurs elsewhere in this corpus,False,13,,2,,50,,"ten, und mir Geld zur Reise nach Wien ver¬ || schaffen. Sodann bitte ich eben so dringen"
35,3,2495,2496,¬,retradio,weil,retradioweil,join,high,head is not a word on its own,False,0,0,0,0,193,, die Banke Anweisung auf 6000 rt retradio¬ || weil sie Eysenhardt bey ihm originaliter d
35,3,2498,2499,¬,aufge,tragene,aufgetragene,join,high,"joined form attested in DWDS (28,146 hits)",False,0,28146,2,,1,,"ieder frey werde, um die mir allgst aufge¬ || tragene Geschäfte, wan meine Gesundheit, d"
36,1,2532,2533,¬,freund,schaftl,freundschaftl,join,held,"held: a real word broken at the line end; the joined form is a period, Latin or name spelling the evidence does not know (checked 2026-09-28)",False,0,86,90,8483973,1,334,als gut und unſern freund¬ || schaftl. Verhältnissen angemessen
36,2,2566,2567,¬,her,rührende,herrührende,join,held,"held: a real break, confirmed by the editor on the scan (2026-09-28)",False,0,8346,64,,2,,eine von frühere Zeiten her¬ || rührende Schuld zu Arran¬
36,2,2567,2568,¬,Arran,giren,Arrangiren,join,high,joined form occurs elsewhere in this corpus,False,1,,0,,2,,rührende Schuld zu Arran¬ || giren. So ſehr mich dieſes
36,3,2607,2608,¬,unbedeut,licher,unbedeutlicher,join,high,head is not a word on its own,False,0,0,0,7,1,,"thal ich um so unbedeut¬ || licher, als ich, wie Ewg"
36,6,2704,2705,¬,viel,mehr,vielmehr,join,high,joined form occurs elsewhere in this corpus,False,14,,302,,272,,"zu wollen, da ich Ihnen viel¬ || mehr für dasjenigen, was"
36,6,2723,2724,¬,Anhänglich,keit,Anhänglichkeit,join,high,joined form occurs elsewhere in this corpus,False,16,,0,,10,,"die Stärke meiner Anhänglich¬ || keit an Sie dazu, auch zu"
36,7,2741,2742,¬,Ver,nehmen,Vernehmen,join,high,joined form occurs elsewhere in this corpus,False,3,,2,,128,,Er. v. Stein nicht in den besten Ver¬ || nehmen stehen; Ich muß
36,8,2770,2771,¬,expu,besucht,expubesucht,join,high,head is not a word on its own,False,0,0,0,0,3,,anderes Mittel als einer expu¬ || besucht v. Ew p. hier biß nur
40,1,2926,2927,¬,ge,antwortet,geantwortet,join,high,joined form occurs elsewhere in this corpus,False,13,,16,,8,,"uf jedem höchst dero Schreiben prompte ge¬ || antwortet, sondern auch noch mehrere Brief"
41,2,3025,3026,¬,ge,macht,gemacht,join,high,joined form occurs elsewhere in this corpus,False,121,,16,,82,,"hreitet, ich habe zu oft die Bemerkung ge¬ || macht daß der, der zulezt spricht bey den "
41,4,3071,3072,¬,ge,schrieben,geschrieben,join,high,joined form occurs elsewhere in this corpus,False,61,,16,,6,,"n sind wie ich Ewr Durchlaucht vorhero ge¬ || schrieben bestens eingeleitet, das Französ"
42,1,3111,3112,¬,Kö,nigsberg,Königsberg,join,high,joined form occurs elsewhere in this corpus,False,25,,4,,1,,"würken, um dan von hier über Wien nach Kö¬ || nigsberg zurück zu kehren."
42,1,3113,3114,¬,franzö,ſiſche,franzöſiſche,join,high,joined form occurs elsewhere in this corpus,False,14,,0,,3,,riff war von hier abzureisen durch franzö¬ || ſiſche Gensdarmerie auf Befehl des Er Gen[
42,2,3135,3136,¬,de,kung,dekung,join,high,joined form occurs elsewhere in this corpus,False,1,,20,,1,,ats Papiere gegen 6 pct Zinsen die zur de¬ || kung eingelegt und dafür das Zastrowsche P
42,2,3137,3138,¬,Staats,Papiere,StaatsPapiere,join,high,"joined form attested in DWDS (12,643 hits)",False,0,12643,71,,53,,"löset wurden — Coste hatte mir die Staats¬ || Papiere mit der Condition gegeben, daß ich"
42,5,3212,3213,¬,Sequestra,tion,Sequestration,join,high,joined form occurs elsewhere in this corpus,False,40,,0,,6,,er sonst in Zagorowo verhängten Sequestra¬ || tion habe ich die gehörigen Protestationen
42,6,3217,3218,¬,prore,netica,prorenetica,join,high,head is not a word on its own,False,0,0,0,16,1,,siren laße — den er rechnet sich prore[?]¬ || netica und Gott weiß was an — Er giebt vor
42,7,3244,3245,¬,ver,spricht,verspricht,join,high,joined form occurs elsewhere in this corpus,False,22,,2,,15,, der Retour des Postes vom Petersburg ver¬ || spricht man sich einen guten Ausgang — Ob 
43,2,3305,3306,¬,aufge,sucht,aufgesucht,join,high,joined form occurs elsewhere in this corpus,False,1,,2,,11,,"t, daß ich auch hier von Lahr nicht aufge¬ || sucht werde — drückt mich zu boden, ich ka"
44,1,3348,3349,¬,Gouver,nement,Gouvernement,join,high,joined form occurs elsewhere in this corpus,False,8,,0,,3,,"dabey wenig, weil das Französische Gouver¬ || nement diese Gelder aus dem Zagorower Güte"
44,2,3367,3368,¬,Fran,zöſiſche,Franzöſiſche,join,high,joined form occurs elsewhere in this corpus,False,14,,0,,1,,"utions und andern Kosten, welche die Fran¬ || zöſiſche Gens d’armerie die ich hier Fütte"
45,2,3417,3418,¬,Seiten,wand,Seitenwand,join,high,"joined form attested in DWDS (73,270 hits)",False,0,73270,43,,1,,"eite und dicke sein muß daß es zum Seiten¬ || wand beschlagen, paßt / d 1ten May d Jahre"
45,2,3426,3427,¬,abzu,schließen,abzuschließen,join,high,joined form occurs elsewhere in this corpus,False,8,,0,,10,,"ft zu entgehen den Contract für 4 rt abzu¬ || schließen um Geld, das jezt über alle Maaß"
47,1,3509,3510,¬,dor,tigen,dortigen,join,high,joined form occurs elsewhere in this corpus,False,7,,0,,5,,Und diese zu berichtigen habe ich die dor¬ || tigen Menschen auf der Seele gebunden. Ich
47,1,3510,3511,¬,sel,bige,selbige,join,high,joined form occurs elsewhere in this corpus,False,50,,1,,1,,eele gebunden. Ich bin auch gewis daß sel¬ || bige bis zu dieser Zeit schon berichtiget 
47,1,3520,3521,¬,vorgeschoß,Intressen,vorgeschoßIntressen,join,high,head is not a word on its own,False,0,0,0,0,41,,"al Gouvernement befahl mir die vorgeschoß¬ || Intressen, die man aus Irrthum durch Milit"
47,5,3619,3620,¬,ohn,möglich,ohnmöglich,join,high,joined form occurs elsewhere in this corpus,False,3,,2,,79,,"en, Aber Hindernißen die ich sogleich ohn¬ || möglich beseitigen kan, verstatten es nich"
48,1,3654,3655,¬,ver,klagen,verklagen,join,high,joined form occurs elsewhere in this corpus,False,6,,2,,17,,"den Oppenheimer et Wolff in Kalisz zu ver¬ || klagen, und sogleich auf die Löschung der "
48,2,3690,3691,¬,Prae,tensionen,Praetensionen,join,high,joined form occurs elsewhere in this corpus,False,4,,0,,1,,orbenen ehedem formirten ungerechten Prae¬ || tensionen zu wiederlegen.
48,2,3693,3694,¬,vor,allen,vorallen,join,high,"joined form attested in DWDS (1,659 hits)",False,0,1659,296,,161,, vermöge der Obligation von 250000 rt vor¬ || allen Gläubigern ein Recht habe ein Wort m
50,1,3750,3751,¬,Zagoro,wer,Zagorower,join,high,joined form occurs elsewhere in this corpus,False,51,,0,,31,,Majestät aus selbiger auf meine Zagoro¬ || wer ein Herzogthum Warschau belegen Guter 
50,1,3756,3757,¬,Ver,waltung,Verwaltung,join,high,joined form occurs elsewhere in this corpus,False,1,,2,,1,,ouvernement sich zu eben der Zeit die Ver¬ || waltung der Invaliden Casse angemaßt
50,1,3758,3759,¬,Gouver,nement,Gouvernement,join,high,joined form occurs elsewhere in this corpus,False,8,,0,,3,,"hatte, so erzwang gedachtes Gouver¬ || nement durch Arrest und Militarischen"
50,1,3764,3765,¬,ausge,stellten,ausgestellten,join,high,"joined form attested in DWDS (184,034 hits)",False,0,184034,0,,1,,em General Lieut[enant]: v. Zastrow ausge¬ || stellten Solidarischen Wechsel von dem
50,1,3779,3780,¬,Trieben,feld,Triebenfeld,join,high,joined form occurs elsewhere in this corpus,False,332,,2,,8,,"t, worauf er nun dermalen den von Trieben¬ || feld mit harter Execution bedroht."
50,2,3782,3783,¬,Trieben,feld,Triebenfeld,join,high,joined form occurs elsewhere in this corpus,False,332,,2,,8,, nicht zugeben kan daß der p. vom Trieben¬ || feld im dieser Sache die mir allein
51,2,3843,3844,¬,Wäde,Ich,WädeIch,join,high,head is not a word on its own,False,0,0,0,66,4497,," 3 Wochen vergehen, wie der Rauch in Wäde¬ || Ich denke ich werde den Muße haben zu reis"
52,1,3877,3878,¬,Ma,Jestät,MaJestät,join,high,joined form occurs elsewhere in this corpus,False,85,,1,,3,,eiben habe ich nebst den Beilagen Ihro Ma¬ || Jestät der Königin überreicht was Allerhöc
52,1,3895,3896,-,Juni,Mein,JuniMein,split,high,joined form unattested; both halves are real words,False,0,0,2,10687482,257,0,"eträfen, raisonnirt werden ſoll. Die Juni- || Mein Aufenthalts hier kan ich noch nicht b"
53,1,3912,3913,¬,Ange,legenheit,Angelegenheit,join,high,joined form occurs elsewhere in this corpus,False,24,,0,,4,,"erwiedern ich, daß in der Erbschafts Ange¬ || legenheit noch keine Resolution gegeben wo"
53,1,3927,3928,¬,be,treibt,betreibt,join,high,joined form occurs elsewhere in this corpus,False,3,,3,,4,,"ache beßer, wie Ewr Durchlaucht selbst be¬ || treibt, mit Weißheit leitet und mit dem Sc"
53,2,3952,3953,¬,Unter,handlungen,Unterhandlungen,join,high,joined form occurs elsewhere in this corpus,False,5,,130,,11,,s sich auf die proponirten Friedens Unter¬ || handlungen nicht einlaßen kan —
54,1,3982,3983,¬,abge,liefert,abgeliefert,join,high,joined form occurs elsewhere in this corpus,False,7,,0,,2,,"ntner Eysen erst Ende May bis Oppeln abge¬ || liefert werden, sollen hat mich ganz niede"
54,1,3983,3984,¬,ver,sprochen,versprochen,join,high,joined form occurs elsewhere in this corpus,False,30,,2,,4,,ich ganz niedergeschmettert. Ich habe ver¬ || sprochen das Eysen schon den 1ten May in B
54,1,3993,3994,¬,zum,ten,zumten,join,held,"held: a real word broken at the line end; the joined form is a period, Latin or name spelling the evidence does not know (checked 2026-09-28)",False,0,0,202,128575178,486,295388,"n und 300 Cente Schien Eysen / bis zum 23¬ || ten Apprill in Boyadel habe, damit ich es "
54,2,4003,4004,¬,abgeschlos,ich,abgeschlosich,join,high,head is not a word on its own,False,0,0,0,139,4497,, ist mit Michaelis gerichtlich abgeschlos¬ || ich wäre sehr elend und mehr als übel dran
54,3,4027,4028,¬,Contra,hirte,Contrahirte,join,high,joined form occurs elsewhere in this corpus,False,2,,0,,1,,man nur die Zinsen berichtigen neu Contra¬ || hirte die nach ertheilung des Gen Morat. a
54,3,4041,4042,¬,Gouver,nement,Gouvernement,join,high,joined form occurs elsewhere in this corpus,False,8,,0,,3,," mir von dem Französischen General Gouver¬ || nement assignirte 4000 rt, den haben Sie d"
55,1,4088,4089,¬,öf,fentlich,öffentlich,join,high,joined form occurs elsewhere in this corpus,False,4,,0,,1,,"schreiber, hat vor etwan 3 Wochen hier öf¬ || fentlich erzählt —"
55,2,4098,4099,¬,Ver,sicherung,Versicherung,join,high,joined form occurs elsewhere in this corpus,False,31,,2,,2,,"chlaßes wahrscheinlich, oder nach der Ver¬ || sicherung des Erblaßers, nicht übersteigen"
55,2,4119,4120,¬,Wra,tislaw,Wratislaw,join,high,joined form occurs elsewhere in this corpus,False,4,,0,,1,,"treiben möchte. weil dadurch der Gräf Wra¬ || tislaw, der mit dem Erz Bischoff von / ich"
55,3,4132,4133,¬,Gebüh,ter,Gebühter,join,high,head is not a word on its own,False,0,0,0,163,8,,"gewähren, auch Reibnitz Gärtner und Gebüh¬ || ter die 150000 rt wieder vom sich geben."
56,1,4208,4209,¬,Kon,stantin,Konstantin,join,high,joined form occurs elsewhere in this corpus,False,4,,1,,1,,in Bewegung zu sezzen — der Grosfürst Kon¬ || stantin ist von Petersburg abgegangen um m
56,1,4212,4213,¬,ab,stempelung,abstempelung,join,high,"joined form attested in DWDS (2,267 hits)",False,0,2267,106,,1,,"arkeres Personale anstellen müßen, die ab¬ || stempelung zu befördern weil die Leute aus"
56,2,4221,4222,¬,Ge,duld,Geduld,join,high,joined form occurs elsewhere in this corpus,False,14,,16,,3,,en und ihm nur noch auf kurze Zeit zur Ge¬ || duld verwiesen.
57,1,4270,4271,¬,be,zahlen,bezahlen,join,high,joined form occurs elsewhere in this corpus,False,152,,3,,93,,cht hin ihm die 3000 rt. und Kosten zu be¬ || zahlen umsomehr als kaum nach Abzug der Ko
57,2,4289,4290,¬,Gene,ral,General,join,high,joined form occurs elsewhere in this corpus,False,112,,0,,1,, entschieden ist Ewr Durchlaucht als Gene¬ || ral Gouverneur von ganz Schlesien gleich a
57,4,4340,4341,¬,verwal,kelt,verwalkelt,join,high,head is not a word on its own,False,0,0,0,589,1,," daß mehrere große in den Complots verwal¬ || kelt sind, weil C dennoch, so gehen es auc"
57,4,4341,4342,¬,arre,tiren,arretiren,join,high,joined form occurs elsewhere in this corpus,False,7,,0,,2,,"gehen es auch gehalten wurde, ihn zu arre¬ || tiren, benachrichtiget war, um das praeven"
58,2,4410,4411,¬,Be,streich,Bestreich,split,high,joined form unattested; both halves are real words,False,0,18,3,105863,5,1432517,"cher schlage, und Rußland macht keinen Be¬ || streich so wird sich von selbst alles gebe"
58,3,4428,4429,¬,her,gestellt,hergestellt,join,high,joined form occurs elsewhere in this corpus,False,9,,64,,14,,"tschluß steht rest — Pohlen soll ganz her¬ || gestellt, und Konstantin, den ein Heer von"
59,1,4478,4479,¬,Seques,tration,Sequestration,join,high,joined form occurs elsewhere in this corpus,False,40,,0,,2,," Intressen bezahlen die verfluchte Seques¬ || tration hier gelaſen, und wieder Herr mein"
59,2,4498,4499,¬,ver,graben,vergraben,join,high,joined form occurs elsewhere in this corpus,False,1,,2,,3,,nd sein Schicksahl im dumpfen Schmerz ver¬ || graben entgegen sehn.
59,3,4528,4529,¬,Be,In,BeIn,join,high,joined form occurs elsewhere in this corpus,False,1,,3,,1917,, das mehrere Herr Bey ist um bleibt am Be¬ || In Ewr Durchlaucht eigenen Angelegenheiten
59,4,4568,4569,¬,angenom,dem,angenomdem,join,high,head is not a word on its own,False,0,0,0,177,1104,,rknirschten Herzen von Lombardini angenom¬ || dem ich soll dem Zoll für Eyßen und Brette
60,2,4608,4609,¬,ver,kaufe,verkaufe,join,high,joined form occurs elsewhere in this corpus,False,4,,2,,4,,beiten für Geld und laße es im Geheim ver¬ || kaufe um mich nicht zu kränken. Dies allei
60,3,4656,4657,¬,Seques,tration,Sequestration,join,high,joined form occurs elsewhere in this corpus,False,40,,0,,2,,sen bezahlte und auf Aufhebung der Seques¬ || tration dränge — Ewig würde ich Ewr Durchl
61,2,4714,4715,¬,un,verschuldet,unverschuldet,join,high,"joined form attested in DWDS (59,881 hits)",False,0,59881,2,,6,,"sten, wenn ich mein Unglück was ich so un¬ || verschuldet leide überdenke."
62,1,4750,4751,¬,ver,sichert,versichert,join,high,joined form occurs elsewhere in this corpus,False,28,,2,,6,,"ich eingegeben habe, und alles darauf ver¬ || sichert ist, ist kein Töpfchen Spiel Euer "
62,1,4751,4752,¬,Ge,Heimniß,GeHeimniß,join,high,"joined form attested in DWDS (2,183 hits)",False,0,2183,16,,1,," Euer Durchlaucht brauche, daraus kein Ge¬ || Heimniß zu machen, den gelingen wird alles"
63,1,4773,4774,¬,Kon,top,Kontop,join,high,joined form occurs elsewhere in this corpus,False,59,,1,,1,,mmen — ich habe zwar einen Pächter zu Kon¬ || top aber ich muß erst 8000 rt. rückständig
63,2,4787,4788,¬,ver,Geblich,verGeblich,join,high,joined form occurs elsewhere in this corpus,False,9,,2,,2,,"emühen Geld von daher zu schaffen war ver¬ || Geblich, das beweiset das Beigehende Decre"
63,2,4788,4789,¬,Hon,richs,Honrichs,join,high,joined form occurs elsewhere in this corpus,False,118,,0,,2,,eigehende Decret: Ich bis zu dem Ende Hon¬ || richs herkommen der eben heute hier einget
63,2,4794,4795,¬,Er,langung,Erlangung,join,high,"joined form attested in DWDS (65,712 hits)",False,0,65712,1278,,1,,"elben einlaßen muß, weil er zur wieder Er¬ || langung der Trąbczyner Güter sehr behülfli"
63,3,4821,4822,¬,getra,und,getraund,join,high,head is not a word on its own,False,0,0,0,156,5311,,ssion übern Hoft[?] an s. v. Kloack getra¬ || und dorten verscharren laßen — Auch daß Ho
63,4,4845,4846,¬,weni,ger,weniger,join,high,joined form occurs elsewhere in this corpus,False,37,,0,,2,,gen den Honrichs weder beweisen noch weni¬ || ger Beschwörz könten.
64,2,4890,4891,¬,Bisch,dorffer,Bischdorffer,join,high,joined form occurs elsewhere in this corpus,False,3,,0,,1,,Abschrift der Landsch. Taxe von den Bisch¬ || dorffer und Molnaer Güter. Leztere sind mi
64,2,4891,4892,¬,for,derung,forderung,join,high,joined form occurs elsewhere in this corpus,False,30,,0,,3,,"figura zeigt Solide, so daß jeder die for¬ || derung des Herrn v Knobelsdorff billig fin"
64,3,4956,4957,¬,Koschen,tin,Koschentin,join,high,joined form occurs elsewhere in this corpus,False,34,,0,,4,,ttirt werden und die Schulden auf Koschen¬ || tin und wo sie sonsten eingetragen stehen 
65,1,5037,5038,¬,an,ders,anders,join,high,joined form occurs elsewhere in this corpus,False,24,,1008,,5,, mich aber so wahr Gott ist jezt nicht an¬ || ders helfen — Aufs Neu Jahr wenn mein Päch
65,2,5052,5053,¬,her,gesandt,hergesandt,join,high,joined form occurs elsewhere in this corpus,False,2,,64,,32,,das allerbaldigste Franco bis Boyadel her¬ || gesandt werden. Ich zahle dann laut den be
65,3,5096,5097,¬,Arran,gemente,Arrangemente,join,held,"held: a real word broken at the line end; the joined form is a period, Latin or name spelling the evidence does not know (checked 2026-09-28)",False,0,16,0,3100,1,0,— hier noch abwarten um darnach die Arran¬ || gemente wegen den Umsaz gegen Spiritus zu 
66,4,5193,5194,¬,ver,dungen,verdungen,join,high,joined form occurs elsewhere in this corpus,False,1,,2,,1,," Centy ist bis Boyadel a 10 gg. münze ver¬ || dungen, thut für 1000 Centz 416 rt. 16 g. "
67,2,5276,5277,¬,ge,ſichert,geſichert,join,high,joined form occurs elsewhere in this corpus,False,5,,16,,6,, als wodurch Ewer durchlaucht Anrechte ge¬ || ſichert worden. Wie ich glaube haben die H
67,3,5284,5285,¬,An,gelegenheiten,Angelegenheiten,join,high,joined form occurs elsewhere in this corpus,False,56,,1008,,2,,"hier mit der Wittwen Casse wegen meine An¬ || gelegenheiten aufs Reine bin, den komme ic"
67,3,5299,5300,¬,ver,längert,verlängert,join,high,joined form occurs elsewhere in this corpus,False,2,,2,,1,,"eral Moratorium wäre bis Johanni 1810 ver¬ || längert, und man sage es solle nach einem "
68,3,5409,5410,¬,Schlawen,schitz,Schlawenschitz,join,high,joined form occurs elsewhere in this corpus,False,66,,1,,4,,nden haben Sie die Estaffette im Schlawen¬ || schitz. Sie schicken gleich jemanden mit d
70,3,5510,5511,¬,ge,schehen,geschehen,join,high,joined form occurs elsewhere in this corpus,False,97,,16,,3,,es mündlich noch mit mehrere Nachdruck ge¬ || schehen. — Rochad meint es mit Ewr Durchla
71,2,5558,5559,¬,an,noch,annoch,join,high,joined form occurs elsewhere in this corpus,False,2,,1008,,890,,Die Pohlinische Sachen werden sehr an¬ || noch zähle ich besonders
72,1,5570,5571,¬,Nachrich,ten,Nachrichten,join,high,joined form occurs elsewhere in this corpus,False,45,,0,,486,,uletzt mir gütigst mitgetheilten Nachrich¬ || ten zufolge habe ich seit Empfang derselbe
72,1,5573,5574,¬,entge,gengesehen,entgegengesehen,join,high,"joined form attested in DWDS (37,345 hits)",False,0,37345,0,,1,,"ten Ankunft mit dem H. v. Brzechffa entge¬ || gengesehen, und lange Zeit mit solcher Gew"
72,1,5574,5575,¬,ge,rechnet,gerechnet,join,high,joined form occurs elsewhere in this corpus,False,18,,16,,9,,"ange Zeit mit solcher Gewißheit darauf ge¬ || rechnet, daß ich darüber das ganze Tausch "
72,1,5581,5582,¬,Ver,pachtungsprojekt,Verpachtungsprojekt,join,held,"held: a real word broken at the line end; the joined form is a period, Latin or name spelling the evidence does not know (checked 2026-09-28)",False,0,0,2,0,1,0,"anders als glauben kann, daß sich das Ver¬ || pachtungsprojekt mit dem H. v Brzechffa, w"
72,1,5582,5583,¬,Hoch,Wohlgebohren,HochWohlgebohren,join,high,joined form occurs elsewhere in this corpus,False,53,,22,,3,,"t mit dem H. v Brzechffa, welches Ew Hoch¬ || Wohlgebohren unter der Bedingung meiner na"
72,1,5588,5589,¬,entschei,denden,entscheidenden,join,high,"joined form attested in DWDS (3,876,857 hits)",False,0,3876857,0,,1,,"Besitzungen endlich einmal einen entschei¬ || denden Entschluß zu fassen, sind es, welch"
72,1,5592,5593,¬,Hochwohl,gebohren,Hochwohlgebohren,join,high,joined form occurs elsewhere in this corpus,False,53,,3,,3,,üter zu ertheilen. Ich glaube Ew Hochwohl¬ || gebohren durch meine Handlungsweise jederz
72,1,5593,5594,¬,un,zweideutige,unzweideutige,join,high,"joined form attested in DWDS (18,086 hits)",False,0,18086,2,,1,, meine Handlungsweise jederzeit solche un¬ || zweideutige Beweise von Nachgiebigkeit und
72,1,5596,5597,¬,Ver,hältnissen,Verhältnissen,join,high,joined form occurs elsewhere in this corpus,False,1,,2,,1,,"en uns bestehenden freundschaftlichen Ver¬ || hältnissen nur immer verlangen könnten, we"
72,2,5600,5601,¬,Ge,duld,Geduld,join,high,joined form occurs elsewhere in this corpus,False,14,,16,,3,,"lles erschöpft zu haben, was Ihnen die Ge¬ || duld Nachsicht und Achtung eines Freundes "
72,2,5606,5607,¬,Schwie,persohnen,Schwiepersohnen,join,high,head is not a word on its own,False,0,0,0,512,1,,"gen dazu habe. Mit meinem Sohn und Schwie¬ || persohnen, welche nur kurze Zeit bei mir z"
72,2,5609,5610,¬,ge,troffen,getroffen,join,high,joined form occurs elsewhere in this corpus,False,5,,16,,1,,"nd thun ließ, wegen meines Arrangemens ge¬ || troffen, und es hängt dies größentheils mi"
72,2,5623,5624,¬,Thätig,keit,Thätigkeit,join,high,joined form occurs elsewhere in this corpus,False,3,,7,,10,,hlgeb. werden mit der Ihnen eignen Thätig¬ || keit und Geschaftskunde zu der Ausführung 
72,3,5640,5641,¬,Trąb,czyner,Trąbczyner,join,high,joined form occurs elsewhere in this corpus,False,61,,0,,1,,esenheit in Warschau sich für meinen Trąb¬ || czyner Prozeß intercediren wolle; es würde
72,3,5643,5644,¬,gü,tigen,gütigen,join,high,"joined form attested in DWDS (52,074 hits)",False,0,52074,1,,5,,"wenn Ew H. mir jetzt den Erfolg seiner gü¬ || tigen Bemühungen melden konnten, darinkeit"
72,3,5655,5656,¬,häu,fen,häufen,join,high,joined form occurs elsewhere in this corpus,False,2,,0,,2,,kbarkeit gegen dieselben noch mehr zu häu¬ || fen. // Und so wende ich mich denn aus ein
72,4,5663,5664,¬,grö,sten,grösten,join,high,joined form occurs elsewhere in this corpus,False,17,,0,,10,,"chlossen ist, und ohne dies zu seinem grö¬ || sten Nachtheil daran verhindert seyn würde"
72a,1,5681,5682,¬,War,schau,Warschau,join,high,joined form occurs elsewhere in this corpus,False,45,,243,,1,,"efect v. Brzechffa pr Estaffette nach War¬ || schau berufen würden, so schritete der Pla"
72a,2,5690,5691,¬,dispo,niren,disponiren,join,high,joined form occurs elsewhere in this corpus,False,9,,0,,1,,biren oder anderweit über die Güter dispo¬ || niren wollen. Nach unsern Plan will dH v B
72a,2,5702,5703,¬,eingehän,digt,eingehändigt,join,high,head is not a word on its own,False,0,356,0,0,3,, durch den Burgruf von Jarnowski eingehän¬ || digt. Ich muß jezt die im Code Napoleon fe
72a,2,5704,5705,¬,Här,testen,Härtesten,join,high,"joined form attested in DWDS (4,474,644 hits)",False,0,4474644,0,,2,," des Urtels abwarten, um dann mit der Här¬ || testen Execution vorzuschreiten. Vielleich"
72b,1,5759,5760,¬,ent,nehmen,entnehmen,join,high,joined form occurs elsewhere in this corpus,False,7,,0,,128,,"len Ewr Hochfürstliche Durchlaucht zu ent¬ || nehmen geruhen, daß Herr v. Brzechffa erst"
72b,2,5775,5776,¬,sau,berne,sauberne,join,held,"held: a real word broken at the line end; the joined form is a period, Latin or name spelling the evidence does not know (checked 2026-09-28)",False,0,43,0,27474,1,71549,"t, durch einen dritten wurden für die sau¬ || berne Geschäftsmänner 500 # gefordert, wo "
72b,2,5776,5777,¬,her,nehmen,hernehmen,join,high,joined form occurs elsewhere in this corpus,False,13,,64,,128,,"ner 500 # gefordert, wo hätte ich die her¬ || nehmen sollen. Indes hoffe ich nun durch d"
72b,2,5780,5781,¬,ange,meldet,angemeldet,join,high,"joined form attested in DWDS (2,556,573 hits)",False,0,2556573,0,,3,, Bauern haben noch keine Appellation ange¬ || meldet — Sie drohen aber damit — Indes sch
72b,3,5800,5801,¬,ver,lohren,verlohren,join,high,joined form occurs elsewhere in this corpus,False,50,,2,,1,,"von 8000 rt — den Prozeß hat der Bube ver¬ || lohren, er ist mit seiner Forderung jezt g"
72b,3,5807,5808,¬,beizu,treiben,beizutreiben,join,high,joined form occurs elsewhere in this corpus,False,10,,0,,15,,r vorzüglichstes Bemühen zins reste beizu¬ || treiben — der Herr v. Brzechffa wird dabey
72d,1,5860,5861,¬,verschie,dner,verschiedner,join,high,head is not a word on its own,False,0,265,0,824,1,,"dich zu benachrichtigen, daß ich verschie¬ || dner Geschäfte wegen erst den 15t d. M. au"
72d,1,5866,5867,¬,ab,geht,abgeht,join,high,joined form occurs elsewhere in this corpus,False,6,,106,,121,,"gen Kürze der Zeit, da die Gelegenheit ab¬ || geht, kann ich Dir nicht mehr schreiben"
72f,1,5895,5896,¬,Zagoro,wer,Zagorower,join,high,joined form occurs elsewhere in this corpus,False,51,,0,,31,,ete mann wir nach Blizanow daß den Zagoro¬ || wer Gütern eine excibitante Lieferung an G
72f,2,5921,5922,¬,Vergehun,gen,Vergehungen,join,high,head is not a word on its own,False,0,410,0,0,70,,bgerufen und wegen verschiedenen Vergehun¬ || gen in Observation genommen. Ich aber hätt
72f,2,5924,5925,¬,bekom,ich,bekomich,join,high,head is not a word on its own,False,0,0,0,430,4497,,ieber bekam Elend an diesen liegend bekom¬ || ich vor 14 Tagen das ärgste Podogra in bei
72f,3,5948,5949,¬,ver,kauft,verkauft,join,high,joined form occurs elsewhere in this corpus,False,27,,2,,7,," nehmen, bin und Brandwein wird nicht ver¬ || kauft, keiner That mehr einen Groſchen zu "
72f,4,5964,5965,¬,erb,die,erbdie,split,high,joined form unattested; both halves are real words,False,0,0,4,217132,4593,0, Mehrere herinaden mag ich nicht sehr erb¬ || die Noth ist gränzenlos — Ich leide die gr
72f,4,5968,5969,¬,Sequestra,tor,Sequestrator,join,high,head is not a word on its own,False,0,0,0,0,1,,r verlohren wenn sich der Lübl. Sequestra¬ || tor darin erhielt. Sobald diese hause Land
73,1,6009,6010,¬,noth,wendig,nothwendig,join,high,joined form occurs elsewhere in this corpus,False,15,,68,,1,,"int mir zur gehörigen Sicherstellung noth¬ || wendig erfoderlich zu seyn, und bitte ich "
73,2,6033,6034,¬,Ver,zögerung,Verzögerung,join,high,joined form occurs elsewhere in this corpus,False,5,,2,,6,,inen Schritt weiter vorgerückt welche Ver¬ || zögerung theils durch seine schwer erlitte
73,3,6065,6066,¬,Aran,gement,Arangement,join,held,"held: a real break, checked against the original scan (2026-09-28)",False,0,175,0,6354,2,275,ülfe zu verschaffen und ein konettes Aran¬ || gement meiner Angelegenheiten zu erziehlen
74a,1,6116,6117,¬,be,zahlt,bezahlt,join,high,joined form occurs elsewhere in this corpus,False,104,,3,,26,,"e Mittel von demselben diesen Zinsrest be¬ || zahlt zu erhalten sind fruchtlos gewesen, "
74a,1,6121,6122,¬,Compe,tenten,Competenten,join,high,joined form occurs elsewhere in this corpus,False,1,,0,,1,,"llmächtiget, in ihrem Namen bey dem Compe¬ || tenten Herzog Warschauer Tribunal für jezt"
74a,1,6124,6125,¬,Übel,stand,Übelstand,join,high,"joined form attested in DWDS (1,849 hits)",False,0,1849,12,,18,,"erschuldet sind, tritt hier auch der Übel¬ || stand ein, das, besage des unter Bitte der"
74a,1,6130,6131,¬,er,giebt,ergiebt,join,high,joined form occurs elsewhere in this corpus,False,4,,1278,,62,,"tionis, anliegenden Hypothequen Schein er¬ || giebt, daß dem von Triebenfeld zugehörige "
74a,1,6133,6134,¬,gleich,fals,gleichfals,join,high,joined form occurs elsewhere in this corpus,False,1,,132,,9,,"r] O[ber] Landes Gerichts gelegen, gleich¬ || fals mit beträchtlichen Schulden belästet "
74a,2,6152,6153,¬,Maas,gabe,Maasgabe,join,held,"held: a real word broken at the line end; the joined form is a period, Latin or name spelling the evidence does not know (checked 2026-09-28)",False,0,8,1,262894,5,362475,"en Caße, welche Jura Fisci hat, nach Maas¬ || gabe des § 33 Part. 1. Titel 29 der Gerich"
74a,2,6154,6155,¬,rück,ständigen,rückständigen,join,high,joined form occurs elsewhere in this corpus,False,18,,14,,2,,"feld von 50000 tl. Capital und davon rück¬ || ständigen Zinsen zu 5 pct. wird, wenn glei"
74a,2,6158,6159,¬,De,cret,Decret,join,high,joined form occurs elsewhere in this corpus,False,20,,20,,1,,"chrift mit diesem Schreibn eingesandte De¬ || cret der Kalischen Prefectur dargethan, da"
74a,2,6162,6163,¬,ge,bracht,gebracht,join,high,joined form occurs elsewhere in this corpus,False,53,,16,,4,,"m die ganze Sicherheit ihrer Forderung ge¬ || bracht, und da notorisch die Vermögens Ums"
74a,2,6165,6166,¬,Solcher,gestalt,Solchergestalt,join,held,"held: a real word broken at the line end; the joined form is a period, Latin or name spelling the evidence does not know (checked 2026-09-28)",False,0,232,9,0,8,1009219,000 rt. mit Arrest belegt werden; Solcher¬ || gestalt tritt des 2ten Erforderniß eines A
74a,2,6173,6174,¬,Befriedi,gung,Befriedigung,join,high,joined form occurs elsewhere in this corpus,False,14,,0,,4,,"ts dem von Triebenfeld zu seiner Befriedi¬ || gung überlaßen haben, fundirt. Beide der F"
74d,1,6237,6238,¬,vorge,stellt,vorgestellt,join,high,"joined form attested in DWDS (6,400,337 hits)",False,0,6400337,1,,1,,"acken vermachte Legat von 80000 rt. vorge¬ || stellt und zu verfügen gebeten hat, solche"
74d,1,6238,6239,¬,anlie,genden,anliegenden,join,high,joined form occurs elsewhere in this corpus,False,3,,0,,2,,wir demselben aus der Abschriftlich anlie¬ || genden Vorstellung vom 30ten V. M. zu erse
74d,1,6241,6242,¬,In,struction,Instruction,join,high,joined form occurs elsewhere in this corpus,False,7,,1917,,1,,", und zu deßen Rechtfertigung auch zur In¬ || struction der Sache einen Termin auf den 2"
74d,1,6244,6245,¬,Cammer,gericht,Cammergericht,join,high,joined form occurs elsewhere in this corpus,False,1,,30,,31,,"iermit sich zur bestimmten Zeit im Cammer¬ || gericht in Person, oder durch einen der be"
74d,1,6251,6252,¬,be,sonders,besonders,join,high,joined form occurs elsewhere in this corpus,False,87,,3,,1,,"er Haupt — doch in der Arrest — Sache, be¬ || sonders wenn derselbe die Aufhebung des Ar"
74d,1,6252,6253,¬,ver,langen,verlangen,join,high,joined form occurs elsewhere in this corpus,False,12,,2,,11,,"ng des Arrestes etwa gegen Bürgschaft ver¬ || langen solte, gütliche Handlung zu pflegen"
75,3,6312,6313,¬,Nach,richt,Nachricht,join,high,joined form occurs elsewhere in this corpus,False,76,,876,,4,,ist wie der retournirte Expresse die Nach¬ || richt von Gravenitz bringt nicht zu Hause 
76,1,6332,6333,¬,Hoch,Fürstliche,HochFürstliche,join,high,joined form occurs elsewhere in this corpus,False,275,,22,,6,, theilhaftig zu werden hoffe ist Ewr Hoch¬ || Fürstliche Durchlaucht Gesund wiederzusehe
76,1,6333,6334,¬,Hoch,denenselben,Hochdenenselben,join,held,"held: a real word broken at the line end; the joined form is a period, Latin or name spelling the evidence does not know (checked 2026-09-28)",False,0,0,22,31455850,31,45,laucht Gesund wiederzusehen und mich Hoch¬ || denenselben Persöhnlich zu Füßen legen zu 
76,1,6334,6335,¬,wo,bey,wobey,join,high,joined form occurs elsewhere in this corpus,False,13,,209,,455,," Persöhnlich zu Füßen legen zu können, wo¬ || bey ich den, den treueſten Bericht vom meh"
77,2,6376,6377,¬,Ver,legenheit,Verlegenheit,join,high,joined form occurs elsewhere in this corpus,False,6,,2,,4,, ich zugleich auch damit man nicht in Ver¬ || legenheit komt und dem Guten König das Wor
78,1,6428,6429,¬,all,gemeinen,allgemeinen,join,high,joined form occurs elsewhere in this corpus,False,8,,12,,4,,"arüber auszulaßen, als daß ich ihn im all¬ || gemeinen ersuchte, wenn er hinderniße fänd"
78,2,6432,6433,¬,Aus,kunft,Auskunft,join,high,joined form occurs elsewhere in this corpus,False,12,,550,,1,," was ihm bedenken machen könnte, sich Aus¬ || kunft von mir ertheilen zu laßen. Auf mein"
78,2,6433,6434,¬,Verlan,gen,Verlangen,join,high,joined form occurs elsewhere in this corpus,False,12,,0,,70,,"n mir ertheilen zu laßen. Auf mein Verlan¬ || gen, von allem, das in der Sache vorgehen "
78,2,6442,6443,¬,Trie,benfeld,Triebenfeld,join,high,joined form occurs elsewhere in this corpus,False,332,,0,,1,,"hts zu wißen vergebe, weil wie H. v. Trie¬ || benfeld für durchl. näher zu melden die Gn"
78,2,6448,6449,¬,ver,tragen,vertragen,join,high,"joined form attested in DWDS (441,375 hits)",False,0,441375,2,,34,,"De ich Euer Wohl. bloß Wahrheiten ver¬ || tragen, und mich nie davon entfernen werde"
78,2,6450,6452,¬,Ver,führung,Verführung,join,review,crosses a page break - check by hand,True,1,81905,2,0,3,5476912,"nenselben nur bloß die unterthänigste Ver¬ || führung geben, daß ich alles was in meinen"
78,3,6454,6455,¬,ge,setzt,gesetzt,join,high,joined form occurs elsewhere in this corpus,False,10,,16,,2,,"die zu übersendende Vollmacht im Stand ge¬ || setzt werden, genauer recognosciren zu kön"
78,3,6464,6465,¬,bevoll,mächtigt,bevollmächtigt,join,high,joined form occurs elsewhere in this corpus,False,1,,0,,1,,"ch in Unterhandlungen einzulassen, bevoll¬ || mächtigt sey."" — H."
78,3,6467,6468,¬,Quit,tung,Quittung,join,high,joined form occurs elsewhere in this corpus,False,16,,1,,3,," der Grolltowskischen Sache, und die Quit¬ || tung des Schneides will ich mir unterthäni"
78,4,6479,6480,¬,gehor,samster,gehorsamster,join,high,joined form occurs elsewhere in this corpus,False,54,,1,,1,,unterthänigst treu gehor¬ || samster.
79,1,6496,6497,¬,Wöl,ners,Wölners,join,high,head is not a word on its own,False,0,0,0,54,1,,"ach dem Hinscheide des Ex Min[ister]: Wöl¬ || ners, dem H. Gr v. Schulemburg übertragen "
79,2,6516,6517,¬,aufrich,tig,aufrichtig,join,high,joined form occurs elsewhere in this corpus,False,7,,0,,4,,me hatt es ihm selber erzählt und aufrich¬ || tig gesagt macht mich dies den meisten Mut
79,2,6517,6518,¬,wan,Der,wanDer,join,high,"joined form attested in DWDS (17,525 hits)",False,0,17525,91,,3856,,acht mich dies den meisten Muth — den wan¬ || Der König es nicht recht ernstlich mit der
79,2,6522,6523,¬,gewes,bestens,gewesbestens,join,high,head is not a word on its own,False,0,0,0,251,17,,"h auch außerdem, daß die Sache ganz gewes¬ || bestens gehen wird. Und die Kerls müßen fü"
79,3,6551,6552,¬,Stru,ensee,Struensee,join,high,joined form occurs elsewhere in this corpus,False,7,,1,,3,,"werden — dieser leztere ist sehr auf Stru¬ || ensee aufgebracht, da der den Krieg widera"
79,3,6553,6554,¬,ge,sagt,gesagt,join,high,joined form occurs elsewhere in this corpus,False,92,,16,,104,,"ey kein Geld da — ja er soll gerade zu ge¬ || sagt haben, welches auch Goldbeck beypflic"
79,4,6576,6577,¬,Gu,ter,Guter,join,high,joined form occurs elsewhere in this corpus,False,19,,0,,8,,"re ich aus der Wittwen Casse auf meine Gu¬ || ter 120/m Rthl rück, damit es, wann es erf"
79,4,6578,6579,¬,Michae,lis,Michaelis,join,high,joined form occurs elsewhere in this corpus,False,26,,0,,1,,er Tausches nicht an Gelde fehlt — Michae¬ || lis ist bey diesem Institut Justiziarius —
79,4,6590,6591,¬,ent,schuldiget,entschuldiget,join,high,joined form occurs elsewhere in this corpus,False,2,,0,,2,,"cht in ungdeßen wegen seiner Grobheit ent¬ || schuldiget, ich traue dem Held nicht — er "
80,1,6603,6604,¬,ver,schiedenes,verschiedenes,join,high,joined form occurs elsewhere in this corpus,False,1,,2,,2,,nach Versicherung eines andern Mannes ver¬ || schiedenes von Ewr Durchlaucht gesprochen 
80,1,6605,6606,¬,Mo,narch,Monarch,join,high,joined form occurs elsewhere in this corpus,False,20,,0,,1,,"t hierbey bestättiget daß Sie der gute Mo¬ || narch wahrhaftig schäzt, und in dieser Hin"
81,1,6631,6632,¬,Registra,tus,Registratus,join,high,joined form occurs elsewhere in this corpus,False,1,,0,,1,,"zu melden. In der Südpreußischen Registra¬ || tus mit Expedition, woran ich so eben zurü"
81,1,6636,6637,¬,zweck,mäßig,zweckmäßig,join,high,"joined form attested in DWDS (106,339 hits)",False,0,106339,14,,5,,s decretirt ist. Ich halte es nicht zweck¬ || mäßig der p Schulze so oft mit meinen Visi
81,1,6637,6638,¬,be,helligen,behelligen,join,high,joined form occurs elsewhere in this corpus,False,1,,3,,1,,"p Schulze so oft mit meinen Visiten zu be¬ || helligen, da ich was er vorläufig wißen mu"
81,2,6651,6652,¬,gehor,samstes,gehorsamstes,join,high,"joined form attested in DWDS (33,535 hits)",False,0,33535,1,,2,,unterthänigst treu gehor¬ || samstes
82,1,6660,6661,¬,zuge,fertigte,zugefertigte,join,held,"held: a real break, checked against the original scan (2026-09-28)",False,0,9,1,3709,1,1282203,m Könige ihm in Ew Durchlaucht Sache zuge¬ || fertigte Cabinets Schreiben dahin nachgesa
82,1,6662,6663,¬,Departe,ment,Departement,join,high,joined form occurs elsewhere in this corpus,False,20,,0,,4,,hreiben bereit nicht schon an das Departe¬ || ment alhier von dem H. Minister können ein
82,1,6665,6666,¬,Mit,tag,Mittag,join,high,joined form occurs elsewhere in this corpus,False,5,,1449,,42,,"enau nachgeforscht, allein bis diesen Mit¬ || tag ist noch nichts eingegangen und kan es"
82,1,6669,6670,¬,Ur,laub,Urlaub,join,high,joined form occurs elsewhere in this corpus,False,6,,1,,1,,"üher zurück kommt, als eigentlich sein Ur¬ || laub abgelaufen u also schon nächsten Donn"
83,1,6693,6694,¬,er,laßene,erlaßene,join,high,"joined form attested in DWDS (79,073 hits)",False,0,79073,1278,,1,,fürstliche Durchlaucht an mir gnädigst er¬ || laßene Schreiben habe ich nebst allen Einl
83,2,6721,6722,¬,erfor,dert,erfordert,join,high,joined form occurs elsewhere in this corpus,False,15,,0,,1,,"in des Prinzen George Sache wird es erfor¬ || dert, daß ein Mann der Sach kenntnis hatt "
84,1,6771,6772,¬,ent,würfe,entwürfe,join,high,"joined form attested in DWDS (1,006,399 hits)",False,0,1006399,0,,2,,ch kommen. Meine Pläne sind nun schon ent¬ || würfe und in eben dieser Stunde gehn ich v
84,1,6777,6778,¬,Adel,nau,Adelnau,join,held,"held: a real word broken at the line end; the joined form is a period, Latin or name spelling the evidence does not know (checked 2026-09-28)",False,0,109,0,154750,1,21233,"an Ewr Durchlaucht von die Starostey Adel¬ || nau welche hart mit Krotoszyn gränzt, so"
84,2,6794,6795,¬,einge,gangen,eingegangen,join,high,joined form occurs elsewhere in this corpus,False,16,,0,,3,,nd sind hier sonderbare Nachrichten einge¬ || gangen. — Alles ist dorten in Verwirrung w
84,2,6796,6797,¬,be,herrscht,beherrscht,join,high,"joined form attested in DWDS (1,040,958 hits)",False,0,1040958,3,,6,,Maitresse den Kayser ganz umanschränkt be¬ || herrscht — zu Reppnin soll arretirt sie di
84,2,6797,6798,¬,Kurra,h,Kurrah,join,high,head is not a word on its own,False,0,0,0,39,302,, — zu Reppnin soll arretirt sie die Kurra¬ || [h/k?]ins sind alle weg Zubow hatt eilig m
84,2,6799,6800,¬,Ab,schied,Abschied,join,high,joined form occurs elsewhere in this corpus,False,5,,106,,1,,"urg kommen, und Panie soll auch seinen Ab¬ || schied gefordert haben — die Kayserin ist "
85,1,6823,6824,¬,Gü,ther,Güther,join,high,joined form occurs elsewhere in this corpus,False,11,,1,,2,,mir die Vertauschung Ihre Südßpreüstl. Gü¬ || ther gegen die Domainen Aemter Krotoszyn u
85,1,6830,6831,¬,anſehn,lich,anſehnlich,join,high,joined form occurs elsewhere in this corpus,False,1,,1,,15,,"euen richtigen Veranschlagung noch anſehn¬ || lich erhöhet werden kann, weil der Kr[iege"
85,1,6833,6834,¬,wür,de,würde,join,high,joined form occurs elsewhere in this corpus,False,333,,1,,20,," von 26,000. Richt. erhalten hat. Ich wür¬ || de also, ohne diesen Vortheil zu rühmen; u"
85,1,6834,6835,¬,da,rauf,darauf,join,high,joined form occurs elsewhere in this corpus,False,132,,451,,5,,"ne diesen Vortheil zu rühmen; und ohne da¬ || rauf Rücksicht zu nehmen, daß die überflüß"
85,1,6835,6836,¬,Wal,dung,Waldung,join,high,joined form occurs elsewhere in this corpus,False,1,,0,,3,,"ksicht zu nehmen, daß die überflüßige Wal¬ || dung ſehr bedeutende, und vortheilhafte Ro"
85,1,6836,6837,¬,zu,lässt,zulässt,join,high,"joined form attested in DWDS (1,974,188 hits)",False,0,1974188,2964,,2,,"bedeutende, und vortheilhafte Rodungen zu¬ || lässt, ſchon nach dem gegenwärtigen Zustan"
85,1,6838,6839,¬,Gü,ther,Güther,join,high,joined form occurs elsewhere in this corpus,False,11,,1,,2,,ht. gegen den angegebenen Ertrag Ihrer Gü¬ || ther und der darauf zuzuschießenden Capita
85,1,6839,6840,¬,ver,liere,verliere,join,high,joined form occurs elsewhere in this corpus,False,5,,2,,1,,"der darauf zuzuschießenden Capitalien ver¬ || liere. Bey dieser Lage der Sache, die Ewr "
85,1,6843,6844,¬,ver,anschlagte,veranschlagte,join,high,"joined form attested in DWDS (274,903 hits)",False,0,274903,2,,1,,em jährlichen Ertrage von 8650. Rthl. ver¬ || anschlagte
85,2,6848,6849,¬,ver,den,verden,join,high,"joined form attested in DWDS (115,684 hits)",False,0,115684,2,,2764,,",500. rt. jährlichen Ertrag gewähren, ver¬ || den Sie selbst einsehen, daß der Staat sic"
85,2,6853,6854,¬,derglei,chen,dergleichen,join,high,joined form occurs elsewhere in this corpus,False,4,,0,,4,,"in[ister]: v Voß aufgegeben, alle derglei¬ || chen Anträge von der Hand zu weisen. Dem"
85,2,6862,6863,¬,wo,mit,womit,join,high,joined form occurs elsewhere in this corpus,False,9,,209,,1449,," Hochschätzung nicht verkennen werden, wo¬ || mit ich verbleibe"
86,1,6889,6890,¬,Domai,nen,Domainen,join,high,joined form occurs elsewhere in this corpus,False,10,,0,,9,,"ierigkeiten treffen würde, weil ein Domai¬ || nen Gut zwar vertauscht, aber nicht veräuß"
86,1,6901,6902,¬,ge,halten,gehalten,join,high,joined form occurs elsewhere in this corpus,False,13,,16,,63,,an es auch nicht einmal der Mühe wehrt ge¬ || halten auch nur eine Feder deßhalb anzuset
86,1,6903,6905,¬,Kro,toszyn,Krotoszyn,join,review,crosses a page break - check by hand,True,39,1110,0,17720,1,0,iegesrath Nöldichen erstattet und von Kro¬ || toszyn jener hohe Ertrag ohne Grund angeno
86,2,6915,6916,¬,Praeroga,tiven,Praerogativen,join,high,head is not a word on its own,False,0,64,0,0,1,," seyn, wenn bey der vorwaltenden Praeroga¬ || tiven der Stadt, welche den Dominio alle A"
86,2,6918,6919,¬,abzufüh,renden,abzuführenden,join,high,"joined form attested in DWDS (4,305 hits)",False,0,4305,0,,1,,"von mir herein gezahlten und noch abzufüh¬ || renden alten Schulden, die ich garantiren "
86,2,6926,6927,¬,Inn,halt,Innhalt,join,held,"held: a real word broken at the line end; the joined form is a period, Latin or name spelling the evidence does not know (checked 2026-09-28)",False,0,188,0,158281,6,2374214,Zahl der Ortschaften auch der Flächen Inn¬ || halt viel erheblicher als bey jenen sind.
87,1,6973,6974,¬,her,vor,hervor,join,high,joined form occurs elsewhere in this corpus,False,9,,64,,296,,"it der Kammern unsägliche Hindernisse her¬ || vor gesucht würden, so daß ich nie zum Zwe"
87,1,6986,6987,¬,gnä,dige,gnädige,join,high,joined form occurs elsewhere in this corpus,False,12,,0,,2,,chen wünschte. Der König gab nur eine gnä¬ || dige Antwort und alle andere Sachkundige M
87,1,6987,6988,¬,ge,schehen,geschehen,join,high,joined form occurs elsewhere in this corpus,False,97,,16,,3,,"Sachkundige Männer sahen die Sache als ge¬ || schehen an, biß endlich erstlich der Minis"
87,2,7004,7005,¬,abfüh,ren,abführen,join,high,joined form occurs elsewhere in this corpus,False,6,,0,,6,, und von Polajewo 20/m rt: jährlich abfüh¬ || ren solle.
87,2,7008,7009,¬,geleiste,ten,geleisteten,join,high,joined form occurs elsewhere in this corpus,False,2,,0,,486,,"kunfft wegen der der Seehandlung geleiste¬ || ten Garantie gedeckt sehen, und an Grunde "
87,2,7011,7012,¬,Aus,schlag,Ausschlag,join,high,joined form occurs elsewhere in this corpus,False,2,,550,,7,,stigste gerügt und einen unangenehmen Aus¬ || schlag gewinnen dörffte. Auch erfuhr ich ü
87,3,7025,7026,¬,nego,ciren,negociren,join,high,joined form occurs elsewhere in this corpus,False,3,,0,,1,,Gelegenheit gewinne Gelder darauf zu nego¬ || ciren.
87,3,7031,7032,¬,Ge,währ,Gewähr,join,high,"joined form attested in DWDS (469,466 hits)",False,0,469466,16,,1,,"n an 41500 rt. wofür ich dem König die Ge¬ || währ geleistet haben würde, biß seine Depa"
87,3,7034,7035,¬,ver,bürge,verbürge,join,high,joined form occurs elsewhere in this corpus,False,1,,2,,3,,welches ich auf mein fürstliches Wort ver¬ || bürge. Mehr als hart und drückend ist für 
87,3,7039,7040,¬,Speculatio,nen,Speculationen,join,high,joined form occurs elsewhere in this corpus,False,1,,0,,9,,"auf Weitaussehende und seichte Speculatio¬ || nen gründet, erstattet; und ich habe daher"
87,3,7042,7043,¬,Stru,ensee,Struensee,join,high,joined form occurs elsewhere in this corpus,False,7,,1,,3,,"ersuchen — und sich vom Minister von Stru¬ || ensee die Acten, worinn die Correspondenz "
87,3,7048,7050,¬,Ge,such,Gesuch,join,review,crosses a page break - check by hand,True,8,137057,16,215421,1,44256,"s dringendste dem guten Monarchen mein Ge¬ || such ans Herz zu legen, damit ich keine fe"
88,1,7061,7062,¬,Kö,nigs,Königs,join,high,joined form occurs elsewhere in this corpus,False,31,,4,,1,,"eranlasset worden, die von mir bey des Kö¬ || nigs Majestät in Antrag gebrachte Vertausc"
88,1,7063,7064,¬,er,gebenen,ergebenen,join,high,"joined form attested in DWDS (4,875,601 hits)",False,0,4875601,1278,,2,,"Krotoszyn, worzu ich nach meiner schon er¬ || gebenen Erklärung Polajewo keinesweges mit"
88,1,7067,7068,¬,Re,sultaten,Resultaten,join,high,joined form occurs elsewhere in this corpus,False,1,,0,,1,,"Commissarien erstatteten Berichten und Re¬ || sultaten, nicht aber in der eignen Überzeu"
88,1,7068,7069,¬,Be,schaffenheit,Beschaffenheit,join,high,"joined form attested in DWDS (208,917 hits)",False,0,208917,3,,1,, der eignen Überzeugung von der wahren Be¬ || schaffenheit des Amts Krotoszyn beruheten:
88,1,7070,7071,¬,In,teresse,Interesse,join,high,joined form occurs elsewhere in this corpus,False,21,,1917,,1,," welchem Euer Excellenz das Königliche In¬ || teresse so gewissenhafft hierbey warteten,"
88,1,7072,7073,¬,Renseigne,ments,Renseignements,join,high,head is not a word on its own,False,0,522,0,0,1,,ich nach den von mir genommenen Renseigne¬ || ments und nach Euer Excellenz in vorigen Z
88,1,7081,7082,¬,mei,nem,meinem,join,high,joined form occurs elsewhere in this corpus,False,25,,1,,2,,"gemeßen halten, wenn ich mich bey dem mei¬ || nem Gesuch entgegen gestellten Gründen, be"
88,2,7087,7088,¬,Grun,de,Grunde,join,high,joined form occurs elsewhere in this corpus,False,46,,0,,20,,"ejenigen eigennützigen Absichten zum Grun¬ || de gelegen haben, wie solches in der That "
88,2,7091,7092,¬,ver,sichert,versichert,join,high,joined form occurs elsewhere in this corpus,False,28,,2,,6,,"igen Gesinnungen halte ich mich daher ver¬ || sichert, daß dieselben diejenigen anderwei"
89,1,7120,7122,,nicht,nicht,,catchword,high,unmarked catchword: the page ends with the word the next page begins,True,,,,,,,nicht || nicht schwer fallen das Resultat zu ziehen
89,2,7136,7137,¬,Commis,sarius,Commissarius,join,high,joined form occurs elsewhere in this corpus,False,6,,3,,1,," Plan, daß der König absolut einen Commis¬ || sarius ernennen, oder gleich entscheidend "
89,3,7147,7148,¬,ver,ursachen,verursachen,join,high,joined form occurs elsewhere in this corpus,False,1,,2,,1,,nd Ewr Durchlaucht Kosten und Verdrus ver¬ || ursachen könten.
89,3,7154,7155,¬,will,Er,willEr,join,high,"joined form attested in DWDS (10,331 hits)",False,0,10331,291,,1278,,was er will¬ || Er hatt zu diesem Ende mit seine Associes 
89,3,7155,7156,¬,Cau,tion,Caution,join,high,joined form occurs elsewhere in this corpus,False,28,,0,,6,,u diesem Ende mit seine Associes eine Cau¬ || tion von 10/m rthl gemacht —
89,4,7179,7180,¬,Rech,nungen,Rechnungen,join,high,joined form occurs elsewhere in this corpus,False,11,,1,,2,,rtet der Nöldiche. Hier habe ich die Rech¬ || nungen des Rentmeister Schmiedels der zur 
89,4,7181,7182,¬,Be,sagen,Besagen,join,high,joined form occurs elsewhere in this corpus,False,2,,3,,103,,"n Administration selbige geführt diese Be¬ || sagen so viel oder weniger, das übrige ged"
89,6,7212,7213,¬,Ab,stands,Abstands,join,high,joined form occurs elsewhere in this corpus,False,5,,106,,1,,"on neuen Pächter angenommen, dem T das Ab¬ || stands quantum voraus bezahlen und es hern"
89,7,7228,7229,¬,ge,standen,gestanden,join,high,joined form occurs elsewhere in this corpus,False,5,,16,,6,, so hohen Preisen als solche würcklich ge¬ || standen bezahlen ohne es laut werden zu la
89,8,7249,7250,¬,Kro,toszyner,Krotoszyner,join,high,joined form occurs elsewhere in this corpus,False,13,,0,,1,," zu zahlen, als bey der recherche der Kro¬ || toszyner, Polajewer und Ewr Durchlaucht Gü"
89,8,7254,7255,¬,al,m,alm,join,high,"joined form attested in DWDS (3,483 hits)",False,0,3483,1,,297,,stin kan und will durch aus nicht mehr al¬ || 30/m rt. geben — Nising soll die Instrumen
89,8,7256,7257,¬,For,mular,Formular,join,high,joined form occurs elsewhere in this corpus,False,2,,0,,1,,"as weniges nach dem hier eingesandten For¬ || mular abändern, als dan soll das Geld hier"
89,8,7257,7258,¬,parar,liegen,pararliegen,join,high,head is not a word on its own,False,0,0,0,30,69,,als dan soll das Geld hier sogleich parar¬ || liegen — Jetzt geht es nun noch um Circa 7
91,2,7325,7326,¬,unbegrenz,testen,unbegrenztesten,join,high,joined form occurs elsewhere in this corpus,False,1,,0,,2,,"ich die Betheuerung der unbegrenz¬ || testen Ehrerbietigkeit hinzu, womit"
92,1,7344,7345,¬,Verfü,gungen,Verfügungen,join,high,joined form occurs elsewhere in this corpus,False,12,,0,,1,,ürſtlichen Durchlaucht mitgetheilte Verfü¬ || gungen antworten zu können.
93,1,7364,7365,¬,ent,sprochen,entsprochen,join,high,joined form occurs elsewhere in this corpus,False,1,,0,,4,,ffe daß selbiges Höchst dero Wünschen ent¬ || sprochen wird. Heute schon hatte der Minis
93,1,7365,7366,¬,Stru,ensee,Struensee,join,high,joined form occurs elsewhere in this corpus,False,7,,1,,3,,rd. Heute schon hatte der Minister v Stru¬ || ensee sämtliche Acten Sr Majestät vorlegen
93,2,7381,7382,¬,Gefällig,keit,Gefälligkeit,join,high,joined form occurs elsewhere in this corpus,False,3,,3,,10,,"z]: gegeben, und dieser hatt die Gefällig¬ || keit gehabt, es heute Sr Majestät vorzuleg"
93,2,7384,7385,¬,ent,gegen,entgegen,join,high,joined form occurs elsewhere in this corpus,False,59,,0,,170,," gemacht, daß wenn Polajewo der Sache ent¬ || gegen stünde, ich diese Güter auf 30 Jahre"
93,2,7397,7398,¬,be,endigt,beendigt,join,high,joined form occurs elsewhere in this corpus,False,14,,3,,4,,it die Niedernhallsche Sache glücklich be¬ || endigt wird.
93,3,7405,7406,¬,Durch,laucht,Durchlaucht,join,high,joined form occurs elsewhere in this corpus,False,1523,,522,,42,,einen nichts gethan als — haben Ewr Durch¬ || laucht aber die Gnade ihm schön zu begegne
94,1,7429,7430,¬,Ma,jestät,Majestät,join,high,joined form occurs elsewhere in this corpus,False,85,,1,,3,,"heutiger Post abgehenden Schreiben Sr. Ma¬ || jestät des Königs, werden Ew. hochfürstlic"
94,1,7434,7435,¬,Ba,lanciren,Balanciren,join,held,"held: a real word broken at the line end; the joined form is a period, Latin or name spelling the evidence does not know (checked 2026-09-28)",False,0,5,1,36530,1,0,"zzungen sodann gehörig gegen ein ander Ba¬ || lanciren zu können, und kann höchst Denens"
94,1,7445,7447,,einschlägt,einschlägt,,catchword,high,unmarked catchword: the page ends with the word the next page begins,True,,,,,,,"einschlägt || einschlägt, so werde ich mich doch nicht w"
94,2,7448,7449,¬,be,endigt,beendigt,join,high,joined form occurs elsewhere in this corpus,False,14,,3,,4,,"che Durchlaucht völligen Zufriedenheit be¬ || endigt zu sehen, indem meine für höchstdie"
94,2,7450,7451,¬,da,ran,daran,join,high,joined form occurs elsewhere in this corpus,False,20,,451,,1,,ehrung mich gewiß den wärmsten Antheil da¬ || ran nehmen läßt. Nichts in der Welt könnte
95,2,7482,7483,¬,Depar,tements,Departements,join,high,joined form occurs elsewhere in this corpus,False,11,,0,,1,, Ewr Durchlaucht von Einteilung des Depar¬ || tements und von sonstigen wißen von Ihrer 
97,1,7599,7600,¬,ge,antwortet,geantwortet,join,high,joined form occurs elsewhere in this corpus,False,13,,16,,8,,"en nehmen könten, worauf ihm der König ge¬ || antwortet. Es würde Ihm freuen Ewr Durchla"
97,2,7613,7614,¬,we,der,weder,join,high,joined form occurs elsewhere in this corpus,False,43,,1,,3856,,"t beider bey Güter alles prüfen, damit we¬ || der der Staat oder Ewr Durchlaucht verlohr"
97,2,7615,7616,¬,öffent,liche,öffentliche,join,high,joined form occurs elsewhere in this corpus,False,1,,0,,4,," dies soll nun nur noch durch eine öffent¬ || liche Cabinets Ordre bestätigt werden, und"
97,2,7624,7625,¬,Unter,thänige,Unterthänige,join,high,joined form occurs elsewhere in this corpus,False,2,,130,,1,,en] Geschäfte mündlich meinen treue Unter¬ || thänige Meinungen — jezt mein Wahrhaft red
98,2,7662,7663,¬,Be,es,Bees,join,high,"joined form attested in DWDS (11,311 hits)",False,0,11311,3,,1332,,ill. Grundlich weis ich nichts — indes Be¬ || es wohl mit um den Prinzen Solms ſind —
99,1,7726,7727,¬,been,digt,beendigt,join,high,joined form occurs elsewhere in this corpus,False,14,,1,,3,,m Herzen liegen werden gewiß bestens been¬ || digt und alles ann erwünschten Ziele gebra
99,2,7740,7741,¬,einge,leitet,eingeleitet,join,high,joined form occurs elsewhere in this corpus,False,18,,0,,7,,reiben am Hr. v. Prittwitz schon so einge¬ || leitet daß er Wildegansten zu seinen Assis
99,3,7763,7764,¬,Man,nes,Mannes,join,high,joined form occurs elsewhere in this corpus,False,10,,549,,3,,chrieben und auf die Cassation dieses Man¬ || nes angetragen — der O v Kö[ckritz]. ist h
99,3,7764,7765,¬,ent,rüstet,entrüstet,join,high,joined form occurs elsewhere in this corpus,False,3,,0,,1,,der O v Kö[ckritz]. ist hierüber sehr ent¬ || rüstet und halt um 13 für falsch — Er hatt
100,1,7792,7793,¬,Beantwor,tung,Beantwortung,join,high,joined form occurs elsewhere in this corpus,False,1,,0,,3,," befehlen geruhet haben, daß die Beantwor¬ || tung desselben, wie Euer Hochfürstliche Du"
100,1,7795,7796,¬,aus,gesetzt,ausgesetzt,join,high,"joined form attested in DWDS (1,438,737 hits)",False,0,1438737,550,,10,,Minister v. Voss erforderten Berichts aus¬ || gesetzt bleiben solle. Ich verharre mit de
101,1,7809,7810,¬,bele,genen,belegenen,join,high,joined form occurs elsewhere in this corpus,False,2,,0,,1,,fend den Tausch seiner in SüdPreußen bele¬ || genen Güter gegen die Herrschaften Krotosz
101,1,7817,7818,¬,Re,servations,Reservations,join,high,joined form occurs elsewhere in this corpus,False,2,,0,,1,,"große Vortheile, durch eine sogenannte Re¬ || servations Casse, deren jährlicher Fond 95"
101,1,7819,7820,¬,gekom,men,gekommen,join,high,joined form occurs elsewhere in this corpus,False,20,,0,,3,,"t. Pacht abgebe, nicht zum Anschlag gekom¬ || men und ganz übergangen sey."
101,2,7839,7840,¬,berei,chern,bereichern,join,high,joined form occurs elsewhere in this corpus,False,3,,0,,1,,"mich auf Kosten Euer Majestät Casse berei¬ || chern wollen, als um meines Vortheils will"
101,2,7843,7844,¬,behaup,tet,behauptet,join,high,joined form occurs elsewhere in this corpus,False,3,,0,,3,,"Amts, wenn derselbe ganz unrichtig behaup¬ || tet hat, daß der Fond von"
101,2,7853,7854,¬,über,nommen,übernommen,join,high,joined form occurs elsewhere in this corpus,False,10,,305,,4,,"bst, daß ich jene Ausgaben zu tragen über¬ || nommen habe."
101,2,7867,7869,¬,Vor,werk,Vorwerk,join,review,crosses a page break - check by hand,True,12,66377,296,105411485,11,899584," ganz andere Bewandung. Dies ist kein Vor¬ || werk, sondern 1 Holländer Hufe, welche der"
101,3,7880,7881,¬,Sae,culum,Saeculum,join,high,"joined form attested in DWDS (1,377 hits)",False,0,1377,0,,1,," zwar gros genug ist; so muß erst ein Sae¬ || culum vergehen, ehe solches wieder nutzbar"
101,3,7886,7887,¬,Maje,stät,Majestät,join,high,joined form occurs elsewhere in this corpus,False,85,,0,,1,,"hlr. rentiren; so bitte Euer Königl. Maje¬ || stät ich alleruntertänigst dringendst, bey"
101,4,7907,7908,¬,ge,rede,gerede,join,high,"joined form attested in DWDS (342,694 hits)",False,0,342694,16,,15,,"pruch nicht erklären kan, da die Sache ge¬ || rede noch heute so ist, wie damals."
101,4,7914,7915,¬,der,durch,derdurch,join,held,"held: a real word broken at the line end; the joined form is a period, Latin or name spelling the evidence does not know (checked 2026-09-28)",False,0,41,3856,0,522,77747868,"privat Güter anzusehen, welches schon der¬ || durch hinreichend bewiesen wird, daß solch"
101,4,7920,7921,¬,Krotos,zyn,Krotoszyn,join,high,joined form occurs elsewhere in this corpus,False,39,,0,,2,,"es Propinations Recht in der Stadt Krotos¬ || zyn verlohren, wodurch die Einnahme von 40"
101,5,7937,7938,¬,Retablisse,ment,Retablissement,join,high,head is not a word on its own,False,0,43,0,0,4,," herunter kommen muß, wenn das Retablisse¬ || ment aus den Revenuen bewürkt werden soll."
101,6,7956,7957,¬,Krotos,zyn,Krotoszyn,join,high,joined form occurs elsewhere in this corpus,False,39,,0,,2,,"eser wird mit dem Netto Ertrag von Krotos¬ || zyn balancirt, mit 5 pro Ct zu Capital ger"
101,6,7959,7960,¬,verhält,nißmäßig,verhältnißmäßig,join,held,"held: a real word broken at the line end; the joined form is a period, Latin or name spelling the evidence does not know (checked 2026-09-28)",False,0,104,1,1416004,1,0,"lungs Societaet, wodurch als denn verhält¬ || nißmäßig das jährliche Amortisations Quant"
101,6,7961,7962,¬,ent,richtet,entrichtet,join,high,joined form occurs elsewhere in this corpus,False,1,,0,,2,,"zyn und Polajewo mit 50/m r. jährlich ent¬ || richtet haben, und künfftig Polajewo und m"
101,6,7971,7972,¬,zer,streuet,zerstreuet,join,high,joined form occurs elsewhere in this corpus,False,1,,0,,1,," es gleichgültig seyn, ob meine Güter zer¬ || streuet liegen, da sie doch einer mit ande"
101,6,7978,7979,¬,lei,det,leidet,join,high,joined form occurs elsewhere in this corpus,False,5,,0,,1,,"nen, da mein Point d'honneur darunter lei¬ || det, wenn die Sache anders von dem H. von "
102,1,8008,8009,¬,noch,mahls,nochmahls,join,high,joined form occurs elsewhere in this corpus,False,12,,890,,2,,"kommt — ich habe alles jezt in Posen noch¬ || mahls zergliedert, und jeder findet jezt, "
102,2,8013,8014,¬,ver,gleiche,vergleiche,join,high,joined form occurs elsewhere in this corpus,False,2,,2,,6,,"tworfen, dazu geschieht der Tausch so ver¬ || gleiche ich mich auf etliche Tausend Rt. m"
102,2,8027,8028,¬,Confis,cations,Confiscations,join,high,joined form occurs elsewhere in this corpus,False,1,,0,,1,," den Minister Hoym angegangen, das Confis¬ || cations Decret auch gegen der Prusimski pu"
102,3,8040,8041,¬,Spec,tacle,Spectacle,join,high,"joined form attested in DWDS (3,617 hits)",False,0,3617,1,,1,,"Winiecer Forst macht die Cammer viel Spec¬ || tacle, ich werde indes in kurzen selbst do"
103,1,8085,8086,¬,Obliga,tion,Obligation,join,high,joined form occurs elsewhere in this corpus,False,8,,0,,6,,"ß, den er erbietet sich schon eine Obliga¬ || tion die ich von Minister auf Kempen habe "
103,1,8093,8095,¬,an,ſtalt,anſtalt,join,review,crosses a page break - check by hand,True,1,0,1008,203629291,3,925,"er reelle Nachricht erhalten, auch ist an¬ || ſtalt getroffen, daß ich die Documente weg"
103,2,8098,8099,¬,be,endigt,beendigt,join,high,joined form occurs elsewhere in this corpus,False,14,,3,,4,," und Broniewskischen Sachen werden gut be¬ || endigt werden, nur die Brzyzer und Winicer"
103,2,8107,8108,¬,An,laß,Anlaß,join,high,joined form occurs elsewhere in this corpus,False,2,,1008,,4,,"eyzupflichten scheint, geben mich dazu An¬ || laß."
103,4,8149,8150,¬,Hämi,ſcher,Hämiſcher,join,high,head is not a word on its own,False,0,0,0,144,2,," mindeste vergehen, sondern nur blos Hämi¬ || ſcher Neid bey den täglichen Gepkerr der M"
103,4,8164,8165,¬,dar,stellung,darstellung,join,high,joined form occurs elsewhere in this corpus,False,1,,3,,2,,"Prittwitzen unter seinen Nahmen diese dar¬ || stellung der Sache vorlegen, und nach dies"
104,1,8191,8192,-,ver,der,verder,split,high,joined form unattested; both halves are real words,False,0,535,2,0,3856,0,ndes habe ich der Fürstin durchlaucht ver- || der Wahrheit zu überzeugen die Gnade gehab
104,2,8203,8204,¬,Wün,sche,Wünsche,join,high,joined form occurs elsewhere in this corpus,False,52,,0,,6,,h trotz allem Gewäsche am Ziel meiner Wün¬ || sche gelange —
104,2,8206,8207,¬,Gleich,gewicht,Gleichgewicht,join,high,"joined form attested in DWDS (460,070 hits)",False,0,460070,132,,3,,"König, wann die Güter einander das Gleich¬ || gewicht halten, Apröbaret — das Gleich gew"
104,2,8207,8208,¬,ent,scheidet,entscheidet,join,high,"joined form attested in DWDS (10,289,661 hits)",False,0,10289661,0,,2,,", Apröbaret — das Gleich gewicht also ent¬ || scheidet — und die Freundschaft des Könige"
104,3,8224,8225,¬,ge,sagt,gesagt,join,high,joined form occurs elsewhere in this corpus,False,92,,16,,104,,"nehmen — ich habe es dem Herrn bereits ge¬ || sagt, daß ich dies nicht kan — und ich wer"
105,3,8294,8295,¬,an,vertraute,anvertraute,join,high,joined form occurs elsewhere in this corpus,False,1,,1008,,2,,"ürde da ich noch alle die mir gnädigst an¬ || vertraute Blanquets in Händen habe, hier s"
106,2,8325,8326,¬,Posen,schen,Posenschen,join,high,joined form occurs elsewhere in this corpus,False,3,,34,,6,,eht es fatal aus Nach einen von der Posen¬ || schen Regierung erlaßenen Contumacial Decr
106,2,8333,8334,¬,wer,den,werden,join,high,joined form occurs elsewhere in this corpus,False,895,,31,,2764,,seits sehe nicht ab was aus der Sache wer¬ || den soll — Alle wege Chicaniren die Cammer
106,2,8334,8335,¬,über,dem,überdem,join,high,joined form occurs elsewhere in this corpus,False,12,,305,,1104,," — Alle wege Chicaniren die Cammern, über¬ || dem werden von mehreren Seiten proceße for"
107,2,8386,8387,¬,erhalte,nes,erhaltenes,join,high,joined form occurs elsewhere in this corpus,False,3,,81,,3,,"Ob. v. Zastrow an von K[öckritz]. erhalte¬ || nes Schreiben, aus welchen die Frau Fürsti"
107,2,8394,8395,¬,derge,ſtalt,dergeſtalt,join,high,joined form occurs elsewhere in this corpus,False,14,,0,,3,,"heinlich an einigen Orten der Sache derge¬ || ſtalt vortragen laßen, daß man ſie nur"
107,3,8407,8408,¬,Ver,bindung,Verbindung,join,high,joined form occurs elsewhere in this corpus,False,2,,2,,1,," Fürsten wäre Engel reine hätte keine Ver¬ || bindung mit einem andern, und wäre mir weg"
107,3,8413,8414,¬,unterschrie,ben,unterschrieben,join,high,joined form occurs elsewhere in this corpus,False,6,,0,,9,,unsäglich viel Schulden mit unterschrie¬ || ben mehr aber könne Sie nicht unter
107,4,8426,8427,¬,ge,fangen,gefangen,join,high,joined form occurs elsewhere in this corpus,False,3,,16,,2,,"sey nun auch geschlagen, und er selbst ge¬ || fangen; Man ist über die verschiedenen Nac"
108,1,8457,8458,¬,ver,dammten,verdammten,join,high,joined form occurs elsewhere in this corpus,False,3,,2,,1,,0 rt — hier hatt er gezogene laut den ver¬ || dammten Wechßels circa 23000 rt.
108,2,8474,8475,¬,ge,standen,gestanden,join,high,joined form occurs elsewhere in this corpus,False,5,,16,,6,,ein ganzer Credit ist hin — Aufrichtig ge¬ || standen ich kan die Schmach nicht abwarten
109,2,8535,8536,¬,Abwe,senheit,Abwesenheit,join,high,"joined form attested in DWDS (343,834 hits)",False,0,343834,0,,2,,iner Frau den Amts Pfänder in meiner Abwe¬ || senheit ins Hauß schickte — O Gott was muß
112,2,8620,8621,¬,abſo,lut,abſolut,join,high,joined form occurs elsewhere in this corpus,False,47,,0,,1,," mir dahin bringen will, daß ich ihm abſo¬ || lut wieder als Geschäftsmann annehmen soll"
112,2,8625,8626,¬,Wilde,Ganst,WildeGanst,join,high,joined form occurs elsewhere in this corpus,False,6,,0,,1,,lles verwickelt ist andrehen laßen. Wilde¬ || Ganst und der Jude ſizzen Tage um Nacht be
112,2,8636,8637,¬,vermäht,daß,vermähtdaß,join,high,head is not a word on its own,False,0,0,0,111,1900,,t den Grafen Schlabrendorff dahin vermäht¬ || daß er den Wechßel aus den Händen der Jude
112,2,8639,8640,¬,figu,riren,figuriren,join,high,head is not a word on its own,False,0,7,0,230,1,,"ie Juden müßen nur in der Geschichte figu¬ || riren, und daher glaube ich daß Schlabrend"
114,1,8695,8696,¬,ein,mahl,einmahl,join,high,joined form occurs elsewhere in this corpus,False,50,,806,,37,,"schließe. — Gäbe der Himmel nur ein¬ || mahl einen günstigen Augenblik, als"
114,1,8698,8699,¬,geü,digete,geüdigete,join,high,head is not a word on its own,False,0,0,0,39,1,,"ie Schnee noth bekommen, die jezt den geü¬ || digete würde, so drücke"
114,1,8700,8701,¬,da,mit,damit,join,high,joined form occurs elsewhere in this corpus,False,250,,451,,1449,,"Würd es aber nun bald abgemacht, da¬ || mit Ew. Hochwohlg. nicht länger gekränkt"
114,2,8725,8726,¬,dan,ke,danke,join,high,joined form occurs elsewhere in this corpus,False,6,,66,,1,,"Für die gnädige Theilnahme, dan¬ || ke ich unterthänigst; empfehle mich zum"
115,2,8754,8755,¬,Angelegen,heit,Angelegenheit,join,high,joined form occurs elsewhere in this corpus,False,24,,2,,11,,l er habe mit ihm in der Quest. Angelegen¬ || heit zu sprechen — vorläufig lege er ihm a
116,1,8788,8789,¬,vorge,tragen,vorgetragen,join,high,joined form occurs elsewhere in this corpus,False,3,,1,,34,,ndern die Sache bald so bald anders vorge¬ || tragen wird. So heiſt es zum Beispiel daß
116,1,8795,8796,¬,Geschwäh,und,Geschwähund,join,high,head is not a word on its own,False,0,0,0,0,5311,,er vor eine Unrecht verstandenes Geschwäh¬ || und fürchte nur daß Ewer Durchlaucht Ehre 
116,2,8804,8805,¬,Erb,Zins,ErbZins,join,high,joined form occurs elsewhere in this corpus,False,2,,4,,37,," zu ewigen Zeiten 4 bis 5000 rt jährl Erb¬ || Zins zahlen müße, und daß Ewr Durchl Befeh"
116,2,8811,8812,¬,aner,bieten,anerbieten,join,high,joined form occurs elsewhere in this corpus,False,1,,0,,10,,"n und Entschloßenheit, verachtet ihr aner¬ || bieten beſonders alle Beſtechungen, ſo iſt"
116,2,8812,8813,-,an,Ziele,anZiele,split,high,joined form unattested; both halves are real words,False,0,0,1008,203629291,26,12352247,"s alle Beſtechungen, ſo iſt man gleich an- || Ziele mit diese Brut."
117,1,8850,8851,¬,Instru,ment,Instrument,join,high,joined form occurs elsewhere in this corpus,False,20,,0,,4,,"bach gefahren, und habe diesen das Instru¬ || ment, wie es v. Grotowski ausstellen muß e"
117,1,8856,8857,¬,Instru,ment,Instrument,join,high,joined form occurs elsewhere in this corpus,False,20,,0,,4,," zu schicken damit er das Cessions Instru¬ || ment vollzieht, wornach ich denn die Sache"
117,2,8872,8873,¬,ge,macht,gemacht,join,high,joined form occurs elsewhere in this corpus,False,121,,16,,82,,"t eine ganz außerordentliche Sensation ge¬ || macht, das Volck hat laut gejubelt, und ma"
117,2,8879,8880,¬,ge,schrieben,geschrieben,join,high,joined form occurs elsewhere in this corpus,False,61,,16,,6,,r hat mit gestriger Post an M Stösseln ge¬ || schrieben und ist redlich von nun an bemüh
118a,1,8922,8923,-,tro,Dieſen,troDieſen,split,high,joined form unattested; both halves are real words,False,0,0,0,2735,225,15,"laucht indes daß doch mit den Leuten, tro- || Dieſen trüben Aussichten contrahirt werden"
118a,2,8940,8941,¬,ge,wis,gewis,join,high,joined form occurs elsewhere in this corpus,False,72,,16,,1,,ner Anschlag geschickt. Der verspricht ge¬ || wis zu kommen und gleich viel Geld mitzubr
120,1,9072,9073,¬,Instru,Quest,InstruQuest,join,high,head is not a word on its own,False,0,0,0,351,8,,"hend — Sie ſchlägt es vnnd ab, das Instru¬ || Quest: ehender heraus zu geben, bis ſie di"
120,2,9077,9078,¬,gebrau,chen,gebrauchen,join,high,joined form occurs elsewhere in this corpus,False,3,,0,,4,,daß Ewr Durchlaucht solche apparte gebrau¬ || chen können — Auch der Accept wegen des 2t
122,1,9103,9104,¬,Hus,sinitz,Hussinitz,join,high,joined form occurs elsewhere in this corpus,False,1,,0,,1,,anis reiſet ſo eben mit der Poſt nach Hus¬ || sinitz ab — ich verspreche mir von dieſer 
123,1,9114,9115,¬,Schrei,ben,Schreiben,join,high,joined form occurs elsewhere in this corpus,False,327,,0,,9,,"ielt ich per Estaffette beigehende Schrei¬ || ben des p Kunckel, welches ich Ewr Hochfür"
125,1,9157,9158,¬,Hoch,fürstliche,Hochfürstliche,join,high,joined form occurs elsewhere in this corpus,False,275,,22,,6,,kommen — Sie wollen im 4 Uhr bey Ewr Hoch¬ || fürstliche Durchlaucht sein.
125,1,9159,9160,¬,darü,ber,darüber,join,high,joined form occurs elsewhere in this corpus,False,74,,0,,20,," habe hier etwas mit sie verhandelt, darü¬ || ber werde ich Euer Durchlaucht Nachmittag"
126,1,9172,9173,¬,Glaubensbrü,der,Glaubensbrüder,join,high,"joined form attested in DWDS (17,090 hits)",False,0,17090,0,,3856,,wollen nun zurück eilen. Ihre Glaubensbrü¬ || der zusammen ziehen und in 14 Tage alles a
128,2,9235,9236,¬,liqui,dirn,liquidirn,join,held,"held: a real word broken at the line end; the joined form is a period, Latin or name spelling the evidence does not know (checked 2026-09-28)",False,0,0,0,1455,1,1820,"2600 baar bezahlt haben, hiernächst liqui¬ || dirn sie für Bauten pp an 8000 rt. Wann nu"
128,2,9243,9244,¬,ab,gefaßt,abgefaßt,join,high,joined form occurs elsewhere in this corpus,False,1,,106,,3,,"haben müßen. Der Contract ist schlecht ab¬ || gefaßt, dient nur für die Pächter und ist "
128,3,9259,9260,¬,ge,wonnen,gewonnen,join,high,joined form occurs elsewhere in this corpus,False,43,,16,,4,,"men muß. Hierdurch ist erstaunend viel ge¬ || wonnen, und es macht die neuern Collonaten"
128,3,9261,9262,¬,aufzuhe,ben,aufzuheben,join,high,joined form occurs elsewhere in this corpus,False,2,,0,,9,,h die 3 B. den Olesnicer Contract aufzuhe¬ || ben und die generelle dismembration zu bes
128,3,9263,9264,¬,proxe,neticum,proxeneticum,join,high,joined form occurs elsewhere in this corpus,False,3,,0,,1,,nschen. Sie verlangen pro Hube 3 rt proxe¬ || neticum und überhaupt 9 Hufen frey —
128,3,9267,9268,¬,Be,lohnung,Belohnung,join,high,"joined form attested in DWDS (451,216 hits)",False,0,451216,3,,1,,hen überwinden. Er verdient eine große Be¬ || lohnung. Durch seine Hülfe werde ich mit d
129,1,9311,9312,¬,antwor,tet,antwortet,join,high,joined form occurs elsewhere in this corpus,False,8,,0,,3,,lzig hofte ich sehr — Aber Amelang antwor¬ || tet nicht. Wäre da ein Strahl von Hoffnung
129,1,9319,9320,¬,em,pfehlen,empfehlen,join,high,joined form occurs elsewhere in this corpus,False,10,,0,,1,,r die Güter jedem Kauflustigen bestens em¬ || pfehlen und anzeigen solle — den auf diese
131,1,9394,9395,¬,Kol,tzig,Koltzig,join,high,joined form occurs elsewhere in this corpus,False,1,,0,,1,,lles so einleiten daß Ewr Durchlaucht Kol¬ || tzig oder das Darlehn erhalten. Mann giebt
132,1,9420,9421,¬,sezzi,auf,sezziauf,join,high,head is not a word on its own,False,0,0,0,5,1051,,"en war es für mich so lange hier zu sezzi¬ || auf H. Glenck zu warten, und am Ende nicht"
133,1,9497,9498,¬,ver,sprechen,versprechen,join,high,joined form occurs elsewhere in this corpus,False,9,,2,,32,,colat verschaffen. Dies kan ich nicht ver¬ || sprechen. Für allen Schaden wenn er 160/m 
133,3,9534,9535,¬,ge,borgt,geborgt,join,high,joined form occurs elsewhere in this corpus,False,11,,16,,2,,l 200000 rt auf 20 Jahr ohne Intressen ge¬ || borgt haben — das Geld Gesuch werden [C?].
133,4,9551,9552,¬,Ge,macht,Gemacht,join,high,joined form occurs elsewhere in this corpus,False,121,,16,,82,," von allen nichts — Er fiel beinahe in Ge¬ || macht, und wird wohl nicht mehr mit der Fr"
134,1,9598,9599,¬,verstüm,melten,verstümmelten,join,high,"joined form attested in DWDS (17,926 hits)",False,0,17926,0,,1,,"t nun, daß die Güter durch dieser verstüm¬ || melten Taxe total herunter gewürdigt sind,"
134,1,9599,9600,¬,Ver,kauf,Verkauf,join,high,joined form occurs elsewhere in this corpus,False,25,,2,,26,," herunter gewürdigt sind, und daß der Ver¬ || kauf derselben sehr sehr erschwert werden "
134,1,9600,9601,¬,Franck,furth,Franckfurth,join,held,joined form occurs elsewhere in this corpus,False,0,46,0,149422,2,168578,"r erschwert werden wird. Selbst in Franck¬ || furth wird, da diese Leute auf ein Anlehn "
134,2,9604,9605,¬,Instru,mente,Instrumente,join,high,joined form occurs elsewhere in this corpus,False,3,,0,,1,,"ucht davon muß, so muß er auch die Instru¬ || mente sehen, und auf der Art bekömt er die"
134,3,9626,9627,¬,ge,sagt,gesagt,join,high,joined form occurs elsewhere in this corpus,False,92,,16,,104,,"ang]: zu sich rufen laßen, und hat ihm ge¬ || sagt. Daß Sr. Majest. Ewr. Durchl. weder S"
134,3,9634,9635,¬,Dedoma,gement,Dedomagement,join,high,joined form occurs elsewhere in this corpus,False,2,,0,,2,,ändern bezahlten Intressen als ein Dedoma¬ || gement für die verlohrenen Brzyzer Güter s
134,4,9644,9645,¬,geant,wortet,geantwortet,join,high,joined form occurs elsewhere in this corpus,False,13,,2,,3,,sondiren mögte. Amelang hat ihm den geant¬ || wortet. Er wiße daß Ewr Durchlaucht von Kö
134,5,9667,9668,¬,Reso,lution,Resolution,join,high,joined form occurs elsewhere in this corpus,False,16,,0,,1,,"g daß man artig sein und keine grobe Reso¬ || lution geben, sondern solche gänzlich zurü"
134,6,9688,9689,¬,Inva,liden,Invaliden,join,high,joined form occurs elsewhere in this corpus,False,99,,0,,1,,t der Sach nichts zu thun haben. Die Inva¬ || liden Casse will kein Geld geben — eben so
134,6,9698,9699,¬,Con,tracte,Contracte,join,high,joined form occurs elsewhere in this corpus,False,18,,1,,1,,egeben und sich mit sie in Societaets Con¬ || tracte eingelaßen hat. Es wird am Ende not
134,7,9722,9723,¬,Hy,potheque,Hypotheque,join,high,joined form occurs elsewhere in this corpus,False,54,,0,,2,,auchs geben — Man fordert aber sichere Hy¬ || potheque. Wo soll ich diese aber hernehmen
135,1,9760,9761,¬,angewie,seine,angewieseine,join,high,head is not a word on its own,False,0,0,0,31,194,,"ne, und auf die ersten Kaufgelder angewie¬ || seine Provision von 2 pc. von denen erster"
135,2,9784,9785,¬,bemü,hung,bemühung,join,high,joined form occurs elsewhere in this corpus,False,2,,0,,1,," mögte, für diese seine Nachweisung, bemü¬ || hung und den mir dadurch geleisteten Diens"
135,2,9798,9799,¬,erfau,den,erfauden,join,high,head is not a word on its own,False,0,0,0,0,2764,,"dem Herrn Ordens komm. Rath Ludolff erfau¬ || den werden solte, daß solche einen rechten"
135,2,9803,9804,¬,ver,kaufen,verkaufen,join,high,joined form occurs elsewhere in this corpus,False,16,,2,,32,,arleiher dieser 60/m rt. fernerweitig ver¬ || kaufen können gefallen laßen müßen.
136,1,9827,9828,¬,be,würkt,bewürkt,join,high,joined form occurs elsewhere in this corpus,False,16,,3,,3,,"elben Ewr Hochfürſtl. Durchlaucht Ruhe be¬ || würkt, und mein Dicker H Schwager auch zuf"
136,3,9867,9868,¬,Lucke,dini,Luckedini,join,held,"held: a real word broken at the line end; the joined form is a period, Latin or name spelling the evidence does not know (checked 2026-09-28)",False,0,0,0,58279,2,14460,"n, nach welchem, was das Attest des Lucke¬ || dini[?] eingeht, die Güter sofort eingezog"
136,3,9879,9880,¬,zu,rück,zurück,join,high,joined form occurs elsewhere in this corpus,False,197,,2964,,14,, die 27/m rt. hatt sofort auf Trąbczyn zu¬ || rück gehen und wird sich hernach beßer beh
136,5,9926,9927,¬,angrän,Zende,angränZende,join,high,head is not a word on its own,False,0,6,0,9,1,,hts geben. Indes hat sich der dort angrän¬ || Zende v Biskupski aus Kuchar bey mir gemel
136,5,9929,9931,¬,Collo,nisten,Collonisten,join,review,crosses a page break - check by hand,True,23,0,0,779,2,49843,n weil er schon viel Händel mit die Collo¬ || nisten gehabt hatt. Den dieser Strich soll
136,6,9936,9937,¬,la,virn,lavirn,join,held,"held: a real word broken at the line end; the joined form is a period, Latin or name spelling the evidence does not know (checked 2026-09-28)",False,0,0,4,1645093,1,16,Grądzyń muß ich der Pfaffen wegen noch la¬ || virn — den diese verlangen frei Bau und Br
136,7,9957,9958,¬,Inzwi,schen,Inzwischen,join,high,joined form occurs elsewhere in this corpus,False,64,,0,,6,,"inkämt, wird in Tresor abgeliefert. Inzwi¬ || schen wird dies einer am Capital von etwan"
136,8,9985,9986,¬,Bürger,meister,Bürgermeister,join,high,joined form occurs elsewhere in this corpus,False,13,,11,,4,,e von Posen über Peisern an Justiz Bürger¬ || meister Schenck mit alle an Glenck seit ei
136,8,9988,9989,¬,herun,treibe,heruntreibe,join,high,head is not a word on its own,False,0,0,0,139,3,," und 3 kleinere — Wie kan aus solch herun¬ || treibe, was klugns werden, und was macht d"
136,10,10025,10026,¬,ab,Ich,abIch,join,high,"joined form attested in DWDS (1,366 hits)",False,0,1366,106,,4497,,uhr unter Kummer und Sorge nach Kalisz ab¬ || Ich habe den saubern Herrn nun noch nicht 
136,11,10032,10033,¬,irrepa,räblen,irreparäblen,join,high,head is not a word on its own,False,0,0,0,0,1,, rachsüchtigen Bösen und würcklich irrepa¬ || räblen neidischen Menschen halte.
136,11,10044,10045,¬,Be,stimmten,Bestimmten,join,high,joined form occurs elsewhere in this corpus,False,5,,3,,1,,"l die Uebergabe sein. Ist er nicht zur Be¬ || stimmten Zeit da, so hat Dąmbrowski eine A"
136,12,10054,10055,¬,Lombar,dini,Lombardini,join,high,joined form occurs elsewhere in this corpus,False,27,,0,,2,,"das Darlehn und bringe das Geld an Lombar¬ || dini, von da eile ich nach Trąbczyn und ha"
137,1,10073,10074,¬,Franck,furth,Franckfurth,join,held,joined form occurs elsewhere in this corpus,False,0,46,0,149422,2,168578,dländer sey verreist. Sie würde in Franck¬ || furth alles berichtigen. Da ich heute hier
137,2,10093,10094,¬,ge,wonnen,gewonnen,join,high,joined form occurs elsewhere in this corpus,False,43,,16,,4,, etliche Siebenzig tausend rt. dadurch ge¬ || wonnen. Hätte ich mir ehender alleine und 
138,1,10136,10137,¬,deter,minirt,determinirt,join,high,joined form occurs elsewhere in this corpus,False,1,,2,,1,,"h offeriret, sie ist zu 10000 rthl. deter¬ || minirt[?], u darauf ist nach der angesetzt"
138,1,10137,10138,¬,Ver,fügung,Verfügung,join,high,joined form occurs elsewhere in this corpus,False,14,,2,,1,,"?], u darauf ist nach der angesetzten Ver¬ || fügung reflectirt u die deposition so wei"
139,1,10157,10158,¬,Aufopfe,rungen,Aufopferungen,join,high,joined form occurs elsewhere in this corpus,False,2,,0,,2,,"usuliert, daß man bey den grösten Aufopfe¬ || rungen auch nicht den mindesten Vorteil zu"
139,1,10162,10163,¬,Beschleu,nigung,Beschleunigung,join,high,joined form occurs elsewhere in this corpus,False,2,,0,,1,,n ein und bath um die möglichste Beschleu¬ || nigung selbigen zu vollziehen und für beid
139,2,10177,10178,¬,ver,geblich,vergeblich,join,high,joined form occurs elsewhere in this corpus,False,9,,2,,2,,keine Sylbe. Hier nage ſizze ich hier ver¬ || geblich — Gott es ist schrecklich was sich
139,3,10197,10198,¬,ver,ſäumen,verſäumen,join,high,joined form occurs elsewhere in this corpus,False,5,,2,,2,,d nach Betsche ab in dorten nichts zu ver¬ || ſäumen — den mit Bornsted wird es viel Lär
139,4,10220,10221,¬,gestan,gestand,gestangestand,join,high,head is not a word on its own,False,0,0,0,177,2,,an über dies Gewäſche werden — den gestan¬ || gestand Meltzer doch ein hätte man auch nu
140,1,10263,10265,¬,Vor,Vorwerk,VorVorwerk,catchword,high,fragment repeats the next page opening,True,0,,296,,12,, in Händen hätte nach welchen sie das Vor¬ || Vorwerk Abre und den grösten Theil der Wal
140,3,10300,10301,¬,Con,tract,Contract,join,high,joined form occurs elsewhere in this corpus,False,93,,1,,1,, zwischen sie geschloßenen Societaets Con¬ || tract heraus giebt.
140,4,10329,10330,¬,ge,haußet,gehaußet,join,held,"held: a real break, checked against the original scan (2026-09-28)",False,0,0,16,215421,1,0,"rt und was die Diebe noch ein Jahrhier ge¬ || haußet hätte, so waren die ſchönen Güter n"
140,5,10343,10344,¬,Men,schen,Menschen,join,high,joined form occurs elsewhere in this corpus,False,157,,3,,6,,uf des erhabensten grösten Mannes und Men¬ || schen freundes —
140,5,10357,10358,¬,ver,ſchneden,verſchneden,join,held,"held: a real break, confirmed by the editor on the scan (2026-09-28)",False,0,0,2,0,1,21,"echtens abmachen, und bey Gott nichts ver¬ || ſchneden, aber in der Geſchichte kan ich o"
140,5,10359,10360,¬,in,tressiren,intressiren,join,high,joined form occurs elsewhere in this corpus,False,1,,1917,,1,,"als, um Gott weis welche Menschen alle in¬ || tressiren sich vor den Armen wicht und sei"
140,6,10366,10367,¬,Con,tracten,Contracten,join,high,joined form occurs elsewhere in this corpus,False,4,,1,,1,,"n alle, daß sie kein Geld sondern die Con¬ || tracten beſtimmte Summen Holz haben wollen"
140,6,10368,10369,¬,zer,nichten,zernichten,join,high,joined form occurs elsewhere in this corpus,False,1,,0,,1,,ie in den Kauf mit den Unterthanen zu zer¬ || nichten. Hier werde ich aber mit die Gaune
140,6,10379,10380,-,ge,daß,gedaß,split,high,joined form unattested; both halves are real words,False,0,11,16,215421,1900,17145440,e nicht ehender als den 2ten Aug nötig ge- || daß das Geld an Broniewski erlegt würde.
141,1,10428,10429,¬,ge,zogen,gezogen,join,high,joined form occurs elsewhere in this corpus,False,27,,16,,6,," hat sich wohl weißlich aus dem Staube ge¬ || zogen, ein hernach alles auf den einfältig"
141,2,10446,10447,¬,ange,bracht,angebracht,join,high,joined form occurs elsewhere in this corpus,False,3,,0,,4,,ein Mensch hier hat sie beim Theater ange¬ || bracht und giebt Bälle für die ganze Bande
142,1,10469,10470,¬,ver,muthlich,vermuthlich,join,high,joined form occurs elsewhere in this corpus,False,10,,2,,2,,"sagt Bornstädt, daß er abreisen will. ver¬ || muthlich ist sein Reise Geld all. Ich lies"
142,1,10471,10472,¬,verschie,dene,verschiedene,join,high,joined form occurs elsewhere in this corpus,False,6,,0,,1,,"die Papiere, oder eigentlich die verschie¬ || dene Pacht und Vergleichs Contracte welche"
142,2,10485,10486,¬,Hono,rarium,Honorarium,join,high,joined form occurs elsewhere in this corpus,False,2,,0,,1,,"en muß er, ohne daß ihm versprochene Hono¬ || rarium in dem Betscher Kaufs Geschäft, 750"
143,1,10503,10504,¬,An,gelegenheit,Angelegenheit,join,high,joined form occurs elsewhere in this corpus,False,24,,1008,,19,, dieſelben betreffenden Entſchädigungs An¬ || gelegenheit zu unterrichten.
143,1,10506,10507,¬,Ge,schäft,Geschäft,join,high,joined form occurs elsewhere in this corpus,False,38,,16,,2,,allerhöchst mit der Art wie dieses Ge¬ || schäft beendet worden zufrieden erklären; 
145,2,10561,10562,¬,er,teilen,erteilen,join,high,joined form occurs elsewhere in this corpus,False,4,,1278,,1,,"stliche Durchlaucht doch den Befehl zu er¬ || teilen, daß der Contract auf das eiligste "
145,2,10562,10563,¬,ab,gefordert,abgefordert,join,high,joined form occurs elsewhere in this corpus,False,2,,106,,10,,Contract auf das eiligste von Rochlitz ab¬ || gefordert und mittelst Vollmacht an H. p G
146,2,10615,10616,¬,ver,kaufen,verkaufen,join,high,joined form occurs elsewhere in this corpus,False,16,,2,,32,,"erklärt, daß der die Komornizen nicht ver¬ || kaufen können, und daß dies ein Irthum gew"
146,2,10621,10622,¬,ge,ruhen,geruhen,join,high,joined form occurs elsewhere in this corpus,False,126,,16,,8,,"lte Glenck die Reversse ausstellen, so ge¬ || ruhen Ewr Durchlaucht mir solche durch die"
146,3,10632,10633,¬,ge,folgt,gefolgt,join,high,joined form occurs elsewhere in this corpus,False,2,,16,,9,, Otocki hat diesen Beispiel zu Kopojno ge¬ || folgt und es wird nicht viel zum Verkaufen
146,3,10637,10638,¬,ver,dorben,verdorben,join,high,joined form occurs elsewhere in this corpus,False,6,,2,,1,,"mt, so ist er gleich bis auf das Blut ver¬ || dorben —"
146,4,10662,10663,¬,Mag,nuski,Magnuski,join,high,joined form occurs elsewhere in this corpus,False,3,,33,,1,,lewski die Forderung an einen gewißen Mag¬ || nuski cedirt
146,4,10665,10666,¬,ge,löscht,gelöscht,join,high,joined form occurs elsewhere in this corpus,False,3,,16,,1,,ument verlohren gegangen es kan nichts ge¬ || löscht und folglich auch nichts bezahlt we
146,4,10671,10672,¬,Regis,tratur,Registratur,join,high,"joined form attested in DWDS (7,816 hits)",False,0,7816,0,,1,,"en Radzinski ist alles besorgt, die Regis¬ || tratur ist aber in einer teuflischen Unord"
147,1,10703,10704,¬,ohn,möglich,ohnmöglich,join,high,joined form occurs elsewhere in this corpus,False,3,,2,,79,,"n hat es ohne Zahl, ich kan auch aber ohn¬ || möglich"
147,3,10734,10735,¬,La,ich,Laich,join,high,"joined form attested in DWDS (13,464 hits)",False,0,13464,4,,4497,,urchlaucht hingeben — aber Brandmarken La¬ || ich mich von Glenck und Rochlitz nicht laß
147,3,10741,10742,¬,Verhaltungs,Befehle,VerhaltungsBefehle,join,high,joined form occurs elsewhere in this corpus,False,1,,1,,20,,"ter Schenck bittet um baldige Verhaltungs¬ || Befehle wegen den Wrąbczyner Gründen, weil"
148,1,10755,10756,¬,künfig,und,künfigund,join,high,head is not a word on its own,False,0,0,0,775,5311,,nsen jährlich — der Verstoß ist zu künfig¬ || und das ſchöne Gut ist beym Himmel verſchl
149,2,10791,10792,¬,Lich,nowski,Lichnowski,join,high,joined form occurs elsewhere in this corpus,False,25,,15,,2,,"zur Bezahlung der Ge Schlabrendorff, Lich¬ || nowski und anderer drückenden Gläubigern n"
149,3,10823,10824,¬,La,mentos,Lamentos,join,high,"joined form attested in DWDS (17,703 hits)",False,0,17703,4,,1,,be die Menschen mit ihren Geſuchen und La¬ || mentos an dem Justiz Bürgermeister Schenck
149,3,10826,10827,¬,er,worbenes,erworbenes,join,high,"joined form attested in DWDS (2,766,591 hits)",False,0,2766591,1278,,1,," wieder schreit, daß ich ihm sein wohl er¬ || worbenes Eigenthum entreißen wolle."
150,1,10845,10846,¬,ver,strichen,verstrichen,join,high,"joined form attested in DWDS (183,499 hits)",False,0,183499,2,,1,,"auflegt, wundert sich aber, daß diese ver¬ || strichen und er nichts erhalten habe. Er d"
150,1,10847,10848,¬,erspa,ren,ersparen,join,high,joined form occurs elsewhere in this corpus,False,2,,0,,6,, will abwägerne Sr. durchl. Verdruß erspa¬ || ren und wünscht fernerhin in gutem Vernehm
150,1,10853,10854,¬,bräch,ta,brächta,join,high,head is not a word on its own,False,0,12,0,35,1,,dort alles in Ordnung und ins Reine bräch¬ || ta. — d. 27ten Nov. 1804
151,1,10864,10865,¬,un,bekant,unbekant,join,high,joined form occurs elsewhere in this corpus,False,1,,2,,5,,"r ſchon, mir die beſondere Art war mir un¬ || bekant. Die Geſchichte mit dHl v Harlem un"
151,1,10877,10879,,besonders,besonders,,catchword,high,unmarked catchword: the page ends with the word the next page begins,True,,,,,,,besonders || besonders da sich solche schreckliche Ausf
152,1,10936,10937,¬,widerwar,tigkeiten,widerwartigkeiten,join,high,head is not a word on its own,False,0,0,0,0,1,,"ist, ist nicht gut — Solte indes widerwar¬ || tigkeiten eintreten, die die dismembration"
154,2,11013,11014,¬,ge,folgt,gefolgt,join,high,joined form occurs elsewhere in this corpus,False,2,,16,,9,,"eben, der mir bis hierher auf der Post ge¬ || folgt ist, dies Schreiben ist von solchen "
154,2,11024,11025,¬,über,dem,überdem,join,high,joined form occurs elsewhere in this corpus,False,12,,305,,1104,,hen — Mitt mir will er sich so lange über¬ || dem herum schießen bis einen der 7﻿-hohlt.
155,1,11046,11047,¬,Schla,brendorffischen,Schlabrendorffischen,join,high,head is not a word on its own,False,0,0,0,686,1,,befehl: daß ich heute in betref der Schla¬ || brendorffischen Zahlung bey dem Herrn Kanz
155,1,11049,11050,¬,Un,terredung,Unterredung,join,high,joined form occurs elsewhere in this corpus,False,4,,2,,1,,en Frist besprach. Das Resultat dieser Un¬ || terredung war nicht sehr tröstlich. Er sag
155,1,11052,11053,¬,Post,Tag,PostTag,join,high,joined form occurs elsewhere in this corpus,False,2,,104,,42,,n und noch vor dem nächsten Berliner Post¬ || Tag geleisteten Zahlung von der Widerannah
155,2,11062,11063,¬,be,stimt,bestimt,join,high,joined form occurs elsewhere in this corpus,False,4,,3,,1,,"icht Antrage dahin zu machen, indem Er be¬ || stimt, überzeugt seyn will, daß die Graefi"
155,2,11064,11065,¬,Hochwohlge,bohren,Hochwohlgebohren,join,high,joined form occurs elsewhere in this corpus,False,53,,0,,4,,"auf nie einlassen würden. Euer Hochwohlge¬ || bohren, sehen aus diesen Aeußerungen den d"
155,2,11071,11072,¬,unterthä,nig,unterthänig,join,high,joined form occurs elsewhere in this corpus,False,3,,0,,1,,"hle mich zu fernerer Gewogenheit unterthä¬ || nig, und haben die Ehre mit vollkommenster"
155,2,11072,11073,¬,Ver,ehrung,Verehrung,join,high,joined form occurs elsewhere in this corpus,False,31,,2,,3,,und haben die Ehre mit vollkommenster Ver¬ || ehrung zu seyn.
156,3,11123,11124,¬,Ausdrü,ken,Ausdrüken,join,high,joined form occurs elsewhere in this corpus,False,1,,0,,2,,"m Kanzler Hemuth in den bündigsten Ausdrü¬ || ken versichere lassen, daß ich an verfloss"
156,3,11134,11135,¬,verantwort,lich,verantwortlich,join,high,joined form occurs elsewhere in this corpus,False,3,,0,,15,,"bey meinen eignen Kindern verantwort¬ || lich machen, und es bleibt mir dahero nich"
157,1,11181,11182,¬,Schla,brendorff,Schlabrendorff,join,high,joined form occurs elsewhere in this corpus,False,31,,0,,1,, ist alles gemacht — der Thörichten Schla¬ || brendorff Ihre Drohungen verlachen Ewr Dur
157,1,11187,11188,¬,ver,laßen,verlaßen,join,high,joined form occurs elsewhere in this corpus,False,9,,2,,327,,"in darauf könten sich Ewr Durchlaucht ver¬ || laßen. — Pochammer ist jezt sehr solide, d"
157,2,11209,11210,¬,beru,higen,beruhigen,join,high,joined form occurs elsewhere in this corpus,False,14,,0,,2,,"y habe ich ihm gebeten die Gräfin zu beru¬ || higen, und ihr zu sagen, daß ich Ihr dafür"
158,1,11236,11237,¬,Ge,neral,General,join,high,joined form occurs elsewhere in this corpus,False,112,,16,,3,, nichts erhalten hätten sich der Braun Ge¬ || neral meiner nicht auf das thätigste angen
158,3,11266,11267,¬,er,theilen,ertheilen,join,high,joined form occurs elsewhere in this corpus,False,12,,1278,,7,,"rig, nach Ewr Durchlaucht Schreiben zu er¬ || theilen, ausgedruckt haben — Ehre bleibt i"
158,3,11268,11269,¬,ver,möge,vermöge,join,high,joined form occurs elsewhere in this corpus,False,5,,2,,16,,"erste Triebfeder, ich opfere ihr Mühe ver¬ || möge, und Gesundheit auf. Und die Wahrheit"
158,3,11281,11282,¬,ver,sichert,versichert,join,high,joined form occurs elsewhere in this corpus,False,28,,2,,6,,"rsprochen ihn einige Tausendtstäd, so ver¬ || sichert er die halbe Welt zu dismembriren "
159,1,11314,11315,¬,Ame,lang,Amelang,join,high,joined form occurs elsewhere in this corpus,False,54,,0,,12,,"ichsten Mühe hat endlich der redliche Ame¬ || lang die Sachen in soweit beendigt, daß er"
159,1,11315,11316,¬,Ban,quier,Banquier,join,high,joined form occurs elsewhere in this corpus,False,9,,0,,1,,"en in soweit beendigt, daß er von dem Ban¬ || quier leve eine Anweisung an die Gebrüder "
160,1,11347,11348,¬,abge,macht,abgemacht,join,high,joined form occurs elsewhere in this corpus,False,43,,0,,82,,"t sind. Ich habe mit meinen Freunden abge¬ || macht, daß sie achtung auf die Gelder habe"
160,1,11356,11357,¬,Ze,tressen,Zetressen,join,held,"held: a word broken at the line end, marked - in the transcription and changed to ¬ (2026-09-28); the joined form is a period or garbled spelling",False,0,0,1,35776,1,38," gegeben, daß ich ihm für die richtige Ze¬ || tressen Zahlung hafte. Dagegen muß er mir "
162,2,11446,11447,¬,De,partements,Departements,join,high,joined form occurs elsewhere in this corpus,False,11,,20,,1,,"r, ohne Vorwißen des Gen[eral]. Finanz De¬ || partements, mehr erlaubt sein solle Revisi"
162,2,11451,11452,¬,Er,laubnis,Erlaubnis,join,high,joined form occurs elsewhere in this corpus,False,9,,1278,,2,,"das p Departement geschrieben, und die Er¬ || laubnis nachgesucht. Ich habe dies zu Esta"
162,2,11458,11459,¬,abwar,ten,abwarten,join,high,joined form occurs elsewhere in this corpus,False,16,,0,,486,,er vor Anker liegen und die Antwort abwar¬ || ten. Unter des werde ich die Dismembration
163,1,11505,11506,¬,pro,testationen,protestationen,join,high,joined form occurs elsewhere in this corpus,False,3,,42,,1,,"dem Landrath, schon vor 9 Monate hier pro¬ || testationen eingelegt und die Sache so ein"
163,2,11535,11536,¬,ge,wiesen,gewiesen,join,high,joined form occurs elsewhere in this corpus,False,11,,16,,8,,"e kaufen wolte, von Glenck aber zurück ge¬ || wiesen würde. Meierowitz giebt 13000 baar "
163,2,11540,11541,¬,Schwie,gersohns,Schwiegersohns,join,high,"joined form attested in DWDS (104,870 hits)",False,0,104870,0,,1,,h Grimm will auf den Nahmen seines Schwie¬ || gersohns das Gut Wittow kaufen; Er bietet 
163,4,11586,11587,¬,her,ziehen,herziehen,join,high,"joined form attested in DWDS (49,174 hits)",False,0,49174,64,,42,, ich kaum wieder die Beine hinter mir her¬ || ziehen — der Ärger ist zu mancherlei.
164,3,11661,11662,¬,Niederträch,tig,Niederträchtig,join,high,"joined form attested in DWDS (19,996 hits)",False,0,19996,0,,4,,"nicer Kerln geschloßen worden Niederträch¬ || tig aber ist es von leztern, daß er dennoc"
164,4,11679,11680,¬,ge,nommen,genommen,join,high,joined form occurs elsewhere in this corpus,False,60,,16,,4,,heit die ich vorhero schon in Anspruch ge¬ || nommen hatte.
165,1,11713,11714,¬,Nach,trag,Nachtrag,join,high,joined form occurs elsewhere in this corpus,False,4,,876,,4,,"n Durchlaucht den Befehl erhielte im Nach¬ || trag das zu sagen, was ich hier im Auszug "
165,1,11714,11715,¬,abschrifft,lich,abschrifftlich,join,high,joined form occurs elsewhere in this corpus,False,1,,4,,15,," sagen, was ich hier im Auszug abschrifft¬ || lich anlege. Sr Durchlaucht glauben, daß e"
165,1,11715,11716,¬,denen,selben,denenselben,join,high,joined form occurs elsewhere in this corpus,False,31,,33,,2,,"ege. Sr Durchlaucht glauben, daß es denen¬ || selben von Nutzen seyn dürfte. Höchstdiese"
165,1,11719,11720,¬,schmerz,te,schmerzte,join,high,"joined form attested in DWDS (259,432 hits)",False,0,259432,7,,15,,"ogen war, und gestern dort heftig schmerz¬ || te, jedoch hörte dieser Schmerz diese Nach"
165,2,11726,11727,¬,beru,higen,beruhigen,join,high,joined form occurs elsewhere in this corpus,False,14,,0,,2,,"cht schikten mich, um Ihn darüber zu beru¬ || higen, weil Er wegen seiner fortdauernden "
165,2,11727,11728,¬,Unpäß,lichkeit,Unpäßlichkeit,join,high,joined form occurs elsewhere in this corpus,False,3,,0,,1,, weil Er wegen seiner fortdauernden Unpäß¬ || lichkeit noch nicht seine Aufwartung mache
165,2,11732,11733,¬,un,schäzbaren,unschäzbaren,join,held,"held: a real word broken at the line end; the joined form is a period, Latin or name spelling the evidence does not know (checked 2026-09-28)",False,0,0,2,594768,1,0,"ngen, und zugleich mich deren ferneren un¬ || schäzbaren Gewogenheit empfehlen zu dürfen"
166,1,11745,11746,¬,un,terliegen,unterliegen,join,high,joined form occurs elsewhere in this corpus,False,4,,2,,1,,ßen Cabalen des fin. Departements doch un¬ || terliegen müßen den so viel Schwierigkeite
166,2,11768,11769,¬,Dismem,bration,Dismembration,join,high,joined form occurs elsewhere in this corpus,False,24,,0,,1,, Aufhebung oder Rückgängigkeit der Dismem¬ || bration statt finden könne.
166,2,11774,11775,¬,ver,wendete,verwendete,join,high,"joined form attested in DWDS (8,057,421 hits)",False,0,8057421,2,,1,,"der Schulden so auf die Güter haften, ver¬ || wendete, um die Güter reine zu machen und "
166,2,11777,11778,¬,Sancti,onirt,Sanctionirt,join,held,"held: a real break, checked against the original scan (2026-09-28)",False,1,,0,,1,,. Majest. schon Allerhöchst selbst Sancti¬ || onirt hätten.
166,2,11779,11780,¬,Inhibi,tion,Inhibition,join,high,joined form occurs elsewhere in this corpus,False,1,,0,,6,,"les bewährt gefunden, und hatt die Inhibi¬ || tion zurück genommen, umsomehr da mit dem "
166,3,11794,11795,¬,wer,dung,werdung,join,held,"held: a real word broken at the line end; the joined form is a period, Latin or name spelling the evidence does not know (checked 2026-09-28)",False,0,639,31,26528628,3,20577,sind nur alle Käufer nach der Bekannt wer¬ || dung jener verfluchten Inhibition davon ge
166,3,11798,11799,¬,hin,durch,hindurch,join,high,joined form occurs elsewhere in this corpus,False,1,,52,,522,,ulz frey — den wenn Sie etliche Jahre hin¬ || durch die Revenuen zur Absorbirung der Sch
166,4,11818,11819,¬,Ver,lust,Verlust,join,high,joined form occurs elsewhere in this corpus,False,27,,2,,5,,"geworden, da leide ich wieder 2500 rt Ver¬ || lust — dies sind im kurzer Zeit 19500 rt. "
166,4,11832,11833,¬,Con,fusion,Confusion,join,high,joined form occurs elsewhere in this corpus,False,3,,1,,1,,"urch ein ganzes Menschen Alter in der Con¬ || fusion fortdauerte, als es sonsten gescheh"
167,1,11847,11848,¬,Hochwohl,gebohren,Hochwohlgebohren,join,high,joined form occurs elsewhere in this corpus,False,53,,3,,3,,"ahren befehlen Sie mir nach Euer Hochwohl¬ || gebohren, unter Höchst Ihrer Empfehlung"
167,1,11849,11850,¬,Höchstdiesel,ben,Höchstdieselben,join,high,joined form occurs elsewhere in this corpus,False,18,,0,,9,,"anliegenden Brief zu senden. Höchstdiesel¬ || ben würden gerne selbst geschrieben, ha¬"
167,1,11850,11851,¬,ha,ben,haben,join,high,joined form occurs elsewhere in this corpus,False,545,,1,,9,,"ben würden gerne selbst geschrieben, ha¬ || ben, wenn nicht schon in einer Stunde die"
167,2,11860,11861,¬,voll,kommenster,vollkommenster,join,high,joined form occurs elsewhere in this corpus,False,5,,27,,1,,Gewogenheit und habe die Ehre in voll¬ || kommenster Verehrung zu beharren:
168,2,11895,11896,¬,ei,ligst,eiligst,join,high,joined form occurs elsewhere in this corpus,False,13,,1,,1,,"ang eine Beſchreibung der ganzen Sache ei¬ || ligst überschickt, damit er dem H v Klewit"
168,2,11900,11901,¬,Ar,beiten,Arbeiten,join,high,joined form occurs elsewhere in this corpus,False,31,,0,,1,, indes für mich daß ich bey den vielen Ar¬ || beiten noch gegen eine Rotte bösewichter K
168,4,11955,11956,¬,Justiti,ariat,Justitiariat,join,high,head is not a word on its own,False,0,572,0,0,1,,rmuthlich sein Engagement und das Justiti¬ || ariat aufgeben — ich muß nun diesen Kerl a
168,4,11965,11966,¬,Durch,laucht,Durchlaucht,join,high,joined form occurs elsewhere in this corpus,False,1523,,522,,42,,ius selbst zu wählen. Ich werde Ewr Durch¬ || laucht darüber mündlichen Vortrag machen.
169,1,11984,11985,¬,we,sie,wesie,join,held,"held: a real break, confirmed by the editor on the scan (2026-09-28)",False,0,59,1,26550,1188,295670803,"ben Nahmen wie ſein wollen und gehören we¬ || sie wollen, so soll sie die Cammer zurück "
169,4,12051,12052,¬,ver,sezt,versezt,join,high,joined form occurs elsewhere in this corpus,False,7,,2,,7,,potheque von Olesnice bey Oppenheimer ver¬ || sezt hat darüber lärmt der Mensch und schr
169,4,12055,12056,¬,prio,ritæt,prioritæt,join,held,"held: a real word broken at the line end; the joined form is a period, Latin or name spelling the evidence does not know (checked 2026-09-28)",False,0,0,0,5717,1,0,"lte der Inhaber jener Hypotheque die prio¬ || ritæt einräumen, nun hat der Patron erfahr"
169,4,12065,12066,¬,ge,funden,gefunden,join,high,joined form occurs elsewhere in this corpus,False,12,,16,,3,,"avor daß Sprengel seine 18 Morgen will ge¬ || funden haben, sollen Sie den Kerl wieder b"
170,1,12087,12088,¬,Auf,trag,Auftrag,join,high,joined form occurs elsewhere in this corpus,False,12,,1051,,4,, zurück. Lezteren erklärte ich meinen Auf¬ || trag den ich an ihm hätte ganz in der Art 
170,1,12089,12090,¬,son,dern,sondern,join,high,joined form occurs elsewhere in this corpus,False,131,,0,,6,,"r, er schien darüber nicht betroffen, son¬ || dern forschte darnach, wer ihm bey Sr Durc"
170,1,12094,12095,¬,entge,gengesetzten,entgegengesetzten,join,high,"joined form attested in DWDS (97,942 hits)",False,0,97942,0,,1,,"hnen, da er sähe, daß man bey einer entge¬ || gengesetzten Handlungsweise, nie sicher wä"
170,1,12095,12096,¬,die,sen,diesen,join,high,joined form occurs elsewhere in this corpus,False,225,,4593,,11,,"Handlungsweise, nie sicher wären, und die¬ || sen einmal streng geahndet würde. Er versi"
170,2,12101,12102,¬,ehegefahr,das,ehegefahrdas,join,high,head is not a word on its own,False,0,0,0,9,1285,,"auch wirklich traf, und der mir ehegefahr¬ || das nemlichen erwiederte, nur mit dem Zusa"
170,2,12108,12109,¬,Hoch,wohlgebohren,Hochwohlgebohren,join,high,joined form occurs elsewhere in this corpus,False,53,,22,,3,,"iner Handlungen entgegen sehen. Euer Hoch¬ || wohlgebohren, berichte ich dieses alles eb"
170,2,12112,12113,¬,Ver,ehrung,Verehrung,join,high,joined form occurs elsewhere in this corpus,False,31,,2,,3,,renden Poß abgehen. In vollkommenſter Ver¬ || ehrung:
171,1,12126,12127,¬,Versiche,rung,Versicherung,join,high,joined form occurs elsewhere in this corpus,False,31,,1,,5,,"rlaube ich mir, denenselben, die Versiche¬ || rung zuertheilen, daß Sr Durchlaucht"
171,1,12130,12131,¬,ge,schwollen,geschwollen,join,high,joined form occurs elsewhere in this corpus,False,1,,16,,1,,"sind, der Fuß ist nur wenig mehr ge¬ || schwollen, und verursacht keine Schmer¬"
171,1,12131,12132,¬,Schmer,zen,Schmerzen,join,high,joined form occurs elsewhere in this corpus,False,2,,0,,1,,"schwollen, und verursacht keine Schmer¬ || zen. Sr durchlaucht wollen sich bestens em"
171,1,12134,12135,¬,Kay,sers,Kaysers,join,high,joined form occurs elsewhere in this corpus,False,9,,0,,2,,"artige Benehmen Sr Majestät, des Kay¬ || sers noch mehr Vergnügen hervorgebracht"
171,2,12139,12140,¬,schmeichel,haftesten,schmeichelhaftesten,join,high,"joined form attested in DWDS (77,161 hits)",False,0,77161,0,,1,,reslau soll der Kayser mit den schmeichel¬ || haftesten Ausdrüken von Sr. Durchlaucht
171,2,12142,12143,¬,Hohen,lohe,Hohenlohe,join,high,joined form occurs elsewhere in this corpus,False,48,,11,,1,,"Heute marschirte das Regiment Hohen¬ || lohe hier durch, der Fürst war ihm entge¬"
171,2,12143,12144,¬,entge,gengeritten,entgegengeritten,join,high,head is not a word on its own,False,0,594,0,259,1,,"lohe hier durch, der Fürst war ihm entge¬ || gengeritten. Morgen wird der Herzog"
171,2,12148,12149,¬,behar,ren,beharren,join,high,joined form occurs elsewhere in this corpus,False,2,,1,,6,,unbegrenztesten Hochachtung zu behar¬ || ren.
172,1,12175,12176,¬,ge,fertiget,gefertiget,join,high,joined form occurs elsewhere in this corpus,False,3,,16,,2,,n Principien unterm 2 Septr. a. pr. zu ge¬ || fertiget hat. So wohl bey diesen als auch 
172,2,12179,12180,¬,compro,mittirt,compromittirt,join,high,joined form occurs elsewhere in this corpus,False,3,,0,,1,,"en kommen laßen, und das Collegium compro¬ || mittirt, dagegen hat sich das Fürstl Domin"
172,2,12198,12199,¬,ver,langen,verlangen,join,high,joined form occurs elsewhere in this corpus,False,12,,2,,11,,der die Winnickische Erbe geklagt und ver¬ || langen noch 1300 rt. rückſtändige Vermeßun
173,1,12223,12224,¬,Auf,trag,Auftrag,join,high,joined form occurs elsewhere in this corpus,False,12,,1051,,4,,"dem Justiz Bürgermeister Schenck, den Auf¬ || trag gemacht sämtlich dort vorhandene Papi"
173,2,12249,12250,¬,dismembra,tions,dismembrations,join,high,joined form occurs elsewhere in this corpus,False,8,,0,,2,," dem von Landrath eingereichten dismembra¬ || tions Plänen, und nach diesen erhalte ich "
173,3,12266,12267,¬,ver,schaffen,verschaffen,join,high,joined form occurs elsewhere in this corpus,False,13,,2,,50,,laucht den lezt ihm gemeldeten Nuzzen ver¬ || schaffen zu können.
173,4,12289,12290,¬,appro,biren,approbiren,join,high,joined form occurs elsewhere in this corpus,False,4,,0,,1,,anne Nahmens Brauer wolte Sie gerne appro¬ || biren — Sie könten den Punckt aber darin n
174,1,12311,12312,¬,ge,bracht,gebracht,join,high,joined form occurs elsewhere in this corpus,False,53,,16,,4,,"ets apparte gelohnt, und bey jeden Act ge¬ || bracht werde dies Betrug jährlich wohl 200"
174,2,12337,12338,-,unge,schaut,ungeschaut,split,high,joined form unattested; both halves are real words,False,0,392,0,3502,1,6341501,"n und die Kerls wurden nicht so ganz unge- || ﻿schaut forthin betrügen, den einen Fürste"
174,2,12350,12351,¬,Sicher,heit,Sicherheit,join,high,joined form occurs elsewhere in this corpus,False,20,,19,,11,," die 100/m ich bey so sufficienter Sicher¬ || heit rechneten, den die 50/m. rt so man ge"
175,1,12392,12393,¬,anlie,genden,anliegenden,join,high,joined form occurs elsewhere in this corpus,False,3,,0,,2,,"em Befehl Euer Hochwohlgebohren die anlie¬ || genden Piecen zu übersenden, wovon das ein"
175,1,12396,12397,¬,die,sen,diesen,join,high,joined form occurs elsewhere in this corpus,False,225,,4593,,11,,"dern Meinung zuschreiben, und was in die¬ || sen Sachen zu thun ist, besonders draengen"
175,1,12400,12401,¬,wür,den,würden,join,high,joined form occurs elsewhere in this corpus,False,113,,1,,2764,,"öpft wurde, nicht etwas im bloßen, so wür¬ || den Höchst Sie sogleich die erforderliche "
176,1,12416,12417,¬,ge,horsamst,gehorsamst,join,high,joined form occurs elsewhere in this corpus,False,36,,16,,1,,"wohlgebohren, melde ich hierdurch ganz ge¬ || horsamst, daß gestern Nachmittag und"
176,1,12418,12419,¬,Able,ben,Ableben,join,high,"joined form attested in DWDS (79,478 hits)",False,0,79478,0,,9,,hr p Estafette die Nachricht von dem Able¬ || ben des regierenden Fürsten zu Hohenlohe
176,1,12425,12426,¬,hinzugetra,tenen,hinzugetratenen,join,high,head is not a word on its own,False,0,0,0,0,1,,"fallen, und endete durch einen hinzugetra¬ || tenen Schlagfluß, den 27ten frühe nach 10 "
176,2,12428,12429,¬,Oehrin,gen,Oehringen,join,high,head is not a word on its own,False,0,234,0,0,70,,"in Fraues und rähmliches Leben. In Oehrin¬ || gen, so wie in allen Hohenlohischen Orten "
176,2,12429,12430,¬,die,ses,dieses,join,high,joined form occurs elsewhere in this corpus,False,119,,4593,,2,," so wie in allen Hohenlohischen Orten die¬ || ses Stammtheils, wurde sogleich, laut dem"
176,2,12438,12439,¬,Par,tage,Partage,join,held,"held: a real word broken at the line end; the joined form is a period, Latin or name spelling the evidence does not know (checked 2026-09-28)",False,0,287,7,77361,122,709139,"einen gewissen falsch verstandenen Par¬ || tage Traktat gründen, zu üben, allein"
176,2,12440,12441,¬,Ingel,finger,Ingelfinger,join,held,head is not a word on its own,False,0,100,1,337,1,1394459,"es wurde von den Aufaenger der Ingel¬ || finger Seite mannlich widerstanden, die"
176,2,12442,12443,¬,Ingel,fingischen,Ingelfingischen,join,held,head is not a word on its own,False,0,0,1,337,1,0,"Trouppen zurückgewiesen, und die Ingel¬ || fingischen Besitz-Ergreifungs Patente-"
176,2,12443,12445,-,Patente,angeschlagen,Patenteangeschlagen,split,review,crosses a page break - check by hand,True,0,0,0,409120,2,223897,"fingischen Besitz-Ergreifungs Patente- || angeschlagen, auch da, wo man sich von der"
176,3,12445,12446,¬,gegne,rischen,gegnerischen,join,high,"joined form attested in DWDS (504,674 hits)",False,0,504674,0,,3,,"lagen, auch da, wo man sich von der gegne¬ || rischen Seite beygehen lies — welche anzus"
176,3,12450,12451,¬,nunmehri,gen,nunmehrigen,join,high,"joined form attested in DWDS (22,506 hits)",False,0,22506,0,,70,,"die Ankunft Sr. Durchlaucht, als nunmehri¬ || gen Herrn der blühendsten Fluren Fran¬"
176,3,12451,12452,¬,Fran,kens,Frankens,join,high,"joined form attested in DWDS (3,012,789 hits)",False,0,3012789,0,,1,,"gen Herrn der blühendsten Fluren Fran¬ || kens Höchstdieselben werden, auch die Reiß"
176,3,12457,12458,¬,Ein,sicht,Einsicht,join,high,joined form occurs elsewhere in this corpus,False,4,,806,,4,, so mehr Euer Hochwohlgebohren weisen Ein¬ || sicht alle südpreußischen Angelegenheiten
177,1,12477,12478,¬,dor,ten,dorten,join,high,joined form occurs elsewhere in this corpus,False,143,,0,,486,,"ste gestern nach Südpreußen eilen und dor¬ || ten Getreide zu sammen zu treiben, Miniſt."
177,3,12522,12523,¬,Dis,membration,Dismembration,join,high,joined form occurs elsewhere in this corpus,False,24,,6,,1,,"ennung der neuen Dörfer die durch die Dis¬ || membration bey Zagorowo, und Trąbczyn ent¬"
177,3,12523,12524,¬,ent,stehen,entstehen,join,high,joined form occurs elsewhere in this corpus,False,3,,0,,94,,"membration bey Zagorowo, und Trąbczyn ent¬ || stehen."
177,4,12574,12575,¬,Con,tractmäßig,Contractmäßig,join,held,"held: a real word broken at the line end; the joined form is a period, Latin or name spelling the evidence does not know (checked 2026-09-28)",False,0,0,1,96931,1,0,Ihre Weide und Holzklazze[?] Con¬ || tractmäßig bestimmt.
177,4,12576,12578,,Gelder,Gelder,,catchword,high,unmarked catchword: the page ends with the word the next page begins,True,,,,,,,Gelder || Gelder sind erst eingegangen 7130 rt. davo
178,1,12645,12646,¬,Hochwohlge,bohren,Hochwohlgebohren,join,high,joined form occurs elsewhere in this corpus,False,53,,0,,4,,"ngepakt habe, und die für Euer Hochwohlge¬ || bohren bestimmt waren. Dieſelben werden"
178,1,12647,12648,¬,denensel,ben,denenselben,join,high,joined form occurs elsewhere in this corpus,False,31,,0,,9,,"dis Versehen verzeihen, wenn ich denensel¬ || ben sage, daß ich die leztern Nächte vor d"
178,1,12651,12653,¬,aus,gemacht,ausgemacht,join,review,crosses a page break - check by hand,True,3,1280254,550,171904164,121,67278827,"alles was das Hohenlohischen angrenge aus¬ || gemacht werden sollte, ehe die Reiße ange¬"
178,2,12653,12654,¬,ange,treten,angetreten,join,high,joined form occurs elsewhere in this corpus,False,2,,0,,16,,"gemacht werden sollte, ehe die Reiße ange¬ || treten würde, die übrigen Chartes blanches"
179,1,12673,12674,¬,ent,fernt,entfernt,join,high,joined form occurs elsewhere in this corpus,False,10,,0,,1,,", daß ich von Ewr Durchlaucht so weit ent¬ || fernt leben und ſo ſelte Nachricht haben ſ"
179,1,12689,12690,¬,Authen,tisches,Authentisches,join,high,"joined form attested in DWDS (754,582 hits)",False,0,754582,0,,1,,ent vor von welchen ich Morgen ein Authen¬ || tisches Attest über die für immer festehen
179,2,12698,12699,¬,ab,gezahlt,abgezahlt,join,high,joined form occurs elsewhere in this corpus,False,1,,106,,24,,ne Reihe von Jahre dazu bis alles rein ab¬ || gezahlt werden wird.
179,5,12786,12787,¬,zuge,sagt,zugesagt,join,high,joined form occurs elsewhere in this corpus,False,17,,1,,104,,"er Voigtey, und den 300 Morgen Wald, zuge¬ || sagt hätten, geschenkt — dies sey den doch"
179,6,12801,12802,¬,an,den,anden,join,high,"joined form attested in DWDS (60,650 hits)",False,0,60650,1008,,2764,,rtinenz von der Herrschaft Betsche die an¬ || den Unterthanen verkauft ist — es sey nun 
179,8,12870,12871,¬,antwor,ten,antworten,join,high,joined form occurs elsewhere in this corpus,False,18,,0,,486,,te und allen fals zu Estaffette zu antwor¬ || ten sonsten muß ich hier zu lange vergebli
179a,3,12951,12952,¬,gewür,diget,gewürdiget,join,high,joined form occurs elsewhere in this corpus,False,1,,0,,2,,ortrag einer Allergnädigste Ansicht gewür¬ || diget wird.
179a,4,12989,12990,¬,bestim,menden,bestimmenden,join,high,"joined form attested in DWDS (120,555 hits)",False,0,120555,1,,1,,"ne in Succession, höchsten Orts zu bestim¬ || menden Ratis geschehen laßen,"
179a,4,12992,12993,¬,haf,tende,haftende,join,high,joined form occurs elsewhere in this corpus,False,5,,0,,1,,"uf den Gütern für die Invaliden Casse haf¬ || tende Ingrossat von 50000 rth, ferner dara"
179a,6,13023,13024,¬,befriedigen,den,befriedigenden,join,high,"joined form attested in DWDS (200,644 hits)",False,0,200644,20,,2764,,"isten zu laßen, mit meinen zu befriedigen¬ || den Gläubigern Alles Nöthige gerichtlich o"
179a,6,13030,13031,¬,depo,sito,deposito,join,held,"held: a real word broken at the line end; the joined form is a period, Latin or name spelling the evidence does not know (checked 2026-09-28)",False,0,160,0,2212,1,1189,"htlich deponirten Gelder wiederum ex depo¬ || sito zu erheben, überhaupt Alles zu thun, "
180,2,13068,13069,-,diene,könte,dienekönte,split,high,joined form unattested; both halves are real words,False,0,0,0,5096363,97,910,"cht die Mandatarien Ewr Durchlaucht diene- || könte ich allgegenwärtig sein, so solten k"
180,2,13073,13074,¬,Ge,meinden,Gemeinden,join,high,joined form occurs elsewhere in this corpus,False,9,,16,,1,,"n, und thut er daß nicht, so werde die Ge¬ || meinden, die jezt für alles responsable se"
180,2,13078,13079,¬,Stege,litz,Stegelitz,join,held,"held: a real word broken at the line end; the joined form is a period, Latin or name spelling the evidence does not know (checked 2026-09-28)",False,0,832,0,227738,1,15115,ist den 11ten d. ist Pochammer nach Stege¬ || litz zu den H. Geh[eimen]. Cab[inets]: Rat
180,2,13086,13087,-,sezge,alles,sezgealles,join,high,head is not a word on its own,False,0,0,0,0,734,,"nur einmahl beendigt würde, den ich sezge- || alles meine hintenz und erlebe noch das nu"
182,1,13101,13102,¬,ver,ehrtes,verehrtes,join,high,joined form occurs elsewhere in this corpus,False,9,,2,,1,,Ewr Hochfürstliche Durchlaucht höchst ver¬ || ehrtes Schreiben von 11ten dieses. Es enth
182,1,13118,13119,¬,be,vollmächtigten,bevollmächtigten,join,high,joined form occurs elsewhere in this corpus,False,3,,3,,1,,"chrieben, den Hof Fiscal Pochammer als be¬ || vollmächtigten empfohlen, damit er nur ein"
182,2,13122,13123,¬,ent,nehmen,entnehmen,join,high,joined form occurs elsewhere in this corpus,False,7,,0,,128,," Ewr Durchlaucht daraus die Demarcken ent¬ || nehmen können, welche ich allewege einschl"
182,3,13161,13162,¬,Zeug,niße,Zeugniße,join,high,joined form occurs elsewhere in this corpus,False,1,,7,,1,,"Jahr voraus weg — Titel, und falsche Zeug¬ || niße aber werde ich ihm nie gewähren. Ich "
182,4,13183,13184,¬,Un,terkommen,Unterkommen,join,high,"joined form attested in DWDS (3,181 hits)",False,0,3181,2,,1,,"en, sich in seinen wünsche angemeßenes Un¬ || terkommen zu suchen."
183,1,13197,13198,¬,Wenig,keit,Wenigkeit,join,high,joined form occurs elsewhere in this corpus,False,1,,58,,10,," sehr angegriffen, und selbst meine Wenig¬ || keit komt in Ihrer Geschichte vor"
184,1,13214,13215,¬,ver,gessen,vergessen,join,high,joined form occurs elsewhere in this corpus,False,1,,2,,1,,"neulich bey Abgang der Estaffette ver¬ || gessen worden; Euer Hochwohlgebohren,"
184,1,13217,13218,¬,Gna,den,Gnaden,join,high,joined form occurs elsewhere in this corpus,False,20,,0,,2764,,"Ich empfehle mich Denenselben zu Gna¬ || den, und wünsche, daß dieselben ver¬"
184,1,13218,13219,¬,ver,gnügter,vergnügter,join,high,"joined form attested in DWDS (33,627 hits)",False,0,33627,2,,1,,"den, und wünsche, daß dieselben ver¬ || gnügter als ich leben mögten; denn ich"
184,1,13224,13225,¬,glük,lich,glüklich,join,high,joined form occurs elsewhere in this corpus,False,1,,3,,15,,seyen noch so verdienstlos — dennoch glük¬ || lich gemacht werden. Mich ehrlichen Teufel
184,2,13230,13231,¬,un,hold,unhold,join,held,"held: un¬hold, editor 2026-09-28",False,0,518,2,594768,1,115435,"aber wenn das Glück mir nicht ganz un¬ || hold ist, werde ich mich aus eigener Kraff"
184,2,13232,13233,¬,unin,tressirte,unintressirte,join,high,head is not a word on its own,False,0,0,0,109,1,,"loswinden, da man alle treue unin¬ || tressirte Dienste vergessen zu haben schei"
184,2,13235,13236,¬,fünd,Hochwohlgebohren,fündHochwohlgebohren,join,high,head is not a word on its own,False,0,0,0,97,53,,"ieselben, als daß ich glauben konnte fünd¬ || Hochwohlgebohren würden irgend von"
184,2,13237,13238,¬,ma,chen,machen,join,high,joined form occurs elsewhere in this corpus,False,182,,1,,4,,dem Ausbruch meines Herzens Gebrauch ma¬ || chen; aber etwas mußte ich dieselben
184,2,13239,13240,¬,ver,führt,verführt,join,high,joined form occurs elsewhere in this corpus,False,2,,2,,9,,"doch fühlen lassen, wie man mit mir ver¬ || führt. Die treuſte Verehrung bleibt"
185,1,13249,13250,¬,er,betene,erbetene,join,high,joined form occurs elsewhere in this corpus,False,1,,1278,,1,,"die von Ewr Hochfürstliche Durchlaucht er¬ || betene Vollmachten und Blanquets entgegen,"
187,2,13321,13322,¬,zu,rük,zurük,join,high,joined form occurs elsewhere in this corpus,False,20,,2964,,3,,damit ich die Hypotheque von 250000 rt zu¬ || rük bekomme.
188,1,13378,13379,¬,ge,liegt,geliegt,join,held,"held: a real break, confirmed by the editor on the scan (2026-09-28)",False,0,38,16,215421,44,29311974,rs H. Weigel hier bezahlt — Vorzüglich ge¬ || liegt es mir die bey Oppenheimer versezte 
188,2,13398,13399,¬,gericht,lich,gerichtlich,join,high,joined form occurs elsewhere in this corpus,False,23,,31,,15,,"chaust ist völlig befriediget hat gericht¬ || lich quittirt, und es bleibe für Ewr Durch"
188,2,13408,13409,¬,flei,ßiger,fleißiger,join,high,"joined form attested in DWDS (908,791 hits)",False,0,908791,0,,1,,"n, ob Schenck eine Can: oder ehrlich flei¬ || ßiger Kerl gewesen ist. Den er hatt den Au"
188,3,13421,13422,¬,Men,ſchen,Menſchen,join,high,joined form occurs elsewhere in this corpus,False,157,,3,,6,,die Hoffnung auf mehr einen ehrlichen Men¬ || ſchen aufzufinden.
189,1,13437,13438,¬,Ober,schlesien,Oberschlesien,join,high,"joined form attested in DWDS (7,637 hits)",False,0,7637,56,,22,,"mir die Befehle, zur Reiße nach Ober¬ || schlesien zuzog, und die Angelegenhei¬"
189,1,13438,13439,¬,Angelegenhei,ten,Angelegenheiten,join,high,joined form occurs elsewhere in this corpus,False,56,,0,,486,,"schlesien zuzog, und die Angelegenhei¬ || ten dieser Herrschafft in Gemein¬"
189,1,13439,13440,¬,Gemein,schafft,Gemeinschafft,join,held,"held: a real word broken at the line end; the joined form is a period, Latin or name spelling the evidence does not know (checked 2026-09-28)",False,0,109,3,426150,3,13710425,ten dieser Herrschafft in Gemein¬ || schafft mit denen Herrn Inspector
189,2,13446,13447,¬,Ge,schäffts,Geschäffts,join,held,"held: a real word broken at the line end; the joined form is a period, Latin or name spelling the evidence does not know (checked 2026-09-28)",False,0,6,16,215421,1,1190,"als rechtschaffene und einsichtsvolle Ge¬ || schäffts-Männer bekannt sind, bin"
189,2,13449,13450,¬,zu,rück,zurück,join,high,joined form occurs elsewhere in this corpus,False,197,,2964,,14,,"nach Breslau und von da in das Reich zu¬ || rück. Schlesien zu verlassen, ohne"
189,2,13454,13455,¬,Er,laubnis,Erlaubnis,join,high,joined form occurs elsewhere in this corpus,False,9,,1278,,2,,selben ganz gehorsamst und die Er¬ || laubnis — Sie in Trąbczyn besuchen
190,1,13484,13485,¬,Gewogen,heit,Gewogenheit,join,high,joined form occurs elsewhere in this corpus,False,7,,0,,11,,"zusenden; dieselben mögten die Gewogen¬ || heit haben, und sie nach dero Ansicht aus¬"
190,1,13485,13486,¬,aus,fertigen,ausfertigen,join,high,joined form occurs elsewhere in this corpus,False,8,,550,,3,,"heit haben, und sie nach dero Ansicht aus¬ || fertigen laſsen. Auch den Auszug aus"
190,1,13490,13491,¬,Specu,lations,Speculations,join,high,head is not a word on its own,False,0,37,0,0,1,,"immer reger aber um so unsinniger Specu¬ || lations — Geist, sein Leichtsinn und seine"
190,2,13500,13501,¬,Handlungs,weise,Handlungsweise,join,high,joined form occurs elsewhere in this corpus,False,3,,1,,26,,"fordern dieselben, zu gleicher Handlungs¬ || weise hierdurch auf; und ich müßte dero"
190,2,13503,13504,¬,für,sten,fürsten,join,high,joined form occurs elsewhere in this corpus,False,250,,613,,10,,"kennen, wenn Sie dem Wunsche des für¬ || sten in dieser Hinsicht nicht entsprochen"
190,3,13520,13521,¬,Ver,setzen,Versetzen,join,high,"joined form attested in DWDS (13,570 hits)",False,0,13570,2,,3,,"Zahlungs-Ausflucht sezt, habe ich zum Ver¬ || setzen, von Habseeligkeiten und zum Kleide"
190,3,13523,13524,¬,abgedank,tes,abgedanktes,join,high,"joined form attested in DWDS (2,694 hits)",False,0,2694,0,,3,,"eine Zuflucht nehmen müßen. Mein abgedank¬ || tes Gesinde, hat den Lärmen noch mehr vers"
190,3,13525,13526,¬,ge,bracht,gebracht,join,high,joined form occurs elsewhere in this corpus,False,53,,16,,4,,"nd da auch das Publicum in die Meinung ge¬ || bracht wurde, daß ich außer Bedeutung bey"
190,3,13528,13529,¬,Schuld,ner,Schuldner,join,high,joined form occurs elsewhere in this corpus,False,4,,69,,4,, Credit auf mich meine zahlreichen Schuld¬ || ner wurden laut und ich mußte tägtäglich
190,3,13536,13537,¬,niedri,gen,niedrigen,join,high,"joined form attested in DWDS (3,296,640 hits)",False,0,3296640,0,,70,,"gegen die Subtestation und einen niedri¬ || gen Verkauf gerettet, das ich aus Pflicht "
191,2,13621,13622,¬,Rech,nungen,Rechnungen,join,high,joined form occurs elsewhere in this corpus,False,11,,1,,2,,"le als incolvendo an — machten große Rech¬ || nungen wegen den Exorbitanten Lieferungen,"
191,3,13640,13641,¬,Pro,zeß,Prozeß,join,high,joined form occurs elsewhere in this corpus,False,74,,42,,1,,em Pächtern und die Unterthanen einen Pro¬ || zeß am Hals zu werfen.
191,5,13692,13693,¬,ver,worren,verworren,join,high,joined form occurs elsewhere in this corpus,False,4,,2,,1,," und vereint mit dem Pächter alles so ver¬ || worren, daß mich selbst grauelte in dies L"
191,5,13697,13698,¬,ver,bunden,verbunden,join,high,joined form occurs elsewhere in this corpus,False,10,,2,,1,,"ort null und nichtig auch der Pächter ver¬ || bunden sey sogleich zu räumen, seine etwan"
191,5,13698,13699,¬,Praeten,siones,Praetensiones,join,high,head is not a word on its own,False,0,0,0,0,1,,"ogleich zu räumen, seine etwanige Praeten¬ || siones aber in wege Rechtens geltend zu ma"
191,5,13703,13704,¬,da,rauf,darauf,join,high,joined form occurs elsewhere in this corpus,False,132,,451,,5,,"riediget weis, und überdem bestehe ich da¬ || rauf daß mir die Gründe, welche die Bauren"
191,5,13709,13710,¬,ge,boren,geboren,join,high,joined form occurs elsewhere in this corpus,False,1,,16,,1,," selbst käme, sie wären auf die Gründe ge¬ || boren und gezogen und diese räumten sie ni"
191,6,13724,13725,¬,ohn,mächtig,ohnmächtig,join,high,"joined form attested in DWDS (81,100 hits)",False,0,81100,2,,2,," beym 43 zigsten aber ward die Bestie ohn¬ || mächtig. Ich bist ihm mit Waßer begießen, "
191,8,13780,13781,¬,be,müht,bemüht,join,high,joined form occurs elsewhere in this corpus,False,25,,3,,1,,"eit von 6 Tagen beendiget, und war ich be¬ || müht die Deutschen die an etliche 40000 rt"
191,8,13800,13801,¬,ausge,kommen,ausgekommen,join,high,"joined form attested in DWDS (480,807 hits)",False,0,480807,0,,124,,"e, und was während meiner Krankheit ausge¬ || kommen mit seiner Banden alle Käufer ab —"
191,10,13856,13857,¬,Schwedenstrei,doch,Schwedenstreidoch,join,high,head is not a word on its own,False,0,0,0,0,217,,ß Ewr Durchlaucht um diesen Schwedenstrei¬ || doch noch einen Kostspieligen Prozeß bekom
192,1,13909,13910,¬,geär,gert,geärgert,join,high,joined form occurs elsewhere in this corpus,False,3,,0,,1,, ich habe mich hier ganz zu schanden geär¬ || gert. Indes habe ich nun hier alles in Ord
192,2,13942,13943,¬,un,ausgesezt,unausgesezt,join,high,joined form occurs elsewhere in this corpus,False,1,,2,,7,,mir sehr sauer. Also noch dies daß ich un¬ || ausgesezt bin.
194,1,14024,14025,¬,Schlawen,schitz,Schlawenschitz,join,high,joined form occurs elsewhere in this corpus,False,66,,1,,4,," bereits angezeigt, daß ich nach Schlawen¬ || schitz kommen werde. Ich würde schon jezt "
194,2,14048,14049,¬,Bezah,bey,Bezahbey,join,high,head is not a word on its own,False,0,0,0,322,455,,"es Heckerts schuldig sein soll, zur Bezah¬ || bey der rückständigen Zinsen zuverwenden d"
194,2,14051,14052,¬,gege,ben,gegeben,join,high,joined form occurs elsewhere in this corpus,False,175,,0,,9,,"en, und am Ende den Honrichs atteste gege¬ || ben, daß alles mit ihm in Richtigkeit sey."
195,1,14074,14075,¬,Vor,sicht,Vorsicht,join,high,joined form occurs elsewhere in this corpus,False,2,,296,,4,,r empfiehlt alle Verschwiegenheit und Vor¬ || sicht — Warum weiß ich nicht — Ein scheint
196,2,14149,14150,¬,Pro,ponirten,Proponirten,join,high,joined form occurs elsewhere in this corpus,False,1,,42,,1,,"rstochen, und ich halte seinen ganzen Pro¬ || ponirten Tausch Handel für einen Judischen"
196,3,14180,14181,¬,be,rufen,berufen,join,high,joined form occurs elsewhere in this corpus,False,5,,3,,6,, schreiben und sich auf Berger Zeugnis be¬ || rufen — Sobald ich mit Sicherheit zurück k
197,1,14197,14198,¬,ver,weisen,verweisen,join,high,joined form occurs elsewhere in this corpus,False,3,,2,,18,,"tz dem v[an] d[er] Lahr derb zur Ruhe ver¬ || weisen laßen und daß Lahr zu warten, ſich "
197,1,14205,14206,¬,ver,sprechen,versprechen,join,high,joined form occurs elsewhere in this corpus,False,9,,2,,32,,größer als bei uns und ich kan nichts ver¬ || sprechen — Wolte nur Gott der Handel käme 
197,1,14209,14210,¬,Olla,bock,Ollabock,join,high,joined form occurs elsewhere in this corpus,False,1,,0,,1,, Es ist der Ober Amtmann Hegener aus Olla¬ || bock — Er soll auch alles in Zagorowo revi
197,2,14216,14217,¬,Gold,stucker,Goldstucker,join,high,joined form occurs elsewhere in this corpus,False,1,,10,,1,," Dringen Ewr Durchlaucht nur auf den Gold¬ || stucker, daß er den Tausch Handel zu Stand"
197,3,14236,14237,¬,wegzu,ſcheuchen,wegzuſcheuchen,join,high,head is not a word on its own,False,0,0,0,215,2,,"sorten gewesen, um auch von Breslau wegzu¬ || ſcheuchen. Ich erfahre es aber ſicher, und"
198,1,14255,14256,¬,Ver,mögen,Vermögen,join,high,joined form occurs elsewhere in this corpus,False,28,,2,,16,,"den, so muß Brzechffa, wann jener ihr Ver¬ || mögen nicht hinreicht, bezahlen — Unterdes"
198,1,14259,14260,¬,dem,ten,demten,join,held,"held: a real word broken at the line end; the joined form is a period, Latin or name spelling the evidence does not know (checked 2026-09-28)",False,0,0,1104,0,486,295388, die Untersuchungs Commission nimt dem 12¬ || ten d M ihren Anfang und wird wohl etliche
198,1,14263,14264,¬,Smidkows,ki,Smidkowski,join,high,joined form occurs elsewhere in this corpus,False,2,,0,,1,,"e Aussichte dar, den der Pächter Smidkows¬ || ki zahlt gleich etliche Tausend der um nur"
198,3,14315,14316,¬,ver,hindert,verhindert,join,high,joined form occurs elsewhere in this corpus,False,3,,2,,4,,nister heißen nur Dohna hat es bisher ver¬ || hindert —
199,1,14355,14356,¬,Unter,thanen,Unterthanen,join,high,joined form occurs elsewhere in this corpus,False,36,,130,,2,,r tausend rt. Zeit Reste von meinen Unter¬ || thanen zu erhalten — den bey Gemeine Seele
200,1,14374,14375,¬,ab,gereißet,abgereißet,join,held,"held: a word broken at the line end, marked - in the transcription and changed to ¬ (2026-09-28); the joined form is a period or garbled spelling",False,0,0,106,49097723,1,0,rſt den Sontag ein wo K[öckritz] ſchon ab¬ || gereißet sein wird. Ich werde ihm nun wohl
202,1,14462,14463,¬,verstän,digen,verständigen,join,high,"joined form attested in DWDS (595,843 hits)",False,0,595843,0,,1,,"iten, um es seinem Sohne ebenfals verstän¬ || digen zu können. Ich denke Gott daß die Sa"
203,1,14500,14501,¬,da,mit,damit,join,high,joined form occurs elsewhere in this corpus,False,250,,451,,1449,,"ch mit Hainen[?] das weitere einleiten da¬ || mit auch der gestimmt, sein fiat zu allen "
203,3,14560,14561,¬,Schlawen,schitz,Schlawenschitz,join,high,joined form occurs elsewhere in this corpus,False,66,,1,,4,,"e Leute rüh beſcheiden, und nach Schlawen¬ || schitz Einweisen kan — Ich konte sonsten w"
203,3,14561,14562,¬,Ver,trauten,Vertrauten,join,high,joined form occurs elsewhere in this corpus,False,2,,2,,1,,Ich konte sonsten wieder von dem höch Ver¬ || trauten mit neue ehem Tituls belegt werden
205,1,14605,14606,¬,Zago,rowo,Zagorowo,join,held,joined form occurs elsewhere in this corpus,False,45,,1,,1,,"tünde er zu Befehl um jeden Tag nach Zago¬ || rowo abzugehen, ich habe indes gestern an "
205,1,14610,14611,¬,ge,fallen,gefallen,join,high,joined form occurs elsewhere in this corpus,False,12,,16,,30,," Güter gerne haben, so laße ich mir es ge¬ || fallen, wann ich dorten eingetragen werde,"
205,2,14630,14631,¬,ent,gegen,entgegen,join,high,joined form occurs elsewhere in this corpus,False,59,,0,,170,,"ut, die ich mit Hochklopfenden Herzen ent¬ || gegen sehe. Privat Briefe aus Wien versich"
205,3,14656,14657,¬,glän,zendeste,glänzendeste,join,high,"joined form attested in DWDS (700,962 hits)",False,0,700962,0,,1,,"nements eintreten werden, wo Sie die glän¬ || zendeste Rollen spielen und Ihre Feinde ge"
206,1,14673,14674,¬,An,Hänger,AnHänger,join,high,joined form occurs elsewhere in this corpus,False,6,,1008,,2,,"iche Durchlaucht einziger Verehrer und An¬ || Hänger nichts verheben zu dürfen, und dahe"
206,1,14685,14686,¬,Eber,hard,Eberhard,join,high,joined form occurs elsewhere in this corpus,False,40,,0,,17,," muß geschrieben werden, der windige Eber¬ || hard hat mir noch keine Sylbe geschickt — "
206,2,14709,14710,¬,Unter,kommen,Unterkommen,join,high,"joined form attested in DWDS (3,181 hits)",False,0,3181,130,,124,,ander sezzen damit Knobelsdorff ein Unter¬ || kommen findet —
207,1,14740,14741,¬,ge,macht,gemacht,join,high,joined form occurs elsewhere in this corpus,False,121,,16,,82,,"hat uns auch schon die sichere Haftung ge¬ || macht, daß der günstigte Ausgang dieses Pr"
207,1,14752,14753,¬,La,mentiren,Lamentiren,join,held,"held: a real word broken at the line end; the joined form is a period, Latin or name spelling the evidence does not know (checked 2026-09-28)",False,0,7,4,1645093,1,0,gen Besiz von Olesnica. Das Klagen und La¬ || mentiren der Pol[nischen] Bauren und Hollä
207,1,14759,14760,¬,er,laßen,erlaßen,join,high,joined form occurs elsewhere in this corpus,False,7,,1278,,327,, Hauländern könte von Rückstande etwas er¬ || laßen werden — für die Folge nichts — Mann
208,1,14787,14788,¬,besänf,tigen,besänftigen,join,high,joined form occurs elsewhere in this corpus,False,2,,0,,5,,"ath, dem Schoch nur durch 3 rt. zu besänf¬ || tigen, die Thüre und an mich zurück."""
210,1,14850,14851,¬,Pre,ſidenten,Preſidenten,join,high,joined form occurs elsewhere in this corpus,False,8,,1,,1,,"istirn gemacht werden. Wie es nun dem Pre¬ || ſidenten gefält, nimt er das Regiſter um d"
210,1,14856,14857,¬,ge,beten,gebeten,join,high,joined form occurs elsewhere in this corpus,False,31,,16,,2,," dann muß wieder um einen neuen Termin ge¬ || beten und ein neuer Termin gemacht werden,"
210,2,14865,14866,¬,Be,kannten,Bekannten,join,high,joined form occurs elsewhere in this corpus,False,2,,3,,1,,ein gewißer Smagorzewski ist ein alter Be¬ || kannten von mir — Er hat 100 # angenommen.
212,1,14992,14993,¬,l,dathen,ldathen,join,held,"held: a real break, confirmed by the editor on the scan (2026-09-28)",False,0,0,39,1600378,1,17,— Zu bezahlen sind noch an 8657 rt. So[l]¬ || dathen oder Steuern und Abgaben 7500 rt In
212,2,15023,15024,¬,ge,than,gethan,join,high,joined form occurs elsewhere in this corpus,False,60,,16,,1,,der Tribunal nach den ärgsten Debatten ge¬ || than — die höhere Magistratur ist nun der 
212,3,15037,15038,¬,Regie,rung,Regierung,join,high,joined form occurs elsewhere in this corpus,False,20,,0,,5,,"hlt sind, auch alle Einmischung der Regie¬ || rung aufgehoben ist."
213,1,15086,15087,¬,Oppen,heimer,Oppenheimer,join,high,joined form occurs elsewhere in this corpus,False,26,,0,,1,,"men von der Invaliden Casse, Mendel Oppen¬ || heimer, Weigelt, Haugt, Seher Thos p p wer"
213,2,15101,15102,¬,Schuldig,keit,Schuldigkeit,join,high,joined form occurs elsewhere in this corpus,False,2,,57,,10,,"n allen Widerspänstigen zu ihrer Schuldig¬ || keit durch den Richter anhalten laßen, und"
213,3,15140,15141,¬,zurückge,halten,zurückgehalten,join,high,"joined form attested in DWDS (242,644 hits)",False,0,242644,0,,63,, um Zinsen. Der Prozeß ist etwas zurückge¬ || halten weil der Mio[?] in 4 Wochen zu zahl
213,3,15151,15152,¬,über,wurden,überwurden,join,held,"held: a word broken at the line end, marked - in the transcription and changed to ¬ (2026-09-28); the joined form is a period or garbled spelling",False,0,24,305,112520162,29,466722429,"ten, und bis ich erst die Bößen ganz über¬ || wurden haben bis Johanni muß indes alles i"
213,4,15165,15166,¬,Exe,cution,Execution,join,high,joined form occurs elsewhere in this corpus,False,48,,1,,1,,", daß ich hier bin sind 2800 rt durch Exe¬ || cution beigetrieben — die Prozeße Kosten s"
214,2,15228,15229,¬,Vor,werker,Vorwerker,join,high,joined form occurs elsewhere in this corpus,False,1,,296,,1,,gen man auf die gerodeten Länderinnen Vor¬ || werker anlegen muß.
214,2,15230,15231,¬,admi,nistriret,administriret,join,high,head is not a word on its own,False,0,8,0,191,1,, schon für Ewr Durchl. vom 1ten July admi¬ || nistriret — diese branche wird höchst an 6
214,3,15268,15269,¬,ge,rettet,gerettet,join,high,joined form occurs elsewhere in this corpus,False,29,,16,,3,,"n Tausch Handel eingehen damit ich mir ge¬ || rettet, und nicht abermahls wie in Berlin "
214,3,15274,15275,¬,Propi,nation,Propination,join,high,joined form occurs elsewhere in this corpus,False,15,,0,,6,,"Unterförster , Ein Amtmann über der Propi¬ || nation, Kosten jährlich 1000 rt, ich denke"
215,1,15310,15311,¬,Hon,richs,Honrichs,join,high,joined form occurs elsewhere in this corpus,False,118,,0,,2,, Hawich und Cabanis hier gewesen. des Hon¬ || richs Sache ist ausgewiesen und er nicht a
215,1,15339,15340,¬,Admi,nistration,Administration,join,high,joined form occurs elsewhere in this corpus,False,16,,0,,1,," Sequestration oder jezt sogenannten Admi¬ || nistration um so mehr, als Neuerdings die "
215,2,15348,15349,¬,Ge,sinnungen,Gesinnungen,join,high,joined form occurs elsewhere in this corpus,False,19,,16,,1,,"möglich zu casuliren und bey den guten Ge¬ || sinnungen zu erhalten, als desfals ich mei"
215,2,15357,15358,¬,Vor,schuß,Vorschuß,join,high,joined form occurs elsewhere in this corpus,False,28,,296,,2,,et Kostbaren Advocatens der neben den Vor¬ || schuß von 2000 rt auch noch in Unger und C
215,2,15372,15373,¬,Equiva,lent,Equivalent,join,high,joined form occurs elsewhere in this corpus,False,1,,0,,1,,"ung der Brzyzer Güter, die als ein Equiva¬ || lent des von der Dąbska dem Fürsten zugefü"
215,4,15438,15439,¬,un,glücklichen,unglücklichen,join,high,joined form occurs elsewhere in this corpus,False,1,,2,,5,,"e Gründe welche die Leute im Laufe des un¬ || glücklichen Krieges verlaßen haben, leicht"
215,4,15444,15445,¬,abge,funden,abgefunden,join,high,joined form occurs elsewhere in this corpus,False,5,,0,,3,, Kaufs Praetiums wie ich gehört habe abge¬ || funden — ich habe daher keine Reelle Nachr
215,6,15503,15504,¬,Un,möglichkeit,Unmöglichkeit,join,high,joined form occurs elsewhere in this corpus,False,4,,2,,11,,"e, erfolgen; bis jezt war es eine pure Un¬ || möglichkeit. Mangel an Gelde war es nicht "
215,6,15512,15513,¬,be,seitiget,beseitiget,join,high,joined form occurs elsewhere in this corpus,False,10,,3,,1,,"t gleich übernehmen, ja ich habe alles be¬ || seitiget und Ruhe zu gewinnen einen sicher"
215,6,15522,15523,¬,ent,decken,entdecken,join,high,joined form occurs elsewhere in this corpus,False,2,,0,,5,,"nderen geflogen um das Golde klies zu ent¬ || decken, aber der Verlust meiner Güter, der"
215,7,15547,15548,¬,Com,missarien,Commissarien,join,high,joined form occurs elsewhere in this corpus,False,3,,3,,1,,Er gäbe auch zu daß Reibniz und die Com¬ || missarien in der Sache etwas sehr rasch
216,2,15622,15623,¬,Collo,nisten,Collonisten,join,high,joined form occurs elsewhere in this corpus,False,23,,0,,2,,uf die Cassirung der Hauländer oder Collo¬ || nisten. Dies kan höchstens 2 Monath dauern
216,2,15627,15628,¬,insol,vendo,insolvendo,join,high,joined form occurs elsewhere in this corpus,False,2,,0,,1,, fließen wird. Alles giebt sich für insol¬ || vendo an — Im Grunde ist die Noth sehr gro
216,2,15628,15629,¬,allge,mein,allgemein,join,high,joined form occurs elsewhere in this corpus,False,3,,0,,257,,"Noth sehr groß, und der Geld Mangel allge¬ || mein —"
217,1,15660,15661,¬,unbeant,wortet,unbeantwortet,join,high,joined form occurs elsewhere in this corpus,False,1,,0,,3,," Schreiben so lange danckbahrlich unbeant¬ || wortet gelaßen zu haben, rechnete ich nich"
217,1,15670,15671,¬,wäi,Ihnen,wäiIhnen,join,high,head is not a word on its own,False,0,0,0,198,239,,"wenn möglich noch etwas zu retten, wäi¬ || Ihnen vielleicht nicht gantz unberauß sein"
218,2,15782,15783,¬,be,halten,behalten,join,high,joined form occurs elsewhere in this corpus,False,26,,3,,63,,"rangiren und nach Geld in der Witwecke be¬ || halten, mit allen Rechte aber auch als Maj"
218,2,15786,15787,¬,Wartens,leben,Wartensleben,join,high,joined form occurs elsewhere in this corpus,False,18,,0,,56,,"hitz, und gehe sogleich zum alten Wartens¬ || leben um die Sache abzumachen. Nur dies be"
218,2,15787,15788,¬,Nie,mand,Niemand,join,high,joined form occurs elsewhere in this corpus,False,23,,85,,2,,"achen. Nur dies bemerke ich, daß jezt Nie¬ || mand von diesen Plan ein Werk erfährt, auc"
218,2,15788,15789,¬,be,trieben,betrieben,join,high,joined form occurs elsewhere in this corpus,False,6,,3,,2,,"k erfährt, auch die Sache sehr schnell be¬ || trieben werden muß, weil Wartensleben scho"
219,1,15848,15849,¬,befrie,diget,befriediget,join,high,joined form occurs elsewhere in this corpus,False,22,,0,,2,,eigel und Stössel dadurch gänzlich befrie¬ || diget werden könten. Sobald ich Ewr Durchl
219,1,15864,15865,¬,Gerech,tigkeit,Gerechtigkeit,join,high,joined form occurs elsewhere in this corpus,False,4,,0,,3,,"so schiedig mann und ließ mich die Gerech¬ || tigkeit widerfahren, die mir gebührt —"
220,1,15882,15883,¬,abge,schloßen,abgeschloßen,join,high,joined form occurs elsewhere in this corpus,False,15,,0,,3,,"nem Banquirotten Kaufmann aus Kalisz abge¬ || schloßen, wo er für Schurgast Güter für 13"
222,3,16065,16066,¬,Trie,benfelden,Triebenfelden,join,held,"held: a real break, checked against the original scan (2026-09-28)",False,0,0,0,1104,1,6,"sellen wolle. Sie hätten zu dem Ende Trie¬ || benfelden alles abzumachen übertragen, und"
223,1,16096,16097,¬,ent,schädigt,entschädigt,join,high,joined form occurs elsewhere in this corpus,False,1,,0,,1,,"nd den ich auch für seinen Aufenthalt ent¬ || schädigt habe, anhalten, um Ew. Hochwohlge"
223,1,16100,16101,¬,Vor,zug,Vorzug,join,high,joined form occurs elsewhere in this corpus,False,1,,296,,5,,heinlich auch nach ihrem Ermessen den Vor¬ || zug vor andern Planen verdienen. Ich werde
223,1,16105,16106,¬,Nothwendig,keit,Nothwendigkeit,join,high,joined form occurs elsewhere in this corpus,False,1,,15,,10,," zu schildern, theils auch die Nothwendig¬ || keit darstellen, die nur es zum Gesetz mac"
223,1,16112,16113,¬,Kin,dern,Kindern,join,high,joined form occurs elsewhere in this corpus,False,14,,0,,6,,nach zunehmender Absprache mit meinen Kin¬ || dern durch einzuschlagende fernere vernünf
223,1,16120,16122,¬,ange,so,angeso,split,review,crosses a page break - check by hand,True,0,0,0,12360,1512,141594268,"Güter ange¬ || so wäre Ihr Plan vortreflich; ich bitte, i"
223,2,16125,16126,¬,ver,wenden,verwenden,join,high,joined form occurs elsewhere in this corpus,False,8,,2,,16,," um dieses zu befördern mich eifrigst ver¬ || wenden, und hoffe, mein ältester Sohn und "
223,2,16126,16127,¬,Schwie,gersohn,Schwiegersohn,join,high,joined form occurs elsewhere in this corpus,False,1,,0,,1,,"hoffe, mein ältester Sohn und mein Schwie¬ || gersohn werden mit Eifer zu Erreichung die"
223,2,16127,16128,¬,beurück,ken,beurückken,join,high,head is not a word on its own,False,0,0,0,0,2,,ifer zu Erreichung dieser Absicht beurück¬ || ken. Da aber dieses Wunsch erreicht werden
223,2,16129,16130,¬,Hochwohl,gebohren,Hochwohlgebohren,join,high,joined form occurs elsewhere in this corpus,False,53,,3,,3,,l und Stössel auch nicht nach Ew Hochwohl¬ || gebohren weise angelegten Plan zu Stande k
223,2,16131,16132,¬,Ver,äußerung,Veräußerung,join,high,joined form occurs elsewhere in this corpus,False,3,,2,,4,,"besonders darin suchen, nur durch die Ver¬ || äußerung der Zagorower Güter Mittel zu ver"
223,2,16138,16139,¬,freund,schaftlich,freundschaftlich,join,high,joined form occurs elsewhere in this corpus,False,1,,90,,1,,sicht darüber zu unterhandeln sich freund¬ || schaftlich angelegen seyn lassen wollen. I
223,2,16145,16146,¬,Ruszyno,wig,Ruszynowig,join,high,head is not a word on its own,False,0,0,0,0,1,,eineswegs nützen. Die Annahme von Ruszyno¬ || wig nur noch mehr die schon zu großen
223,3,16153,16154,¬,Hochwohlge,bohren,Hochwohlgebohren,join,high,joined form occurs elsewhere in this corpus,False,53,,0,,4,,"ll, so danke ich inzwischen Ew Hochwohlge¬ || bohren genereuse Absicht; ich werde gewiß "
223,3,16169,16170,¬,in,dessen,indessen,join,high,joined form occurs elsewhere in this corpus,False,2,,1917,,5,,", bin ich von Ihnen dankbar überzeugt, in¬ || dessen ist des wir? Wann? Wo? — und besond"
223,3,16171,16172,¬,Be,dürfniß,Bedürfniß,join,high,joined form occurs elsewhere in this corpus,False,3,,3,,1,," bald? — vor mich zu wissen das größte Be¬ || dürfniß und ich muß Ihnen sagen, daß mein "
223,3,16174,16175,¬,Nach,richten,Nachrichten,join,high,joined form occurs elsewhere in this corpus,False,45,,876,,5,,"seyn, wenn ich schleunig beruhigende Nach¬ || richten, auf die ich rechnen kann, durch d"
223,3,16177,16178,¬,Er,haltung,Erhaltung,join,high,joined form occurs elsewhere in this corpus,False,7,,1278,,2,,"großes Bedürfniß, als es die Speise zu Er¬ || haltung des Lebens ist. Ew. Hochwohlgebohr"
223,3,16180,16181,¬,dort,her,dorther,join,high,joined form occurs elsewhere in this corpus,False,4,,89,,64,,"s die Unmöglichkeit melden, auch von dort¬ || her mit Geldern bald zu unterstützen, und "
223,3,16181,16182,¬,Ver,weisen,Verweisen,join,high,joined form occurs elsewhere in this corpus,False,3,,2,,18,,"Geldern bald zu unterstützen, und das Ver¬ || weisen auf zu gewinnende Prozesse kann mic"
223,3,16184,16186,¬,ver,oder,veroder,split,review,crosses a page break - check by hand,True,0,6,2,0,318,136175945,"len für mich geführt wurden, entweder ver¬ || oder aufgegeben gesehen habe; nach dem weg"
223,4,16190,16191,¬,ge,macht,gemacht,join,high,joined form occurs elsewhere in this corpus,False,121,,16,,82,,"ch durch des Irreführen so unglücklich ge¬ || macht haben, wie Sie es sich nicht vorstel"
223,4,16194,16195,¬,bedeut,ende,bedeutende,join,high,joined form occurs elsewhere in this corpus,False,12,,0,,128,,rtheil wozu ich unter Ihrem Bewath bedeut¬ || ende Opfer zu bringen bereit bin. Ich muß 
223,4,16202,16203,¬,Za,gorower,Zagorower,join,high,joined form occurs elsewhere in this corpus,False,51,,0,,1,,"die selbst bei mir waren, haben zu den Za¬ || gorower Gütern Lust; er will gerne dagegen"
223,4,16205,16206,¬,ver,tauschen,vertauschen,join,high,joined form occurs elsewhere in this corpus,False,3,,2,,3,,"icht bei Mysłowic an der Przemsa beym ver¬ || tauschen, und giebt ihren Ertrag auf 8000 "
223,5,16222,16223,¬,Ge,schaft,Geschaft,join,high,joined form occurs elsewhere in this corpus,False,16,,16,,7,,"reits mit dem geäußerten Wunsch dieses Ge¬ || schaft zu Stande zu bringen, zurück erhiel"
223,5,16225,16226,¬,über,gebenes,übergebenes,join,high,"joined form attested in DWDS (1,631,054 hits)",False,0,1631054,305,,1,,"ickt gehabt, auch dero nur Anno 6[?] über¬ || gebenes Generalstableau; alles dieses schi"
223,5,16230,16231,¬,bestä,tigen,bestätigen,join,high,joined form occurs elsewhere in this corpus,False,4,,0,,5,,"der bei dem Ocular Augenschein sich bestä¬ || tigen würde, worauf allein man sich einlas"
223,5,16234,16235,¬,vermu,thete,vermuthete,join,high,head is not a word on its own,False,0,26,0,91,1,,ch in bessern Umständen anzutreffen vermu¬ || thete und daher von mir die ihm gebührende
223,5,16235,16236,¬,Remune,ration,Remuneration,join,high,joined form occurs elsewhere in this corpus,False,1,,0,,1,,d daher von mir die ihm gebührende Remune¬ || ration als Ew. Hochwohlgebohren ein Jahr l
223,5,16236,16237,¬,ge,wesner,gewesner,join,held,"held: a real word broken at the line end; the joined form is a period, Latin or name spelling the evidence does not know (checked 2026-09-28)",False,0,6,16,215421,1,7489,als Ew. Hochwohlgebohren ein Jahr lang ge¬ || wesner MitArbeiter der dortigen Geschäfte 
223,5,16237,16238,¬,er,halten,erhalten,join,high,joined form occurs elsewhere in this corpus,False,298,,1278,,63,," MitArbeiter der dortigen Geschäfte zu er¬ || halten hoffte, war anwesend, und ich bedie"
223,5,16244,16245,¬,Schim,melpfennigs,Schimmelpfennigs,join,high,joined form occurs elsewhere in this corpus,False,1,,0,,1,,"Anschlag auf, den ich auch vertraut Schim¬ || melpfennigs mittheilte. Ich muß dem H. Lie"
223,6,16251,16252,¬,Entfer,nung,Entfernung,join,high,joined form occurs elsewhere in this corpus,False,3,,0,,1,,"ehen freut. Er wird seine schnelle Entfer¬ || nung entschuldigen, wozu ihn der Drang der"
223,6,16266,16267,¬,Vor,schlag,Vorschlag,join,high,joined form occurs elsewhere in this corpus,False,20,,296,,7,,is Ihnen wohl einen mir unschädlichen Vor¬ || schlag würde machen können. Ich wünsche es
223,6,16271,16272,¬,Hollma,chung,Hollmachung,join,high,head is not a word on its own,False,0,0,0,0,2,,ster dieser Tage nach Berlin wegen Hollma¬ || chung der dazu nöthig habenden Gelder absc
223,7,16285,16286,¬,veran,lassen,veranlassen,join,high,"joined form attested in DWDS (649,531 hits)",False,0,649531,0,,38,,"rch seinen Rapport an Ew. Hochw. zu veran¬ || lassen, daß das Etwa noch Erforderliche zu"
223,7,16298,16299,¬,Schwieger,sohn,Schwiegersohn,join,high,joined form occurs elsewhere in this corpus,False,1,,0,,40,," den Lahrschen Erben vor seinen Schwieger¬ || sohn Johnston kürzlich erkauft hat, mit zu"
223,7,16310,16311,¬,Schwie,gertochter,Schwiegertochter,join,high,"joined form attested in DWDS (64,350 hits)",False,0,64350,0,,1,,"lbst hat eine Krankheit, die meine Schwie¬ || gertochter"
223,8,16331,16332,¬,vor,züglichsten,vorzüglichsten,join,high,joined form occurs elsewhere in this corpus,False,2,,296,,1,,kten Wunsche weiß erreicht; eines der vor¬ || züglichsten Mittel hiezu ist die Erreichun
223,9,16344,16345,¬,Anwe,senheit,Anwesenheit,join,high,joined form occurs elsewhere in this corpus,False,9,,0,,2,,"ichen Zwecken führen, so wie mich in Anwe¬ || senheit zu belassen eine Grausamkeit ist. "
223,9,16353,16354,¬,ge,schätzter,geschätzter,join,high,joined form occurs elsewhere in this corpus,False,1,,16,,1,,"veranlaßt und ich bitte Sie daher mein ge¬ || schätzter Freund, die Länge dieser Epistel"
223,9,16354,16355,¬,ver,geben,vergeben,join,high,joined form occurs elsewhere in this corpus,False,1,,2,,195,,"r Freund, die Länge dieser Epistel zu ver¬ || geben. Es ist die vorzüglichste Hochachtun"
224,1,16362,16363,¬,erfor,derliche,erforderliche,join,high,joined form occurs elsewhere in this corpus,False,5,,0,,1,,"r. Toten warten lassen, dem ich das erfor¬ || derliche Tageld und seinen Lohn bezahlt ha"
224,1,16372,16373,¬,nä,herer,näherer,join,high,"joined form attested in DWDS (5,159,031 hits)",False,0,5159031,0,,1,,se mit ihnen nach ihm vorher gegebener nä¬ || herer Auskunft über mehrere die Güter betr
224,1,16374,16375,¬,Ver,laß,Verlaß,join,high,"joined form attested in DWDS (89,995 hits)",False,0,89995,2,,4,,te. Was ich nun vorläufig mit einigem Ver¬ || laß über des H. Generals Meinung heute ver
224,1,16378,16379,¬,Gegenrechnun,gen,Gegenrechnungen,join,high,"joined form attested in DWDS (5,081 hits)",False,0,5081,0,,70,,"Ideen einzugehen und mit den Gegenrechnun¬ || gen sich darnach zu richten. Er, der Gener"
224,1,16389,16390,¬,Pfandbrie,fen,Pfandbriefen,join,high,joined form occurs elsewhere in this corpus,False,3,,0,,2,,"gt, die aber in Achtpreußischen Pfandbrie¬ || fen bestehen, al pari angenommen wissen, a"
224,2,16401,16402,¬,ausstehen,de,ausstehende,join,high,joined form occurs elsewhere in this corpus,False,3,,2,,20,," mir die Reste und in den Güter ausstehen¬ || de Forderungen als Eigenthum behalten, zu "
224,2,16402,16403,¬,Ein,ziehung,Einziehung,join,high,joined form occurs elsewhere in this corpus,False,1,,806,,1,,"ngen als Eigenthum behalten, zu deren Ein¬ || ziehung er dann gerne mitwirken werde. Nac"
224,2,16405,16406,¬,Preu,ßischen,Preußischen,join,high,"joined form attested in DWDS (447,834 hits)",False,0,447834,1,,1,, und das mütterliche Capital der deß Preu¬ || ßischen Pfandbriefe flott zu machen. Diese
224,2,16414,16415,¬,Wahr,scheinlichkeit,Wahrscheinlichkeit,join,high,joined form occurs elsewhere in this corpus,False,1,,41,,1,," was werden soll, so muß man ihn mit Wahr¬ || scheinlichkeit überzeugen können, daß er b"
224,2,16416,16417,¬,er,fordert,erfordert,join,high,joined form occurs elsewhere in this corpus,False,15,,1278,,12,,", da nun meine Lage es schlechterdings er¬ || fordert, daß diese Aussicht benutzt werde,"
224,2,16417,16418,¬,ver,traue,vertraue,join,high,"joined form attested in DWDS (914,167 hits)",False,0,914167,2,,8,," daß diese Aussicht benutzt werde, so ver¬ || traue ich zu Ew. Hochw. Klugheit, daß die "
224,3,16431,16432,¬,ge,gen,gegen,join,high,joined form occurs elsewhere in this corpus,False,170,,16,,70,,wirklich mein Wohl und Wehe. Mein Dank ge¬ || gen die wird meinen freundschaftlichen Ges
224,3,16446,16447,¬,wieder,hohlen,wiederhohlen,join,high,joined form occurs elsewhere in this corpus,False,1,,321,,15,,"e von seinem Vater, die dieser nur wieder¬ || hohlen will, wozu er mich um den 6ten Janu"
224,3,16448,16449,¬,Be,ruhigung,Beruhigung,join,high,joined form occurs elsewhere in this corpus,False,4,,3,,1,,ht läßt sich noch ein Ausweg zu seiner Be¬ || ruhigung finden. Es wäre unnütz über diese
224,4,16468,16469,¬,beson,ders,besonders,join,high,joined form occurs elsewhere in this corpus,False,87,,0,,5,,en die mich ja nicht ohne Nachricht beson¬ || ders wenn Sie für was sachdienliches zu me
224,4,16470,16471,¬,stattge,funden,stattgefunden,join,high,"joined form attested in DWDS (4,140,751 hits)",False,0,4140751,0,,3,," Neisse wird wahrscheinlich nicht stattge¬ || funden haben, da ich nichts darüber weiter"
224,4,16473,16474,¬,vor,läufig,vorläufig,join,high,joined form occurs elsewhere in this corpus,False,7,,296,,1,,m Herzen und wünschte ich darüber nur vor¬ || läufig von denenselben einige Winke zu erh
224,4,16476,16477,¬,nothwen,dig,nothwendig,join,high,joined form occurs elsewhere in this corpus,False,15,,0,,1,,"ans Herz zu legen, die vielleicht nothwen¬ || dig seyn dürften vor der Ankunft der Johns"
224,4,16477,16478,¬,Schwie,gersöhne,Schwiegersöhne,join,high,joined form occurs elsewhere in this corpus,False,1,,0,,1,, vor der Ankunft der Johnstonschen Schwie¬ || gersöhne noch in Richtigkeit zu bringen un
224,4,16479,16480,¬,ge,wollen,gewollen,split,high,joined form unattested; both halves are real words,False,0,20,16,215421,193,62594139,t hierauf geneigte Rücksicht ge nehmen ge¬ || wollen.
224,4,16482,16483,¬,ange,nehmen,angenehmen,join,high,"joined form attested in DWDS (2,280,615 hits)",False,0,2280615,0,,128,, Versicherung derjenigen Hochachtung ange¬ || nehmen
226,1,16494,16495,¬,Schimmel,pfennig,Schimmelpfennig,join,high,joined form occurs elsewhere in this corpus,False,12,,0,,2,,"Sommer, noch weniger der General Schimmel¬ || pfennig sich hier eingefunden haben, so mu"
226,1,16497,16498,¬,ge,räumt,geräumt,join,high,joined form occurs elsewhere in this corpus,False,1,,16,,1,,"etörten sind, die vorhero aus dem Wege ge¬ || räumt werden müßen. Inzwischen habe ich ge"
227,3,16610,16611,¬,gewe,sen,gewesen,join,high,joined form occurs elsewhere in this corpus,False,69,,0,,11,,"sein Freund, uns aber stets entgegen gewe¬ || sen ist, die betreibung der Zinße und Rest"
227,3,16614,16615,¬,Verfügun,gen,Verfügungen,join,high,joined form occurs elsewhere in this corpus,False,12,,0,,70,,"d durch die seelen wiederwärtige Verfügun¬ || gen, verworren — Ein Mann wie den Podprefe"
227,3,16616,16617,¬,gu,ten,guten,join,high,joined form occurs elsewhere in this corpus,False,70,,0,,486,,eywohnenden Gewalt nur alles wieder in gu¬ || ten Geleiß bringen. Geruhen Er. Durchlauch
227,3,16621,16622,¬,Koschen,tin,Koschentin,join,high,joined form occurs elsewhere in this corpus,False,34,,0,,4,,nd Stössel der Verein bewürkt und Koschen¬ || tin frey gemacht werden soll?
227,3,16627,16628,¬,Pappie,ren,Pappieren,join,high,joined form occurs elsewhere in this corpus,False,1,,0,,6,,"ey inne[?] rt. in schlechtschenden Pappie¬ || ren erhielten, dagegen aber schrecklich ve"
227,4,16633,16634,¬,einge,leitet,eingeleitet,join,high,joined form occurs elsewhere in this corpus,False,18,,0,,7,,"Negocationen mit Weigel und Stössel einge¬ || leitet und beynekt werden, wozu ich gerne "
227,4,16636,16637,¬,vor,kommen,vorkommen,join,high,joined form occurs elsewhere in this corpus,False,7,,296,,124,,"ąbczyner, wird endlich künftige Woche vor¬ || kommen, ich hoffe fest, daß dieſe Geſchich"
227,4,16640,16641,¬,be,endigt,beendigt,join,high,joined form occurs elsewhere in this corpus,False,14,,3,,4,,"r Reichstag in Warschau ſehr stürmisch be¬ || endigt, und grausam viele, drükende neue A"
228,1,16657,16658,¬,Sen,dung,Sendung,join,high,joined form occurs elsewhere in this corpus,False,1,,11,,3,,"hle ich nicht, über den Erfolg meiner Sen¬ || dung zu dem Herrn General Schimmelpfennig "
228,1,16664,16665,¬,Stäge,mann,Stägemann,join,high,joined form occurs elsewhere in this corpus,False,32,,0,,272,,andlungen seines Sohnes mit dem H v Stäge¬ || mann in Berlin.
228,1,16666,16667,¬,Ge,neral,General,join,high,joined form occurs elsewhere in this corpus,False,112,,16,,3,,"n anbetrift, ſo befindet ſich der Herr Ge¬ || neral zwar in dem Zustande der Besserung, "
228,1,16668,16669,¬,ge,wöhnlich,gewöhnlich,join,high,"joined form attested in DWDS (845,018 hits)",False,0,845018,16,,1,,"och nicht so weit gediehen, daß er wie ge¬ || wöhnlich das Zimmer verlassen und besonder"
228,2,16676,16677,¬,Gesand,ten,Gesandten,join,high,joined form occurs elsewhere in this corpus,False,5,,2,,486,,"h die Vermittelung des Sächsischen Gesand¬ || ten, an welchen der Rittmeister v Schimmel"
229,1,16716,16717,¬,ab,geschloßen,abgeschloßen,join,high,joined form occurs elsewhere in this corpus,False,15,,106,,12,, über die Zagorower Güter auf 20000 rt ab¬ || geschloßen. Den 8ten Febr. gedenke ich mit
229,1,16717,16718,¬,Schlawen,schitz,Schlawenschitz,join,high,joined form occurs elsewhere in this corpus,False,66,,1,,4,,"ten Febr. gedenke ich mit ihm in Schlawen¬ || schitz einzutreffen, wo dann der Contract "
229,2,16728,16729,¬,ein,gereicht,eingereicht,join,high,joined form occurs elsewhere in this corpus,False,11,,806,,4,,unden sind vorgestern bey der Behörde ein¬ || gereicht — Jeder Zwist ist nicht nur gehob
229,2,16729,16730,¬,Durch,laucht,Durchlaucht,join,high,joined form occurs elsewhere in this corpus,False,1523,,522,,42,," nur gehoben, sondern es dürfte Ewr Durch¬ || laucht vieleicht die Wohlthat erwachsen, d"
229,2,16733,16734,¬,Origi,nal,Original,join,high,joined form occurs elsewhere in this corpus,False,27,,0,,1,,chlaucht nachgemachten Gebrauch die Origi¬ || nal Urkunden zurück.
230,1,16765,16766,¬,Za,gorowo,Zagorowo,join,held,joined form occurs elsewhere in this corpus,False,45,,0,,1,,on Schimmelpfennig zur Acquisition von Za¬ || gorowo nicht erkalten lassen. Dieser Herr
230,1,16767,16768,¬,Be,sichtigung,Besichtigung,join,high,joined form occurs elsewhere in this corpus,False,4,,3,,1,,"will zu Anfang März sich dorthin zur Be¬ || sichtigung begeben, und dann bald wenn wir"
230,1,16769,16770,¬,requ,line,requline,join,high,head is not a word on its own,False,0,0,0,11,1,,"einigen können, das Geschäft mit mir requ¬ || line. Ich scheint ihm heute, daß ich Ew Ho"
230,1,16770,16771,¬,Hochwohlge,bohren,Hochwohlgebohren,join,high,joined form occurs elsewhere in this corpus,False,53,,0,,4,," scheint ihm heute, daß ich Ew Hochwohlge¬ || bohren hievon praevenirte, Ihre Antwort an"
230,1,16771,16772,¬,anbewer,ten,anbewerten,join,high,head is not a word on its own,False,0,0,0,0,486,," hievon praevenirte, Ihre Antwort anbewer¬ || ten, und ihm dann nähern Bescheid ertheile"
230,2,16774,16775,¬,wahr,scheinlich,wahrscheinlich,join,high,joined form occurs elsewhere in this corpus,False,6,,41,,3,,cht der Ihnen dieses überbringt wird wahr¬ || scheinlich den 22ten des Abends bei Ew. Ho
230,2,16776,16777,¬,zu,rück,zurück,join,high,joined form occurs elsewhere in this corpus,False,197,,2964,,14,," und ich erwarte ihn spätstens den 26t zu¬ || rück, durch leere Hoffnungen, und unbestim"
230,2,16779,16780,¬,freund,schaftliche,freundschaftliche,join,high,joined form occurs elsewhere in this corpus,False,1,,90,,2,,"wirken. Ich rechne hiebei auf Ihre freund¬ || schaftliche Mitwirkung, so daß wir dorten "
230,2,16785,16786,¬,Nach,richt,Nachricht,join,high,joined form occurs elsewhere in this corpus,False,76,,876,,4,,"bitte ein ganz bestimmte Antwort und Nach¬ || richt über Ihre Aussichten und Absichten, "
230,3,16811,16812,¬,durch,aus,durchaus,join,high,joined form occurs elsewhere in this corpus,False,40,,522,,550,," eines andern seyn möchte, indeß da durch¬ || aus zu diesem Auftrage, ein mit der Lage j"
230,3,16816,16817,¬,Süh,theil,Sühtheil,join,high,head is not a word on its own,False,0,0,0,173,47,," unsrer Guten Sache irgend einigen Süh[?]¬ || theil bringen möchte, den ich von gedachte"
230,3,16820,16821,¬,abzwe,ckenden,abzweckenden,join,high,head is not a word on its own,False,0,19,0,0,1,,"bloß der auf unser gemeinsames Wohl abzwe¬ || ckenden zu handeln. Ich ersuche daher Ew, "
230,3,16826,16827,¬,Unge,duld,Ungeduld,join,high,joined form occurs elsewhere in this corpus,False,2,,0,,3,,legung nehmen könnten. Indem ich mit Unge¬ || duld ein genügendes Resultat ihrer gegense
230,3,16827,16828,¬,Be,rathschlagungen,Berathschlagungen,join,held,"held: a real word broken at the line end; the joined form is a period, Latin or name spelling the evidence does not know (checked 2026-09-28)",False,0,9,3,105863,1,0,"enügendes Resultat ihrer gegenseitigen Be¬ || rathschlagungen erwarte, habe ich die Ehre"
230,4,16831,16832,¬,Haupt,gegenstände,Hauptgegenstände,join,high,"joined form attested in DWDS (3,839 hits)",False,0,3839,35,,5,," 19. pr so ganz oder wenigstens die Haupt¬ || gegenstände desselben unbeantwortet, und u"
230,4,16832,16833,¬,ge,lassen,gelassen,join,high,"joined form attested in DWDS (47,390,276 hits)",False,0,47390276,16,,38,,"desselben unbeantwortet, und unerfüllt ge¬ || lassen, daß ich nicht umhin kann dasselbe "
230,4,16836,16837,¬,Zagoro,wer,Zagorower,join,high,joined form occurs elsewhere in this corpus,False,51,,0,,31,,"ches soliden Project H. und meinen Zagoro¬ || wer Gütern intendiren, oder welchen Plan s"
230,4,16852,16853,¬,Erwar,tungen,Erwartungen,join,high,"joined form attested in DWDS (1,848,861 hits)",False,0,1848861,0,,1,," ich, selbst in meinen gerechtesten Erwar¬ || tungen so oft und hast getäuscht nicht meh"
231,1,16880,16881,¬,Be,weiß,Beweiß,join,high,joined form occurs elsewhere in this corpus,False,4,,3,,59,," zu finden, ich werde dieses als einem Be¬ || weiß Ihrer gegen mich hegenden Freundschaf"
232,1,16908,16909,¬,Pro,kurator,Prokurator,join,high,"joined form attested in DWDS (3,479 hits)",False,0,3479,42,,1,,"sen und bitte ihm, daß er dem General Pro¬ || kurator Lipski auf Kriege mögte sich hierh"
232,2,16911,16912,¬,Unter,thanen,Unterthanen,join,high,joined form occurs elsewhere in this corpus,False,36,,130,,2,, Norm zwischen das Dominium und den Unter¬ || thanen festen u. sezzen und die Chicaneurs
232,4,16959,16960,¬,Sophien,thal,Sophienthal,join,high,joined form occurs elsewhere in this corpus,False,4,,0,,2,,"orf Alt Olesnica, Skokum, Colloni Sophien¬ || thal, Kopojno, und Kolonie Adelow zu erheb"
233,1,16994,16995,¬,for,derung,forderung,join,high,joined form occurs elsewhere in this corpus,False,30,,0,,3,,"Mann gelaſen, und wegen ſeiner ganzen for¬ || derung sofort abfinden könne."
233,1,16996,16997,¬,zuver,pachten,zuverpachten,join,high,head is not a word on its own,False,0,0,0,692,4,," Sobottendorff Drzewce auf 18 Jahre zuver¬ || pachten, der Pacht wird jahren mit 2000 rt"
233,1,16997,16998,¬,be,trägt,beträgt,join,high,joined form occurs elsewhere in this corpus,False,28,,3,,8,,ird jahren mit 2000 rt angenommen dies be¬ || trägt auf 18 Jahr 36000 Rthl. In Swięcia s
233,1,17005,17006,¬,Sobotten,dorff,Sobottendorff,join,high,joined form occurs elsewhere in this corpus,False,11,,0,,3,,0 rt um die Schuld wäre getilgt. Sobotten¬ || dorff giebt Herr Durchlaucht uns Schuld In
233,4,17061,17062,¬,be,stimmen,bestimmen,join,high,joined form occurs elsewhere in this corpus,False,18,,3,,3,, kan ich bey diesen Zeiten nicht genau be¬ || stimmen — Indes zähle ich wenigstens auf 2
233,4,17066,17067,¬,o,b,ob,join,high,joined form occurs elsewhere in this corpus,False,144,,75,,288,,"t die Meierowitzsche in die Vocande [K?]o¬ || [b?], das ist daß noch 5 Prozeße vor stehe"
235,1,17193,17195,¬,ver,verliehren,ververliehren,catchword,high,fragment repeats the next page opening,True,0,,2,,10,,was den verlohren geht unß Stoesel ver¬ || verliehren der Ewr Durchlaucht mehr alt zu
238,1,17315,17316,¬,Bemüh,ungen,Bemühungen,join,high,joined form occurs elsewhere in this corpus,False,4,,0,,1,," ich daraus schliese, daß alle Ihre Bemüh¬ || ungen vor mich fruchtlos waren, ich schick"
238,1,17317,17318,¬,Bliz,anow,Blizanow,join,high,joined form occurs elsewhere in this corpus,False,38,,2,,1,,"er nur ein Recepisse vom Amtmann aus Bliz¬ || anow, was Herr Schenck nachdem dieser Expr"
238,2,17328,17329,¬,anderun,vertilgt,anderunvertilgt,join,high,head is not a word on its own,False,0,0,0,10,1,,"ehen, daß ich nicht ganz aus Dero anderun¬ || vertilgt bin — ich will glauben daß das Sc"
238,2,17339,17340,¬,Kay,sers,Kaysers,join,high,joined form occurs elsewhere in this corpus,False,9,,0,,2,," hier ein Schreiben an des Rusſischen Kay¬ || sers Majestaet unter offenem Siegel an, um"
238,3,17360,17361,¬,fleh,ete,flehete,join,held,"held: a real word broken at the line end; the joined form is a period, Latin or name spelling the evidence does not know (checked 2026-09-28)",False,0,0,0,52008,1,4298,nterrichtet über das Resultat. — ich fleh¬ || ete den Schutz der beiden Monarchen erneue
238,3,17366,17367,¬,Vor,ſichtigſten,Vorſichtigſten,join,held,"held: a real word broken at the line end; the joined form is a period, Latin or name spelling the evidence does not know (checked 2026-09-28)",False,0,0,296,105411485,1,0,itte aber nur von dieser Eröfnung den Vor¬ || ſichtigſten Gebrauch zu machen. Loſen mich
238,4,17391,17392,¬,Vor,züglicher,Vorzüglicher,join,high,joined form occurs elsewhere in this corpus,False,1,,296,,1,,"d glücklicher Reiſe, Verbleibe ich in Vor¬ || züglicher Hochschätzung"
239,2,17436,17437,¬,abge,geben,abgegeben,join,high,joined form occurs elsewhere in this corpus,False,11,,0,,195,,"ereist war, an seinen bleßirten Sohn abge¬ || geben — Die tiefste Ehrfurcht ist es in de"
240,2,17484,17485,¬,Fran,ckenstein,Franckenstein,join,high,joined form occurs elsewhere in this corpus,False,2,,0,,1,,"her morgen von hier über Neisse nach Fran¬ || ckenstein, von da in die Haupt Quartiere, "
242,1,17544,17545,¬,acqui,sition,acquisition,join,high,joined form occurs elsewhere in this corpus,False,2,,0,,1,,en unsere Sächßiſche und Pohlnische acqui¬ || sition sträube. Mein altes Patriotisches H
242,2,17562,17563,¬,em,pfiehlt,empfiehlt,join,high,joined form occurs elsewhere in this corpus,False,12,,0,,1,,"d mit ihrem Gemal Ewr Durchl. herzlich em¬ || pfiehlt, würksamer, als der erstere ist — "
242,2,17582,17583,¬,alle,r,aller,join,high,joined form occurs elsewhere in this corpus,False,72,,398,,63,,"N.S. den Augenblick erfahre ich, daß alle¬ || r fürsten welche nicht 12000 Mann stellen"
244,2,17667,17668,¬,we,sentliche,wesentliche,join,high,joined form occurs elsewhere in this corpus,False,1,,1,,1,,"er geweßt, sehe ich vom demselben viel we¬ || sentliche Nachrichten mit —"
245,1,17699,17700,¬,Medi,zinalrathes,Medizinalrathes,split,high,joined form unattested; both halves are real words,False,0,0,0,37109,1,0,"e, er bittet ihm vor der Chicane des Medi¬ || zinalrathes Cosmar zu schüzzen, die weiter"
245,1,17704,17705,¬,Nach,weiß,Nachweiß,join,high,joined form occurs elsewhere in this corpus,False,1,,876,,59,,"n Zeiten, nach den sub B beigefügten Nach¬ || weiß dennoch 79500 rttlr Ertrag gewähren. "
245,1,17718,17719,¬,beilie,gende,beiliegende,join,high,joined form occurs elsewhere in this corpus,False,1,,0,,1,,"nommen. Er entwarf den hier sub C. beilie¬ || gende, weit schichtigen Transact zu einer "
245,2,17745,17746,¬,verehe,lichte,verehelichte,join,high,joined form occurs elsewhere in this corpus,False,1,,0,,2,,"n, und die vormahlige Fürstin jezt verehe¬ || lichte F v Sakkin von der Bezahlung zu bef"
245,2,17749,17750,¬,Con,tumazial,Contumazial,split,high,joined form unattested; both halves are real words,False,0,0,1,96931,1,0,"te daß die Cur[ische] Erben schon ein Con¬ || tumazial Urtheil für sich hatten, in welch"
246,1,17795,17796,¬,Schneckenför,migen,Schneckenförmigen,join,high,joined form occurs elsewhere in this corpus,False,1,,0,,1,,"rchlaucht sende einen gleich Schneckenför¬ || migen Gang gehen, dann ſieht es traurig au"
246,1,17799,17800,¬,ent,schieden,entschieden,join,high,joined form occurs elsewhere in this corpus,False,20,,0,,2,,"s Schicksal iſte nun Breits für immer ent¬ || schieden, Preußen erhält es ganz — Weimar "
246,1,17803,17804,¬,fortdau,ernden,fortdauernden,join,high,joined form occurs elsewhere in this corpus,False,3,,0,,1,,zögerung. Jedoch haft man von der fortdau¬ || ernden Freundschaft zwischen dem Rußischen
246,1,17806,17807,¬,ange,sehen,angesehen,join,high,joined form occurs elsewhere in this corpus,False,3,,0,,117,,ie nie als eine militairische Gränze ange¬ || sehen werden. Schlesien und Preußen würden
246,2,17815,17816,¬,Abän,derung,Abänderung,join,high,joined form occurs elsewhere in this corpus,False,2,,0,,3,,"n Beilagen habe ich, nach 2 mahliger Abän¬ || derung einreichen müßen. Ich hatte das ers"
248,1,17934,17935,¬,ge,schehen,geschehen,join,high,joined form occurs elsewhere in this corpus,False,97,,16,,3,," jezt nicht gelingen, so dürfte es nie ge¬ || schehen. Der biedern Fürst Kanzler hat den"
248,1,17943,17944,¬,ge,wonnen,gewonnen,join,high,joined form occurs elsewhere in this corpus,False,43,,16,,4,,darüber und halten das ganze Spiel für ge¬ || wonnen. Die Monarch sieht ein daß er bezah
248,1,17948,17949,-,justi,angefangen,justiangefangen,split,high,joined form unattested; both halves are real words,False,0,0,0,4437,6,2698456,"Winzingerode, dieser zeigte mir ein justi- || angefangen Schreiben an Sr Majestät, worin"
248,1,17954,17955,¬,zuför,derst,zuförderst,join,high,joined form occurs elsewhere in this corpus,False,4,,0,,1,,"en, Ewr Durchlaucht Angelegenheiten zuför¬ || derst zu stande bringen zu laßen, und daß "
248,2,17969,17970,¬,ver,schiedenes,verschiedenes,join,high,joined form occurs elsewhere in this corpus,False,1,,2,,2,,"gut enden, ich habe darüber in Geheim ver¬ || schiedenes gehört, und was nötig war den b"
249,2,18013,18014,¬,apparte,verreichen,apparteverreichen,split,high,joined form unattested; both halves are real words,False,0,0,3,64,1,16,"cheuliche Gravamina sogleich noch apparte¬ || verreichen, so viel ist gewiß daß die medi"
249,2,18014,18015,¬,Praero,gatione,Praerogatione,join,high,head is not a word on its own,False,0,0,0,0,1,,"e mediatisirten durchweg ihre alte Praero¬ || gatione, bis auf die vollkommene Souverain"
250,1,18044,18045,¬,Me,moriale,Memoriale,join,high,"joined form attested in DWDS (59,215 hits)",False,0,59215,6,,1,,dem Fürsten v. Hardenberg übergebenen Me¬ || moriale erlangt. Ich habe die Ehre dessen 
250,1,18045,18046,¬,Ab,schrift,Abschrift,join,high,joined form occurs elsewhere in this corpus,False,32,,106,,4,,"iale erlangt. Ich habe die Ehre dessen Ab¬ || schrift in der Beilage zurückzusenden, und"
250,1,18047,18048,¬,interes,siren,interessiren,join,high,head is not a word on its own,False,0,100,0,977,1,,mangeln mich für dessen Inhalt zu interes¬ || siren soviel es in meinen Würkungs Kreis l
250,1,18050,18051,¬,Hoch,achtung,Hochachtung,join,high,joined form occurs elsewhere in this corpus,False,42,,22,,6,,Versicherungen meiner vollkommensten Hoch¬ || achtung
251,1,18063,18064,¬,nach,träge,nachträge,join,held,"held: a real word broken at the line end; the joined form is a period, Latin or name spelling the evidence does not know (checked 2026-09-28)",False,0,513,876,156778084,1,137934,[ochfürstliche]. D[urchlaucht]. noch nach¬ || träge devotest zu Füßen zu legen. Seine ge
254,3,18212,18213,¬,ver,sehen,versehen,join,high,joined form occurs elsewhere in this corpus,False,9,,2,,117,,"rd gehörig verſiegelt mit der Adresse ver¬ || sehen, und den ein Umschlag gemacht und di"
254,3,18218,18219,¬,Gnä,digster,Gnädigster,join,high,joined form occurs elsewhere in this corpus,False,264,,0,,2,,gebrauchen laßen — jezt allein giltes Gnä¬ || digster Fürst nun muß man sich rühren und 
254,6,18263,18264,¬,Kin,der,Kinder,join,high,joined form occurs elsewhere in this corpus,False,52,,0,,3856,," ich schon erborgt, dort darben meine Kin¬ || der — Wie soll das enden, und wie soch ich"
255,1,18284,18285,¬,ge,holfen,geholfen,join,high,joined form occurs elsewhere in this corpus,False,7,,16,,1,,"gut — der Fürst H will Ewr Durchlaucht ge¬ || holfen wißen, da erhalte ihm ja Gott — die"
255,1,18295,18296,¬,ge,legt,gelegt,join,high,joined form occurs elsewhere in this corpus,False,23,,16,,10,, sey bis Berlin auf bewahrt und zurück ge¬ || legt — Auch gut den dorten giebts der Helf
257,1,18369,18370,¬,Trans,Act,TransAct,join,high,joined form occurs elsewhere in this corpus,False,16,,1,,6,,"aß der Herr Fürst z[u] Hohenlohe im Trans¬ || Act von 1811 sich anheiſchig gemacht habe,"
257,1,18373,18374,¬,be,ste,beste,join,high,joined form occurs elsewhere in this corpus,False,25,,3,,4,,von der Mitverpflichtung zu be¬ || ste[?]
259,1,18443,18444,¬,hin,gesandt,hingesandt,join,held,"held: a real word broken at the line end; the joined form is a period, Latin or name spelling the evidence does not know (checked 2026-09-28)",False,0,809,52,9658466,32,1853857,und daß man Ihnen alles nach Öhringen hin¬ || gesandt / wo Sie im Arrest gewesen / und d
259,2,18448,18449,¬,vor,ziehen,vorziehen,join,high,joined form occurs elsewhere in this corpus,False,1,,296,,42,,"egen Sie ja reat und ohne alle Furcht vor¬ || ziehen Sie ja in allen Fällen, dem Hoffrat"
259,2,18463,18464,¬,be,kommen,bekommen,join,high,joined form occurs elsewhere in this corpus,False,44,,3,,124,, um den Talismann schnell in Händen zu be¬ || kommen — Früchten dürfen Sie nun nichts me
260,2,18515,18516,¬,Capi,tal,Capital,join,high,joined form occurs elsewhere in this corpus,False,70,,1,,5,,nen zur Tilgung der Haupt Schuld ein Capi¬ || tal vom 112/m rt vorgeschoßen werden mögte
261,1,18565,18566,¬,Augen,blick,Augenblick,join,high,joined form occurs elsewhere in this corpus,False,55,,13,,2,,"alten, und mit dieser kan ich jeden Augen¬ || blick, wann es erfordert wird, vertreten. "
262,1,18635,18636,¬,ausge,stoßen,ausgestoßen,join,high,"joined form attested in DWDS (85,594 hits)",False,0,85594,0,,2,,"g die Transakte aufhebt, und Cosmar ausge¬ || stoßen und zur schwersten Verantwortung ge"
262,2,18652,18653,¬,Proto,colle,Protocolle,join,high,joined form occurs elsewhere in this corpus,False,3,,0,,1,,"t Schreiben ließt — Ganze Acten und Proto¬ || colle aber nicht Zeit hat selbst zu lesen,"
262,2,18655,18656,¬,ver,muthlich,vermuthlich,join,high,joined form occurs elsewhere in this corpus,False,10,,2,,2,,"isirten Fürsten wird sehr beschränkt, ver¬ || muthlich wird man Öls pp zur Norm nehmen —"
262,3,18690,18691,¬,be,kommen,bekommen,join,high,joined form occurs elsewhere in this corpus,False,44,,3,,124,,Artois gebracht und hat dafür 1000 rt. be¬ || kommen — Meyers sein Revers von Pr. Artois
264,1,18756,18757,¬,vor,geſchritten,vorgeſchritten,join,high,joined form occurs elsewhere in this corpus,False,2,,296,,1,,"die, wenn ich nach Ihren Willen damit vor¬ || geſchritten wäre, und ſo gerade herein gep"
264,1,18775,18776,¬,Koschen,tin,Koschentin,join,high,joined form occurs elsewhere in this corpus,False,34,,0,,4,,"chlaucht gegeben, den Verkauf der Koschen¬ || tin der vorgesagten Art zu besorgen."
264,2,18785,18786,¬,Niederträch,tigkeit,Niederträchtigkeit,join,high,joined form occurs elsewhere in this corpus,False,1,,0,,3,,"ichsten aller Menschen solche Niederträch¬ || tigkeit andichten, und auf sein Conto Mens"
265a,1,18853,18854,¬,rem,bourssiren,rembourssiren,join,held,"held: a real word broken at the line end; the joined form is a period, Latin or name spelling the evidence does not know (checked 2026-09-28)",False,0,0,0,33107,1,0,"ig sein, wie die Causa das Capital zu rem¬ || bourssiren, den 1stens muß Cosmar an 60000"
265b,1,18884,18885,¬,Forst,rath,Forstrath,join,high,joined form occurs elsewhere in this corpus,False,1,,36,,229,,al Bevollmächtigter der Krieges und Forst¬ || rath v Triebenfeld in dieser Sachen an d H
265b,1,18889,18890,¬,recto,mirung,rectomirung,join,high,head is not a word on its own,False,0,0,0,971,1,,"ich nun nicht an wem ich mich wegen recto¬ || mirung der Güter wenden soll, ja noch mehr"
266,1,18914,18915,¬,ver,gnügt,vergnügt,join,high,joined form occurs elsewhere in this corpus,False,2,,2,,1,,"öniges Majeſtät ſeinem auch ſtehr mit ver¬ || gnügt, der schon 6 Tage hat der Herr ganz "
267,1,18967,18968,¬,ge,ſandt,geſandt,join,high,joined form occurs elsewhere in this corpus,False,32,,16,,1,, Decbr durch den Neisser Bothen an mir ge¬ || ſandt welches ich den 21 ten erhalten habe
268,1,19017,19018,¬,Befrie,digung,Befriedigung,join,high,joined form occurs elsewhere in this corpus,False,14,,0,,1,,"Cosmar abgesezt, und giebt man zur Befrie¬ || digung der Cur[ische]: Erben die 112/m rt "
268,1,19018,19019,¬,Schwürig,keit,Schwürigkeit,join,high,joined form occurs elsewhere in this corpus,False,1,,0,,10,,o findet sich alles weitere ohne Schwürig¬ || keit von selbst — was mich jezt Kummer mac
268,1,19021,19022,¬,ver,arbeiten,verarbeiten,join,high,joined form occurs elsewhere in this corpus,False,2,,2,,31,,er durch dem Herrn General v. Schöler ver¬ || arbeiten zu laßen. Der General steht bey d
268,1,19024,19025,¬,unglaub,liche,unglaubliche,join,high,"joined form attested in DWDS (2,021,977 hits)",False,0,2021977,0,,4,, In den Kabinettern herrſcht eine unglaub¬ || liche Thätigkeit alles aber wird äußerst g
269,1,19103,19104,¬,ver,blüffen,verblüffen,join,high,"joined form attested in DWDS (162,925 hits)",False,0,162925,2,,1,,"ürst Hardenberg — der Last sich nicht ver¬ || blüffen — der sagt, solte man den Fürsten "
270,1,19186,19187,¬,ver,schloßen,verschloßen,join,high,"joined form attested in DWDS (819,410 hits)",False,0,819410,2,,3,," beendigt, und dann die Gnaden Pforte ver¬ || schloßen sein dürfte — Moscinski, Ehemann "
270,1,19197,19198,¬,aner,kannt,anerkannt,join,high,joined form occurs elsewhere in this corpus,False,2,,0,,1,,l verlohren — Hoffentlich wird unser aner¬ || kannt brave König dies den wohl nicht gesc
270,2,19205,19206,¬,ent,schuldiget,entschuldiget,join,high,joined form occurs elsewhere in this corpus,False,2,,0,,2,,er doch täglich mit ihm zusammen ſizt ent¬ || schuldiget ihm selbst — Aber gut geht die 
270,2,19212,19213,¬,Majo,rats,Majorats,join,high,joined form occurs elsewhere in this corpus,False,32,,0,,1,,"igefügte Revenuen Überschlag von den Majo¬ || rats Gütern, der weicht ja schrecklich von"
270,2,19219,19220,¬,Ap,panage,Appanage,join,high,joined form occurs elsewhere in this corpus,False,2,,0,,1,,Pr aber wolle man nichts führen — eine Ap¬ || panage von 1200000 rt habe er für den alte
272,1,19302,19303,¬,Ver,handlen,Verhandlen,join,held,"held: a real word broken at the line end; the joined form is a period, Latin or name spelling the evidence does not know (checked 2026-09-28)",False,0,111,2,0,5,940,wie wenig mit allem schrifftlichen Ver¬ || handlen bisher ausgerichtet worden ist.
272,1,19305,19306,¬,be,wirken,bewirken,join,high,joined form occurs elsewhere in this corpus,False,4,,3,,5,,"für Höchst Ihre Ruhe nöthig ist zu be¬ || wirken, und im äußersten Falle"
272,1,19307,19308,¬,selbstän,und,selbstänund,join,high,head is not a word on its own,False,0,0,0,116,5311,,sieht man sich dort die Sachen selbstän¬ || und benimmt sich nach den Umständen
272,2,19315,19316,¬,ma,chen,machen,join,high,joined form occurs elsewhere in this corpus,False,182,,1,,4,,diesem äußersten Fall Gebrauch ma¬ || chen müßte. Ich glaube aber es ist dieß
272,2,19325,19326,¬,Ant,wort,Antwort,join,high,joined form occurs elsewhere in this corpus,False,86,,10,,52,,sehr in Zweiffel zieht. Wißeine Ant¬ || wort auf dieß Schreiben erfolgt muß
272,3,19336,19337,¬,bißferi,gen,bißferigen,join,high,head is not a word on its own,False,0,0,0,0,70,," H: v. Braun ist die Wurzel alles bißferi¬ || gen Übels, weil er dem Cosmar in nichts ge"
272,3,19337,19338,¬,ge,wachsen,gewachsen,join,high,"joined form attested in DWDS (4,854,247 hits)",False,0,4854247,16,,1,,"en Übels, weil er dem Cosmar in nichts ge¬ || wachsen war, und sich in den Wirkungskreiß"
272,3,19346,19347,¬,hoffen,den,hoffenden,join,high,"joined form attested in DWDS (5,345 hits)",False,0,5345,22,,2764,,öchstdieselben von ihrem wahren zu hoffen¬ || den Ertrag für das nächste Etatsfähr
272,3,19353,19354,¬,kön,nen,können,join,high,joined form occurs elsewhere in this corpus,False,318,,1,,9,,"Verwendungen bestritten werden kön¬ || nen, ohne die wirklichen Revenuen zu"
272,3,19356,19358,¬,be,obachtet,beobachtet,join,review,crosses a page break - check by hand,True,3,3114346,3,105863,1,87,"vieles von den Formen ab, die man be¬ || obachtet."
272,4,19362,19363,¬,zukom,men,zukommen,join,high,joined form occurs elsewhere in this corpus,False,5,,1,,3,,"werden, sondern denjenigen zukom¬ || men, welchen sie gehören. Ist alles"
272,4,19365,19366,¬,eigent,lich,eigentlich,join,high,joined form occurs elsewhere in this corpus,False,18,,0,,15,,"bewiesen zu haben, wer es eigent¬ || lich redlich mit Höchst Ihnen und der"
272,4,19368,19369,¬,wohlmei,nenden,wohlmeinenden,join,high,"joined form attested in DWDS (29,219 hits)",False,0,29219,0,,1,,ich gleich meine redlichen und wohlmei¬ || nenden Gesinnungen nicht offt wört.
273,2,19410,19411,¬,zwei,thum,zweithum,join,high,head is not a word on its own,False,0,0,0,0,2,,"svoll, umſomehr als der mehrerwehnte zwei¬ || thum nun nie von Folgen sein wird und alle"
273,3,19434,19435,¬,Ge,legenheit,Gelegenheit,join,high,joined form occurs elsewhere in this corpus,False,19,,16,,4,,"ben sehr wahr gethan — ich glaube jezt Ge¬ || legenheit gehabt zu haben, in Ihr Herz zu "
273,3,19445,19446,¬,Mo,naths,Monaths,join,high,"joined form attested in DWDS (5,091 hits)",False,0,5091,0,,1,,r kan ich nicht — Ich sehe ihm kam das Mo¬ || naths einmahl welches Schicksahl tausende 
273,4,19481,19482,-,Ausan,Kopf,AusanKopf,join,high,head is not a word on its own,False,0,0,0,175,23,,"chenken wolten, wenn Sie in mir den Ausan- || Kopf glaubten —"
273,4,19484,19485,¬,ge,nannt,genannt,join,high,joined form occurs elsewhere in this corpus,False,4,,16,,1,,"or wünſchrei mögten, dem Hoffrath Hahn ge¬ || nannt habe — Ich solle auch deßfals Nachri"
273,4,19485,19486,¬,ein,hohlen,einhohlen,join,high,joined form occurs elsewhere in this corpus,False,1,,806,,15,,deßfals Nachricht von Ewr Durchlaucht ein¬ || hohlen —
274,1,19499,19500,¬,ausge,ſchrieben,ausgeſchrieben,join,held,"held: a real word broken at the line end; the joined form is a period, Latin or name spelling the evidence does not know (checked 2026-09-28)",False,0,0,0,3158,6,0," darauf hat er eine Art von Landtag ausge¬ || ſchrieben, wo er alle Stände, den 15 ten M"
274,1,19513,19514,¬,verbin,den,verbinden,join,high,joined form occurs elsewhere in this corpus,False,2,,0,,2764,,en. — Nur solle sich keiner zu uns verbin¬ || den und überlisten laßen — Es wird eine al
276,2,19654,19655,¬,be,faßen,befaßen,join,high,joined form occurs elsewhere in this corpus,False,6,,3,,8,,"e, daß sich der König ge mit der Sache be¬ || faßen, sondern seinerst gegebene Erklärung"
277,1,19702,19703,¬,Voll,macht,Vollmacht,join,high,joined form occurs elsewhere in this corpus,False,91,,27,,82,,ie nur gerettet — August muß nur die Voll¬ || macht in der vorgeſchriebenen Art abforder
278,1,19747,19748,¬,abschläg,lichen,abschläglichen,join,held,"held: a real word broken at the line end; the joined form is a period, Latin or name spelling the evidence does not know (checked 2026-09-28)",False,0,26,0,193007,3,15542,"Seiten des Ministerii ertheilten abschläg¬ || lichen Resolutionen gebaut ist, scheint es"
278,1,19756,19757,¬,Veran,laßung,Veranlaßung,join,high,"joined form attested in DWDS (115,238 hits)",False,0,115238,0,,1,,"cht entgegen handlen, und ohne alle Veran¬ || laßung von Seiten der Erben nicht exabrupt"
278,2,19771,19772,¬,aufzu,bringen,aufzubringen,join,high,joined form occurs elsewhere in this corpus,False,6,,0,,126,,"zu gebothe, wenigstens 5 bis 600 rt aufzu¬ || bringen. Noch nie würde ein Capital so gew"
278,2,19784,19785,¬,wenig,stens,wenigstens,join,high,joined form occurs elsewhere in this corpus,False,37,,58,,7,,"ngegeben sind, auf welchem für mich wenig¬ || stens Veranlassung genommen werden könnte,"
279,1,19808,19809,¬,Ad,ministration,Administration,join,high,joined form occurs elsewhere in this corpus,False,16,,24,,1,,nzler daß der Vorschuß gegeben und die Ad¬ || ministration eingeleitet wird. Ich ſehn da
279,1,19818,19819,¬,eniffer,zug,enifferzug,join,high,head is not a word on its own,False,0,0,0,0,5,,"ummer machen, den der R Kayser eniffer[?]¬ || zug, und Landskoy verkauft alles, und hat "
279,1,19823,19824,¬,Fran,zosen,Franzosen,join,high,joined form occurs elsewhere in this corpus,False,16,,0,,1,,"lange dauern, gleichwohl müßen 60000 Fran¬ || zosen und 30000 Osterreicher dahin marschi"
280,1,19877,19878,¬,Kriege,rischen,Kriegerischen,join,high,joined form occurs elsewhere in this corpus,False,3,,8,,3,,n würde inzwischen bey den jezigen Kriege¬ || rischen Aussichten ein leichts sein. Es wi
281,2,19963,19964,¬,ge,gebenen,gegebenen,join,high,joined form occurs elsewhere in this corpus,False,10,,16,,2,,bschließen kan — ich habe nach den mir ge¬ || gebenen Verſicherungen darauf zu erst geba
282,1,20003,20004,-,hiewie,alles,hiewiealles,join,high,head is not a word on its own,False,0,0,0,5,734,,betteln — Kömt er aber her ſo soll hiewie- || alles für ihm ausgemacht und er außer jede
282,1,20020,20021,-,Brod,für,Brodfür,split,high,joined form unattested; both halves are real words,False,0,0,5,19166,613,378371132,ahl ehender die Sonne als das morgen Brod- || für sich und ihre Kinder im Hause gehabt h
282,2,20048,20049,-,König,ſtalt,Königſtalt,split,high,joined form unattested; both halves are real words,False,0,0,308,2723496,3,925,"leon immer mehr nach Paris zu — der König- || ſtalt bey Melun eine Armee muß, die gescha"
282,2,20049,20050,¬,Napo,leon,Napoleon,join,high,joined form occurs elsewhere in this corpus,False,28,,1,,2,,"geschah bey Grenoble und Lion auch — Napo¬ || leon ist aber ſo ſchlau, daß er wo ihm Gef"
284,1,20105,20106,¬,unter,zeichnen,unterzeichnen,join,high,joined form occurs elsewhere in this corpus,False,1,,130,,1,,"ren dahin vermocht die Sache mit zu unter¬ || zeichnen, daß die Pohlen die Güter die ihn"
285,1,20220,20221,¬,verur,theilt,verurtheilt,join,high,joined form occurs elsewhere in this corpus,False,1,,0,,2,, Instanz verlohr der Fürst und ward verur¬ || theilt den Pfandschilling zu bezahlen. Bro
286,4,20384,20385,¬,Angelegen,heiten,Angelegenheiten,join,high,joined form occurs elsewhere in this corpus,False,56,,2,,2,,ich in die innere französischen Angelegen¬ || heiten nicht mischen wollen — Also wird Na
287,2,20455,20456,¬,denken,de,denkende,join,high,joined form occurs elsewhere in this corpus,False,3,,28,,20,,"t davon wenig Notiz zu nehmen, und denken¬ || de Männer ſchätteten die Köpfe —"
287,3,20473,20474,¬,ver,schiedene,verschiedene,join,high,joined form occurs elsewhere in this corpus,False,6,,2,,1,,"acht hat ist noch nicht bekannt — Die ver¬ || schiedene Amusemente dauran fort, ohnerach"
287,3,20479,20480,¬,Mi,litair,Militair,join,high,joined form occurs elsewhere in this corpus,False,4,,0,,1,,"it seine Umgebungen über alles was das Mi¬ || litair betrift ſind, wie es ſcheint ſo bre"
287,3,20483,20484,¬,ge,wagt,gewagt,join,high,"joined form attested in DWDS (1,411,740 hits)",False,0,1411740,16,,1,,hren wird — das wäre doch wohl zu viel ge¬ || wagt. Es ist unglaublich was der Herr brav
288,1,20540,20541,¬,be,stens,bestens,join,high,joined form occurs elsewhere in this corpus,False,17,,3,,7,,hat auch verſprochen dem Prinzen S. M. be¬ || stens zu empfehlen und für ihm väterlich z
288,1,20543,20544,¬,Auf,nahme,Aufnahme,join,high,joined form occurs elsewhere in this corpus,False,1,,1051,,3,,"nd es entſteht die Frage, ob dann die Auf¬ || nahme sie gut sein dürfte — auch ginge die"
289,1,20644,20645,¬,Umge,bungen,Umgebungen,join,high,joined form occurs elsewhere in this corpus,False,4,,0,,1,,hungert mit seinen Umge¬ || bungen
289,2,20679,20680,¬,Cate,gorische,Categorische,join,high,joined form occurs elsewhere in this corpus,False,1,,0,,1,,"jestaet vor ud bewürken für mich die Cate¬ || gorische Erklärung des Monarchen, damit je"
290,1,20713,20714,¬,me,moire,memoire,join,high,"joined form attested in DWDS (2,217 hits)",False,0,2217,6,,1,,rsten wieder ein etwas nachdrückliches me¬ || moire wegen die Cur. Angelegenheit so wie 
291,1,20752,20753,¬,obso,liet,obsoliet,join,high,head is not a word on its own,False,0,0,0,8,1,,"ürsten August bekannt gemacht was Er obso¬ || liet schon längst haben muß, dieses Sache "
291,1,20753,20754,¬,durch,aus,durchaus,join,high,joined form occurs elsewhere in this corpus,False,40,,522,,550,,"ängst haben muß, dieses Sache stoff durch¬ || aus nichts mehr entgegen, und hierdurch is"
291,1,20754,20755,¬,ge,wonnen,gewonnen,join,high,joined form occurs elsewhere in this corpus,False,43,,16,,4,,"mehr entgegen, und hierdurch ist alles ge¬ || wonnen, es sey denn daß Gott dem guten Für"
291,1,20758,20759,¬,Angelegen,heiten,Angelegenheiten,join,high,joined form occurs elsewhere in this corpus,False,56,,2,,2,,che wegen der Pohlnischen Güter Angelegen¬ || heiten ist nun durch Vermittlung des Minis
291,1,20761,20762,¬,erdenk,liche,erdenkliche,join,high,"joined form attested in DWDS (134,169 hits)",False,0,134169,0,,4,,"Minister Stein hat sich schon alle erdenk¬ || liche Mühe gegeben, auch Worowzow u Nessel"
291,1,20769,20770,¬,an,gestellt,angestellt,join,high,joined form occurs elsewhere in this corpus,False,16,,1008,,14,,"leich Arrest trohet u ein Oberaufseher an¬ || gestellt werden soll, die Sache liegt nur "
292,2,20840,20841,¬,der,einst,dereinst,join,high,joined form occurs elsewhere in this corpus,False,4,,3856,,3,, entstünde die Frage war diese Summen der¬ || einst ersezen solle.
292,3,20874,20875,¬,gemein,schaftliche,gemeinschaftliche,join,high,"joined form attested in DWDS (351,293 hits)",False,0,351293,3,,2,,ht zurück nehmen — mit Ewr durchl. gemein¬ || schaftliche Sache machen u mir dann erst i
292,3,20875,20876,¬,be,reitet,bereitet,join,high,"joined form attested in DWDS (2,345,412 hits)",False,0,2345412,3,,1,,achen u mir dann erst ist Cosmars Grob be¬ || reitet.
294,1,20910,20911,¬,Zuver,sicht,Zuversicht,join,high,joined form occurs elsewhere in this corpus,False,16,,0,,4,," Äußerungen Ew. Hochwohlgebohrn mit Zuver¬ || sicht versichern, daß sie gern und willig "
294,1,20913,20914,¬,abzu,schließen,abzuschließen,join,high,joined form occurs elsewhere in this corpus,False,8,,0,,10,,e Sache bis zur höheren ratification abzu¬ || schließen glaube.
295,1,20954,20955,¬,Untertha,nen,Unterthanen,join,high,joined form occurs elsewhere in this corpus,False,36,,0,,9,,"gewinnen, ist — umsomehr als die Untertha¬ || nen bereits um Aufhebung des Contracts ang"
295,2,20969,20970,¬,ori,ginal,original,join,high,joined form occurs elsewhere in this corpus,False,27,,0,,1,,"s weisen, und ihm zu diesen Behuf die ori¬ || ginal Acten hingeben —? Inzwischen hat Sch"
296,1,21004,21005,¬,Bar,by,Barby,join,high,"joined form attested in DWDS (9,505 hits)",False,0,9505,3,,1,,"ge ich bei: der Hoffrath Bar¬ || by ist in Paris gestorben,"
296,1,21014,21015,¬,ver,sichert,versichert,join,high,joined form occurs elsewhere in this corpus,False,28,,2,,6,,meiner Theilnahme ver¬ || sichert. Ich erwarte doch recht
296,1,21018,21019,¬,er,ei,erei,split,high,joined form unattested; both halves are real words,False,0,518,1278,184157988,1,76569,ist in er¬ || ei[?] Instanz
296,1,21020,21021,¬,un,redlichen,unredlichen,join,high,"joined form attested in DWDS (23,835 hits)",False,0,23835,2,,16,,eines un¬ || redlichen
296,1,21022,21023,¬,über,führ,überführ,join,high,"joined form attested in DWDS (322,270 hits)",False,0,322270,305,,1,,verfahrens über¬ || führ geachtet — hat
296,2,21033,21034,¬,fü,gung,fügung,join,high,joined form occurs elsewhere in this corpus,False,1,,0,,4,,melde ich sogleich unter Bei fü¬ || gung der 2 Original Anlagen
297,2,21090,21091,¬,Cassi,rung,Cassirung,join,high,joined form occurs elsewhere in this corpus,False,1,,0,,5,,ie Rückstände den kan man ſie wegen Cassi¬ || rung des Contracts anhöhren.
297,3,21126,21127,¬,Hochwohl,geboren,Hochwohlgeboren,join,high,joined form occurs elsewhere in this corpus,False,18,,3,,1,,chenck Vollmacht von mir und Ewr Hochwohl¬ || geboren haben eine General Vollmacht cum f
297,3,21127,21128,¬,sub,stituendi,substituendi,join,held,"held: a real word broken at the line end; the joined form is a period, Latin or name spelling the evidence does not know (checked 2026-09-28)",False,0,0,33,103540,1,0, eine General Vollmacht cum facultate sub¬ || stituendi die auf meine Angelegenheiten hi
297,4,21140,21141,¬,Diploma,tischen,Diplomatischen,join,high,"joined form attested in DWDS (1,461 hits)",False,0,1461,0,,1,,"ch gerne zu daß sie die Sachen im Diploma¬ || tischen Wege betreiben p p. p."""
298,1,21182,21183,¬,kranck,heit,kranckheit,join,held,"held: a real word broken at the line end; the joined form is a period, Latin or name spelling the evidence does not know (checked 2026-09-28)",False,0,128,11,72,11,21995,"kan ich bereits, und ich hoffe die kranck¬ || heit wird sich lindern — Mein zerrißenes h"
299,1,21238,21239,¬,Bet,sche,Betsche,join,high,joined form occurs elsewhere in this corpus,False,50,,0,,6,,rden mir jezt und damit gehe ich nach Bet¬ || sche und von dort nach Berlin — der Kayser
299,1,21260,21261,¬,Bayon,ner,Bayonner,join,high,joined form occurs elsewhere in this corpus,False,10,,0,,4,,"on resp. 137000 rt zur Ungebühr als Bayon¬ || ner Summen gerechnet hat, sondern daß es r"
299,1,21261,21262,¬,Eigen,thum,Eigenthum,join,high,joined form occurs elsewhere in this corpus,False,12,,5,,2,,"t hat, sondern daß es reines privat Eigen¬ || thum Ewr Durchlaucht ist."
299,2,21296,21297,¬,be,arbeitet,bearbeitet,join,high,"joined form attested in DWDS (1,479,072 hits)",False,0,1479072,3,,6,,"ehr gut ausgehen. Es wird diplomatisch be¬ || arbeitet, und der H. Minister v Humboldt b"
299,3,21310,21311,¬,Trieben,feld,Triebenfeld,join,high,joined form occurs elsewhere in this corpus,False,332,,2,,8,,ger und mit dem Geheimen Rath von Trieben¬ || feld vor der Hand die Forst Devastationen 
299,3,21314,21315,¬,Voll,macht,Vollmacht,join,high,joined form occurs elsewhere in this corpus,False,91,,27,,82,,"könte — Er will wann er eine General Voll¬ || macht, und 500 rt nebst freier defraherung"
300,1,21347,21348,¬,ge,ten,geten,split,high,joined form unattested; both halves are real words,False,0,442,16,215421,486,295388,ach Posen zurück — Er ward nach Berlin ge¬ || [...]ten um verabschiedet oder wenigstens 
300,1,21352,21353,¬,ver,weigerte,verweigerte,join,high,"joined form attested in DWDS (925,651 hits)",False,0,925651,2,,2,,"ł zur mit Unterschrift zu — Radziwill ver¬ || weigerte leztere, weil es das Gegentheil v"
300,2,21373,21374,¬,De,putation,Deputation,join,high,joined form occurs elsewhere in this corpus,False,3,,20,,1,,n hätte sich darauf durch eine geheime De¬ || putation beym Kayser erklärt daß sie ihm s
300,2,21375,21376,¬,aufopfar,würden,aufopfarwürden,join,high,head is not a word on its own,False,0,0,0,0,113,,ann zu diensten stehen und alles aufopfar¬ || würden um die Constitution aufrecht zu erh
302,1,21450,21451,¬,einge,tragenen,eingetragenen,join,high,joined form occurs elsewhere in this corpus,False,2,,0,,1,,"hung der mehrern und über 72000 rt. einge¬ || tragenen Summen, wißfalls auch ſchon ein P"
