letter,line,decision,confidence,cue,ratio,prev_len,page_measure,prev_line,context
1,36,break,high,short_line+column,0.01,1,70,1,"Hochwohlgeborner Herr,"
1,37,break,high,short_line+column,0.32,22,70,"Hochwohlgeborner Herr,",Hochzuehrender Herr Krieges und Forst Rath!
1,38,break,high,short_line,0.62,43,70,Hochzuehrender Herr Krieges und Forst Rath!,Vor wenig Stunden erhielt ich von einen bewährten Freund die Nach
1,42,break,high,short_line,0.19,13,70,werden dürfe.,"Mit den 13 Januar habe ich keine Nachricht von Ihnen, Ich lebe desfals"
1,49,run,review,short_line,0.53,37,70,mein Freund war meine noth ans Herz —,Der Bericht des Brieger Ober Landes Gerichts ist schon unterm 14 ten V
1,53,break,high,short_line,0.55,38,70,kan mich jezt mit allem Rechte helfen.,Ich bitte weiter um nichts / das beherzigen Sie sehr wohl / als daß de
1,71,break,high,short_line,0.42,29,70,Kleinen des Cosmars gerettet.,Hiernächst bitte ich die Trąbczyner und Kamener Sache jezt wahrzunehme
1,79,break,high,short_line+column,0.43,30,70,und Hochachtung versichern als,Ewr Hochwohlgebornen
1,80,break,high,short_line+column,0.29,20,70,Ewr Hochwohlgebornen,Schlawenschitz den 29ten Januar
1,81,break,high,short_line+column,0.45,31,70,Schlawenschitz den 29ten Januar,1815
1a,85,break,high,short_line+column,0.6,23,38,Durchlauchtigster Fürst,Gnädigster Fürst und Herr!
1a,86,break,high,short_line,0.68,26,38,Gnädigster Fürst und Herr!,Ewr Hochfürstliche Durchlaucht höchst gnädigste Verzeihung erstehe ich
1a,98,run,review,short_line,0.47,18,38,nicht mehr hungern,Was die Trąbczyner Güter in Koniner
1a,103,run,review,short_line,0.31,12,38,Weisung — ob,"Ob ich jezt die Urkunden, und andere"
1a,105,break,high,short_line,0.68,26,38,Documente einreichen darf.,Ew. Hochfürstl. Durchlaucht
1a,106,break,high,short_line+column,0.7,27,38,Ew. Hochfürstl. Durchlaucht,unterthäniger diener
1a,107,break,high,short_line+column,0.52,20,38,unterthäniger diener,Wien d. 12. in Febr.
1a,108,break,high,short_line,0.52,20,38,Wien d. 12. in Febr.,1815
2,112,break,high,short_line+column,0.01,1,70,2,Durchlauchtigster Fürst
2,113,break,high,short_line+column,0.33,23,70,Durchlauchtigster Fürst,Gnädigſter Fürſt und Herr!
2,114,break,high,short_line,0.37,26,70,Gnädigſter Fürſt und Herr!,Ewr Durchlaucht Schreiben vom 28ten M erhielt ich vor einer halben Stu
2,121,break,high,short_line,0.49,34,70,und wichtige Dinge berichtet habe.,Ich habe Ewr Durchlaucht gemeldet daß ich an Gen[eral]. Schöler auf ei
2,132,break,high,short_line,0.61,43,70,durch Geld und Schürzen alles gemacht wird.,"Ich habe Ewr durch weiter gemeldet, daß nun auch Sachsen wenigstens de"
2,146,run,review,short_line,0.72,48,67,"den, daß ich gänzlich zum Gespotte werden soll —",Ich soll würken und mit Nachdenken handeln — Schicken Sie doch jemand
2,155,run,review,short_line,0.19,13,67,Schreitwillen,"Nun erst der Fürst, Schon hat Jordan mir spöttisch um die 100 # gemahn"
2,159,run,review,short_line,0.54,36,67,Jezt also auf Ihren heutigen Brief —,Die Sachen liegen alle beym Geh[eimen]. Staats Rath Stägemann hatte di
2,173,break,high,short_line,0.35,26,75,er sey Vater von 7 Kinder.,Wir haben alles abgeschrieben ihm die Taxen mitgesandt und ihm weill A
2,177,break,high,short_line,0.44,33,75,damit man sich praepariren könne.,wegen Ende des Congressis ist noch nichts zu höhren. Und die Ewr Durch
2,181,run,review,short_line,0.2,15,75,erklären wird —,Die Ruße Kayserin geht den 18 oder 20 ten von hier ab nach Carlsruhe z
2,184,break,high,short_line,0.16,12,75,nach Berlin.,Übrigens spricht man hier fortwährend von fürchterlichen neuen Kriegen
2,189,run,review,short_line,0.6,45,75,mit deßen Gesinnungen übereinstimmend wären —,Wir leben in einer schrecklichen Periode. — Gott lenke nur alles zum B
2,208,run,review,short_line,0.38,24,64,ja mit glühenden Eyfer —,"Grev: Schreibt daß Mad C. — bey d. J. M. in noch höhern Gnaden stände,"
2,211,break,high,short_line,0.61,39,64,und ihm den C. jeden Ausweg versperren.,Nur um Gottes willen senden Sie auch so schenk als möglich die 200 Duc
2,214,break,high,short_line,0.47,30,64,mit gehöriger Kraft zu würken.,Ehrfurchts voll verharre
2,215,break,high,short_line+column,0.38,24,64,Ehrfurchts voll verharre,Ewr Durchlaucht
2,216,break,high,short_line+column,0.24,15,64,Ewr Durchlaucht,P S die Nachgebrachte Correspondence
2,217,break,high,short_line+column,0.57,36,64,P S die Nachgebrachte Correspondence,mit den H. H[?] M. hat mit meiner Eingabe
2,218,break,high,short_line+column,0.65,41,64,mit den H. H[?] M. hat mit meiner Eingabe,einen sehr guten Effect gemacht
2,219,break,high,short_line+column,0.49,31,64,einen sehr guten Effect gemacht,Wien den 9ten Febr.
2,220,break,high,short_line,0.3,19,64,Wien den 9ten Febr.,1815
2,221,break,high,short_line+column,0.06,4,64,1815,treu gehorſamſter Diener
2,222,break,high,short_line+column,0.38,24,64,treu gehorſamſter Diener,v Triebenfeld
3,226,run,review,short_line,0.01,1,75,3,Zwey Briefe vom 19ten und 28ten Januar habe ich erhalten mehr nicht.
3,240,run,review,short_line,0.65,49,75,hernehmen soll um den Lehn Kutschen zu bezahlen —,Kurz erhalte ich nicht balde Hülfe und schaffen Sie nicht sehr sehr sc
3,243,break,high,short_line,0.63,47,75,und Spott belastet von hier heimlich entfernen.,"Ich habe hier für Sie viel bewürkt, und wolte eben noch das bewürken d"
3,249,run,review,short_line,0.53,40,75,vor Schaam nicht die Augen aufschlagen —,Ich bitte Sie also nochmals um Gottes willen schicken Sie eiligst die 
3,260,break,high,short_line,0.43,31,72,wo sind die Recenzen geblieben?,Das gerathenste ist die schicken ein eigenes Pro Memoria hier her — un
3,266,run,review,short_line,0.19,14,72,Hölln bereiten,"2tens Muß er Cautions fähig sein, die Caution kan in Baar Geld, nicht "
3,268,run,review,short_line,0.4,29,72,liegenden Gründen geschehen —,"3tens Muß er sowohl oconomische Kenntniße besizze, als auch sonst wiße"
3,270,run,review,short_line,0.17,12,72,schaft haben,4tens muß er nicht ohne alle Kenntnis vom Hütten fache sein — haupt er
3,272,break,high,rubric,1.01,73,72,Ewr Durchlaucht treulich an so wird er da von Ihnen belehrt ,"5, was muß er ohne brutalität zu Werke gehen, natürlich klug sein, dam"
3,274,run,review,short_line,0.69,50,72,ihm die alten Blut: Igel kein X für ein U machen —,"Wenn Sie vorschlagen, besonders mit diesen Eigenschaften dem genehmige"
3,276,run,review,short_line,0.34,25,72,der Furst Kanzler gewiß —,"Diese Sachen aber muß ich sehr schnell her haben, den ich hoffe in wen"
4,290,break,high,short_line+column,0.01,1,69,4,Durchlauchtigster Fürst
4,291,break,high,short_line+column,0.33,23,69,Durchlauchtigster Fürst,Gnädiger Herr
4,292,run,review,short_line,0.19,13,69,Gnädiger Herr,"Die Napoleonſche Geſchichte macht hier eine arge Senſation, und der Hi"
4,304,break,high,short_line,0.2,14,69,fruchten wird.,Hoffrath Barbe der ſich Ewr Durchlaucht ehrerbietigſt empfühlt wird eh
4,320,break,high,short_line,0.71,52,73,Ewr Durchlaucht den Kutscher dorten brauchen könten.,"daß diese Männer u Barbe, Philipshorn, und Heym wieder was Guts stifte"
4,324,break,high,short_line,0.71,52,73,genug wird es dann sein es Ewr Durchlaucht zu sagen.,wäre es in der Welt möglich so schien Sie Eberhard her — den möglich i
4,334,break,high,short_line,0.19,14,73,kämpft werden.,"Übrigens haben Ewo durchlaucht wir nicht geantwortet, wenn Sie sie ann"
4,340,run,review,short_line,0.55,40,73,Es wüste dies aber sehr völlig geschehen,"Ich hoffe meine Taufendfache dorzu, und kümer soll dennoch belohnt wer"
4,342,break,high,short_line+column,0.37,27,73,te tiefen Respect ersterben,Ewr Durchlaucht
4,343,break,high,short_line+column,0.21,15,73,Ewr Durchlaucht,treu gehorsamer Diener
4,344,break,high,short_line+column,0.3,22,73,treu gehorsamer Diener,19ten Mertz 1815
4,345,break,high,short_line+column,0.22,16,73,19ten Mertz 1815,Nun komm nach Eberhard
4,346,break,high,short_line+column,0.3,22,73,Nun komm nach Eberhard,v Triebenfeld
4,352,run,review,short_line,0.35,29,84,"ihrer Convenenz gemäß finden,","Was indes hier die Beſorgniß der Allerhöchſten Herrn erregt, ſind die "
5,363,break,high,short_line+column,0.02,1,64,5,Durchlauchtigſter Fürſt
5,364,break,high,short_line+column,0.36,23,64,Durchlauchtigſter Fürſt,Gnädigster Herr!
5,365,break,high,short_line,0.25,16,64,Gnädigster Herr!,"Der p. Trzciński ist von dem langen Zerboni angegangen, daß ihm Trzciń"
5,373,break,high,short_line,0.72,46,64,geben damit ich mich nicht zum Geſpötte mache.,Ein tausend vnd gibt Trzciński vor schon davon auf Anweisung der
5,380,break,high,short_line,0.64,41,64,sewicht hat sich darauf so was fabrizirt.,Dem Prefeckt zu Kalisz dem H v Smiedecki habe ich ganz gewann
5,388,break,high,short_line+column,0.7,15,22,Ewr Durchlaucht,Blizanow
5,389,run,review,short_line,0.37,8,22,Blizanow,den 27ten Januar
5,391,run,review,short_line,0.19,4,22,1816,treu unterthänigster Diener
6,396,break,high,short_line+column,0.01,1,76,6,"Durchlauchtigſter Fürſt,"
6,397,break,high,short_line+column,0.32,24,76,"Durchlauchtigſter Fürſt,",Gnädigster Herr!
6,398,break,high,short_line,0.21,16,76,Gnädigster Herr!,Ewr Hochfürstl Durchlaucht höchst verehrtes Schreiben von Aprilen erhi
6,416,break,high,short_line,0.65,49,76,die Donner und kurzen hoffe ich am Rande zu sein.,Übrigens gnädigster Fürst und Herr ertheilen Sie ſehr ſchrift man Sie 
6,439,run,review,short_line,0.64,50,78,meine beiden Freunde in Berlin und ich hier wach —,Meinen Plan und des Cabinets Raths Albrechts ersehen Sie aus der Beila
6,448,run,review,short_line,0.6,35,58,wie die Marconetten geleitet wurden,Von Pourtalès ist noch keine Antwort — wir glauben daher daß erkauft —
6,453,run,review,short_line,0.53,31,58,wie man sich hier Bummeln muß —,Ohne Geld ist es hier ein schreckliches Leben — und ich habe so wahr G
6,458,run,review,short_line,0.31,18,58,Schande umkommen —,"F[ürst]. August ist ein armseeliger elender Mensch, dies Beweise Ihnen"
6,463,break,high,short_line,0.09,5,58,wird.,Der Kopf thut mich fürchterlich wehe so daß ich unmöglich weiter schre
6,465,break,high,short_line+column,0.62,36,58,In tiefer Ehrfurcht verharre ich als,Ewr Durchlaucht
6,466,break,high,short_line+column,0.26,15,58,Ewr Durchlaucht,Beguelin empfiehlt ſich zu Gnaden
6,467,break,high,short_line+column,0.56,33,58,Beguelin empfiehlt ſich zu Gnaden,so auch Barbe
6,468,break,high,short_line+column,0.22,13,58,so auch Barbe,die Piece an Albrecht bitte
6,469,break,high,short_line+column,0.46,27,58,die Piece an Albrecht bitte,ich noch wieder aus den ich habe
6,470,break,high,short_line+column,0.55,32,58,ich noch wieder aus den ich habe,keine Abschrift pr. Estaffette und Geld
6,471,break,high,short_line+column,0.67,39,58,keine Abschrift pr. Estaffette und Geld,Wien d. 6ten May
6,472,break,high,short_line+column,0.27,16,58,Wien d. 6ten May,1815.
6,473,break,high,short_line,0.09,5,58,1815.,treu gehorſamer Diener
6,474,break,high,short_line+column,0.38,22,58,treu gehorſamer Diener,v Triebenfeld
7,478,break,high,short_line+column,0.02,1,53,7,Durchlauchtigſter Fürſt!
7,479,break,high,salutation+short_line,0.45,24,53,Durchlauchtigſter Fürſt!,Gnädigster Fürst und Herr!
7,480,break,high,short_line,0.49,26,53,Gnädigster Fürst und Herr!,Aufs neue durch einen Brief meines Vaters an Eur Durch
7,499,break,high,short_line,0.36,20,56,Ueberwindung kosten.,Mit den tiefſten Ehrfurcht verſamme ich Ew Hochfürſtlichen
7,501,break,high,short_line+column,0.2,11,56,Durchlaucht,ganz unterthänigste Dienerin
7,502,break,high,short_line+column,0.5,28,56,ganz unterthänigste Dienerin,Breslau den 20ten März 1815.
7,503,break,high,short_line,0.5,28,56,Breslau den 20ten März 1815.,Charlotte von Triebenfeld.
8,511,run,review,short_line,0.69,56,81,pro Monath aber 60 rt. — die Würmer müßen zu erhängern —,"Ich opfern mich hier für Sie, ich lebe blos von erborgten Gelde, ich ſ"
8,525,run,held,short_line+column,0.33,27,81,alles nach Berlin geſandt —,Hahn wird sich sehr freuen ich werde ihm selbst schreiben
8,526,run,review,short_line,0.7,57,81,Hahn wird sich sehr freuen ich werde ihm selbst schreiben,"Nur sorgen Sie gnädiger Herr für meine Kinder dorten, — ich werde scho"
8,529,break,high,short_line+column,0.47,38,81,paar Worte von kurischen Mandatarius —,So bekomme ich den 2ten Brief von
8,530,break,high,short_line+column,0.41,33,81,So bekomme ich den 2ten Brief von,meine arme Tochter — Fürst helfen
8,531,break,high,short_line+column,0.41,33,81,meine arme Tochter — Fürst helfen,Sie oder mich hohlt der Teufel
8,532,break,high,short_line+column,0.37,30,81,Sie oder mich hohlt der Teufel,Meine Kinder und ich gehen im Elend
8,533,break,high,short_line+column,0.43,35,81,Meine Kinder und ich gehen im Elend,unter und das in Ihrentwillen.
10,540,break,high,short_line+column,0.03,2,79,10,"Durchlauchtigster Fürst,"
10,541,break,high,short_line+column,0.3,24,79,"Durchlauchtigster Fürst,",Gnädigster Herr!
10,542,break,high,short_line,0.2,16,79,Gnädigster Herr!,Ewr Durchlaucht höchst verehrtes Schreiben vom 24ten v. M. erhielt ich
10,553,break,high,short_line,0.54,43,79,aufs Beste ordenen noch ehe er hier abgeht.,Die Pohlnische Angelegenheit habe ich der Commission nun übergeben — b
10,564,break,high,rubric,0.9,71,79,20000 Würtemberger und Badener — Nach Italien gehen 120000 O,"H. Marat iſt ſchön im Italien eingedrungen, und der Pabſt nach Boulong"
10,588,break,high,short_line+column,0.38,29,77,er Ihnen auch noch gewähren —,In Ehrfurcht ersterben
10,589,break,high,short_line+column,0.29,22,77,In Ehrfurcht ersterben,Ewr Durchlaucht
10,590,break,high,short_line+column,0.19,15,77,Ewr Durchlaucht,Wien d. 4ten Merz 1815
10,591,break,high,short_line+column,0.29,22,77,Wien d. 4ten Merz 1815,treu gehorſamſter Diener
10,592,break,high,short_line+column,0.31,24,77,treu gehorſamſter Diener,v Triebenfeld
11,596,break,high,short_line+column,0.02,2,89,11,Durchlauchtigster Fürst
11,597,break,high,short_line+column,0.26,23,89,Durchlauchtigster Fürst,Gnädigster Fürst und Herr!
11,598,break,high,short_line,0.29,26,89,Gnädigster Fürst und Herr!,Nach einer reſten Verſicherung wird Ewr Durchlaucht Angelegenheit noch
11,607,break,high,short_line,0.16,14,89,werden müsten.,Er halten Ewr Durchlaucht jährlich nach dem ersten Plan 10 oder 12/m r
11,612,break,high,short_line,0.12,11,89,Ende gehen.,Die Sachen auf den Congress wechseln hier wie Ebbe und Fluth — bald ru
11,652,break,high,short_line+column,0.5,44,88,Ärger und Hunger umkommen soll? Ich ersterbe,Ewr Durchlaucht
11,653,break,high,short_line+column,0.17,15,88,Ewr Durchlaucht,Wien den 6ten Merz
11,654,break,high,short_line+column,0.2,18,88,Wien den 6ten Merz,1815.
11,655,break,high,short_line,0.06,5,88,1815.,ganz gehorſamſter treuer Diener
11,656,break,high,short_line+column,0.35,31,88,ganz gehorſamſter treuer Diener,v Triebenfeld
12,666,run,review,short_line,0.04,2,57,12,"Schicken Ewer durchlaucht die 200 # eiligst, oder ich muß mich todt"
12,684,break,high,rubric,1.12,64,57,Um die 200 # bitte ich nun dringend — Es geht sonst schlecht,4. Merz 1815 [v. Triebenfeld]
13,688,break,high,short_line+column,0.03,2,75,13,Für Ewr Durchlaucht ganz allein.
13,689,break,high,short_line,0.43,32,75,Für Ewr Durchlaucht ganz allein.,"Die Sache ist nicht zum Besten ad Protocollum gegeben, wichtigen Dinge"
13,703,break,high,short_line,0.32,24,75,Nun meine Angelegenheit.,"An die Papiere ist viel verlohren, sie stehn hier schrecklich niedrig "
13,711,run,review,short_line,0.64,48,75,1100 fl Papier Geld werden bald aufgefreßen sein,Morgen läßt der Fürst mir 100 t# Vorschuß geben womit ich Barben einig
13,717,run,review,short_line,0.51,38,75,allein helfen können und helfen sollen,Erbarmen ſich Ewr Durchlaucht und ſchicken ja die 200 #
13,720,break,high,rubric+short_line,0.59,44,75,Blanquets — ich dritte selbige wohl brauchen,21. Febr. 1815 [v Triebenfeld]
13,735,break,high,short_line,0.17,19,112,ich viel schreiben.,"Der gute Barbe hat einen andern Translator aufgefunden, der überſezt d"
14,741,run,review,short_line,0.02,2,90,14,Lösen Sie mir Theuerstag Freund das Räthsel: warum dH Staats lang durc
14,766,break,high,short_line+column,0.03,3,90,Ihr,treu ergebenster
14,767,break,high,short_line+column,0.18,16,90,treu ergebenster,Eberhard
14,768,break,high,short_line+column,0.09,8,90,Eberhard,Brieg d 21ten Febr. 1815
14,769,break,high,short_line+column,0.27,24,90,Brieg d 21ten Febr. 1815,NB Ich halte dies für einen Schreckſchuß — den hier ist nichts
14,770,break,high,short_line+column,0.69,62,90,NB Ich halte dies für einen Schreckſchuß — den hier ist nich,verfügt. Es müßen Lügen sind
14,771,run,review,short_line,0.31,28,90,verfügt. Es müßen Lügen sind,Wenn es nur möglich wäre daß Eberhard schnell herkommen könnte ich
15,777,break,high,short_line+column,0.02,2,82,15,Durchlauchtigster Fürst
15,778,break,high,short_line+column,0.28,23,82,Durchlauchtigster Fürst,Gnädigster Herr!
15,779,break,high,short_line,0.2,16,82,Gnädigster Herr!,"Ich ward ahngeſtern befragt, was es mit die 100000 rt. für eine Bewand"
15,787,run,review,short_line,0.45,37,82,und des baldigsten zu bewerkstelligen,Ewr Durchlaucht Sache liegt immer noch bey dem Geheimen Staatstrath St
15,793,break,high,short_line,0.41,34,82,von Berlin aus kundgemacht werden.,"Was die Pohl[nischen] Angelegenheiten betrift, ſoll ich jezt die Urkun"
15,797,run,review,short_line,0.68,56,82,Prosna liegen / große Widerwärtigkeiten unterworfen ſein,Ich habe zum Glück die ſämtliche Acten hier — aber es iſt alles Pohl[n
15,814,break,high,short_line+column,0.45,29,64,Respectsvoll verharre ich als,Ewr Durchlaucht
15,815,break,high,short_line+column,0.23,15,64,Ewr Durchlaucht,"Ich liegen heute sehr kranck,"
15,816,break,high,short_line+column,0.45,29,64,"Ich liegen heute sehr kranck,",retten Sie nicht so muß ich unterliegen.
15,817,break,high,short_line,0.62,40,64,retten Sie nicht so muß ich unterliegen.,auch unterstüzzen Sie ja meine
15,818,break,high,short_line+column,0.47,30,64,auch unterstüzzen Sie ja meine,Tochter —
15,819,break,high,short_line+column,0.14,9,64,Tochter —,Wien den 19ten Febr.
15,820,break,high,short_line,0.31,20,64,Wien den 19ten Febr.,1815
15,821,break,high,short_line+column,0.06,4,64,1815,ganz gehorſamer Diener
15,822,break,high,short_line+column,0.34,22,64,ganz gehorſamer Diener,v Triebenfeld
15,848,break,high,rubric+short_line,0.26,18,68,nen Gottes willen.,ad 19. Febr. 1815
16,852,break,high,short_line+column,0.02,2,82,16,Durchlauchtigster Fürst
16,853,break,high,short_line+column,0.28,23,82,Durchlauchtigster Fürst,Gnädigster Herr!
16,854,break,high,short_line,0.2,16,82,Gnädigster Herr!,"Die Nachrichten oder Sagen über die Abreisen der Monarchen von hier, w"
16,868,run,review,short_line,0.46,38,82,ob er auch dem König noch treffe würde,dH. O L v Thiels trug mir auf ihm Ewr Durchlaucht ehrerbietigst zu emp
16,873,run,review,short_line,0.56,46,82,daß wir vor den 22ten nicht von hier abgehen —,"Mit Fürst Hardenberg habe ich noch nicht gesprochen, und ihm dies vort"
16,883,run,review,short_line,0.71,59,84,raß Tag ersezt — Kurz von allen Seiten eilen Herrn herbey —,"Bonaparte bildet dagegen, auch eine fürchterliche Armee — er zieht all"
16,889,break,high,short_line,0.23,19,84,mildert werden kan.,Die Kosten Güter Angelegenheit macht auch viel Sorge man weiß gar nich
16,896,break,high,short_line+column,0.38,32,84,In tiefster Hochachtung ersterbe,Ew Durchlaucht
16,897,break,high,short_line+column,0.17,14,84,Ew Durchlaucht,Wien den 15ten April
16,898,break,high,short_line+column,0.24,20,84,Wien den 15ten April,1815.
16,899,break,high,short_line,0.06,5,84,1815.,treu gehorsamer Diener
16,900,break,high,short_line+column,0.26,22,84,treu gehorsamer Diener,v Triebenfeld
17,904,break,high,short_line+column,0.04,2,49,17,P[ro]. M[emoria].
17,905,break,high,short_line,0.35,17,49,P[ro]. M[emoria].,Der General Kleist hat bey seiner Anwesenheit in Kalisz
17,927,break,high,rubric,0.76,37,49,dem Komornik v Chomanowski untersucht,26. Juni 1812
17,956,run,review,short_line,0.71,35,49,das Geld ad Sakkam. Überhaupt müßen,den Schlawenschitz und aus der Quette ein gärstiges
17,978,break,high,short_line,0.5,26,52,viel endet sonst tragisch.,Jezt bitte ich mir um schnelle Antwort wegen Sobotten¬
17,985,break,high,short_line,0.33,17,52,verlohren gesagt.,"Mitt Weigel und Sobottendorff wird, wan Sie das wollen"
18,999,break,high,short_line+column,0.04,2,45,18,Durchlauchtigster Fürst
18,1000,break,high,short_line+column,0.51,23,45,Durchlauchtigster Fürst,Gnädigster Fürst und Herr!
18,1001,break,high,short_line,0.58,26,45,Gnädigster Fürst und Herr!,Ich lag in heftigsten Fieber als Ewr Durchlaucht
18,1014,break,high,short_line,0.62,28,45,Invaliden Casse zu bezahlen.,Mich schleppte mann in Berlin Collé ich mußte
18,1032,break,high,short_line,0.7,31,44,hat beigetrieben werden sollen.,Um nun dieſe Sache zu facilitiren und nicht erſt
18,1036,break,high,short_line,0.36,16,44,laucht erklären.,daß Sie gemäs des Decrets des Frauen äsischen
18,1049,break,high,short_line,0.59,25,42,Intressen befriedigt sey.,Da nun das vorgeschoßene Capital nebst Zinsen
18,1057,break,high,short_line,0.64,27,42,fonds bezahlt machen könne.,Sie räumten zu dem Ende ein daß diese
18,1067,break,high,short_line,0.58,19,32,oder erwischen kan.,Es ist dies das einzige Rettungsmittel
18,1077,break,high,short_line+column,0.37,12,32,Ich ersterbe,Ewr Durchlaucht
18,1078,break,high,short_line+column,0.46,15,32,Ewr Durchlaucht,wann ich das Instrument
18,1079,run,review,short_line,0.71,23,32,wann ich das Instrument,nicht den 15 höchstens 16ten früh
18,1081,break,high,short_line+column,0.71,23,32,hier habe so geht alles,zu Ende und fält über
18,1082,break,high,short_line+column,0.65,21,32,zu Ende und fält über,haufen.
18,1083,break,high,short_line,0.22,7,32,haufen.,Blizanow
18,1084,break,high,short_line+column,0.25,8,32,Blizanow,den 6ten July 1812
18,1085,break,high,short_line+column,0.55,18,32,den 6ten July 1812,Unterthäniger dein
18,1086,break,high,short_line+column,0.55,18,32,Unterthäniger dein,v Triebenfeld
19,1090,break,high,short_line+column,0.05,2,44,19,Anhang.
19,1091,break,high,rubric+short_line,0.16,7,44,Anhang.,6. Juli 1812
19,1102,break,high,short_line,0.61,27,44,Mann zu befriediget werden?,Es kann indes dies auch nur jezt glücken weil
19,1148,break,high,short_line,0.62,26,42,Schweiner genommen werden.,Laßen Sie mein Fürst ſich aber nicht wieder
20,1178,break,high,short_line+column,0.03,2,80,20,Unterthänigstes Pro Memoria
20,1179,run,review,short_line,0.34,27,80,Unterthänigstes Pro Memoria,Aus das beigebogene Schreiben des Geheimen Raths Amelang werden Ewr Ho
20,1183,break,high,short_line,0.53,42,80,die Valuta nur in Papieren gegeben worden.,dieser Schlag trift hart und erregt einen Verlust von 1500 rt in der v
20,1192,run,review,short_line,0.35,28,80,"Ewr Durchlaucht geschrieben,","""daß er sich in dieser Sache mit dem van des Lahr vergleichen solle, d"
20,1195,run,review,short_line,0.53,42,80,"bis Ende Aprill abgeliefert bieten solle.""","Ich hoffe der Weiterer wird die offerte annehmen, ich schreibe desfals"
20,1197,break,high,short_line,0.55,44,80,Durchlaucht auch an den von der Lahr selbst.,"Die 1000 rth will ich aufbringen und abführen, damit es Ewer Durchlauc"
20,1227,break,high,short_line,0.39,29,74,ich nie mehr redressiren kan.,"Der Gen[eral]. Leut[nant]. v Zastrow, der sich dermalen hier auf seine"
20,1233,break,high,short_line,0.2,15,74,lohrn gegangen.,Schade nur daß dieser ehrliche Mann für diese Wahrheit im steten Scat 
20,1235,break,high,short_line,0.17,13,74,liegen müßen.,Wann ich Ewr Durchlaucht Nachricht erhalte um hier alles darnach orden
20,1238,break,high,short_line,0.51,38,74,im Schlawenschitz persönlich zu Füßen.,Kontop
20,1239,break,high,short_line+column,0.08,6,74,Kontop,den 7ten März 1809
20,1240,break,high,short_line+column,0.24,18,74,den 7ten März 1809,v Triebenfeld
20,1243,break,high,short_line+column,0.29,24,83,Abschrift des Briefes an,den Banquier Herrn
20,1244,break,high,short_line+column,0.22,18,83,den Banquier Herrn,van der Lahr
20,1245,break,high,short_line+column,0.14,12,83,van der Lahr,Hochwohlgeborn in Berlin.
20,1246,break,high,short_line,0.3,25,83,Hochwohlgeborn in Berlin.,Hochwohlgeborner Herr
20,1247,break,high,short_line+column,0.25,21,83,Hochwohlgeborner Herr,Hochgeehrter Herr Banquier
20,1248,run,review,short_line,0.31,26,83,Hochgeehrter Herr Banquier,Ewr Hochwohlgeborn haben die Güte gehabt in meinen Angelegenheiten dH.
20,1265,break,high,short_line+column,0.65,54,83,"ansehen, und dafür mit wahrer Hochschäzzung stets sein",Ewr
20,1266,break,high,short_line+column,0.04,3,83,Ewr,Schlawenschitz den 7ten März
20,1267,break,high,short_line+column,0.34,28,83,Schlawenschitz den 7ten März,1809
20,1268,break,high,short_line+column,0.05,4,83,1809,wie in Blanquet zu Ho.
21,1272,break,high,short_line+column,0.03,2,72,21,Gnädigster Fürst und Herr
21,1273,run,review,short_line,0.35,25,72,Gnädigster Fürst und Herr,Heute Mittag habe ich die Estaffette an die Genuenſter Fürſt geſchickt
21,1276,break,high,short_line,0.25,18,72,es befordern ſoll.,"Eben war Dlugo Lędcki hier — Alles ist, Wenn dann dem es untern linke "
21,1283,run,review,short_line,0.43,31,72,Aber ich habe noch einen Plan —,"Königl. Constantin den sollen Sie für Ihre mir gegebene Flinten, die C"
21,1294,run,review,short_line,0.67,48,72,Wäldigewährten mit Jurid: Gefälle p p 6000 rt. —,Aber jezt hohlt noch alles der 7. für alte Reſte — von Johanni ab bin 
21,1299,break,high,short_line,0.65,47,72,ichs aber mein Credit ist noch zu sehr gelähmt.,Die Urkunde und Geld sehe ich von nun an jeden Augenblick entgegen. — 
21,1301,break,high,short_line,0.61,44,72,wardt hier darauf ein mit Stenger abzugehen.,Antworten Sie schnell Gnädigster Fürst Ihren Ihnen.
21,1302,break,high,short_line,0.71,51,72,Antworten Sie schnell Gnädigster Fürst Ihren Ihnen.,laßen Sie doch Lombardini wenigstens
21,1303,break,high,short_line+column,0.5,36,72,laßen Sie doch Lombardini wenigstens,200 rt. Münze an meine Töchter ein Breslau
21,1304,break,high,short_line+column,0.58,42,72,200 rt. Münze an meine Töchter ein Breslau,Kontop
21,1305,break,high,short_line+column,0.08,6,72,Kontop,den 18ten Febr Abends um 11 Uhr geben.
21,1306,break,high,short_line,0.53,38,72,den 18ten Febr Abends um 11 Uhr geben.,1810.
21,1307,break,high,short_line,0.07,5,72,1810.,Wahrhaft treu anhängenden Freund
21,1308,break,high,short_line+column,0.44,32,72,Wahrhaft treu anhängenden Freund,und unterthänigen der
21,1309,break,high,short_line+column,0.29,21,72,und unterthänigen der,v Triebenfeld
22,1313,break,high,short_line+column,0.03,2,61,22,Durchlauchtigſter Fürſt
22,1314,break,high,short_line+column,0.38,23,61,Durchlauchtigſter Fürſt,Gnädigster Fürst und Herr!
22,1315,break,high,short_line,0.43,26,61,Gnädigster Fürst und Herr!,Nachdem ich durch eine Mittelmäßige Verpachtung und durch reellen Beis
22,1319,break,high,short_line,0.46,28,61,ich bald hergestelt zu sein.,"So schmerzhaft meine Krankheit inzwischen ist, so will ich doch Euer d"
22,1323,break,high,salutation+short_line,0.23,14,61,werden würden.,Gnädigster Fürst und Herr! ich habe schon in Ihrer Sache seit geraumer
22,1329,break,high,short_line,0.36,22,61,Durchlaucht verbürgte.,Aus treuer Anhänglichkeit wolte ich Ihnen die Odiosa nicht sagen
22,1339,break,high,short_line,0.66,45,68,und im Pohlen führe ich ihm wider Meierowitz.,Dieser Kerl ist der Schliefen noch 6000 rt Kauf Geld von Wittow schuld
22,1350,break,high,short_line,0.49,33,68,Sie der Leiden schon genug haben.,"Die Sache mit der Invaliden Casse macht mich ganz Sümerlos, Sie kostet"
22,1356,break,high,short_line,0.49,33,68,die Sache zu verschleppen suchen.,"Nach Pohlen zu gehen, dagegen stränkt sich mein Ehrgefühl — Ihnen"
22,1366,run,review,short_line,0.58,39,68,in der Landes Sprache verhandelt wird —,"Theuer laßen sich aber diese Männer bezahlen, — ich treibe es auf und"
22,1373,break,high,short_line,0.61,41,68,was keiner in der Welt weiter thun würde.,Hier sind wieder 3 Decrete ich thue was möglich ist — Mit Gewalt aber
22,1377,break,high,short_line,0.27,18,68,dulden und harren.,Honrichs und Hawichs Ankunft sehe ich hier täglich entgegen. Stenger
22,1400,run,review,short_line,0.67,43,64,Inneres — den das habe ich nicht verdient —,könte ich in der Eil 500 rt. Münze auftreiben um sie die Kinder eilig 
22,1403,break,high,short_line,0.33,21,64,1000 rt dafür wieder.,Diese Nachricht macht mich schier wüthend. — Ich habe alles gerne und 
22,1409,run,review,short_line,0.27,17,64,das thut zu weh —,O hatte ich nur bald 500 rt für meine arme Kinder. Nein das übersteigt
22,1411,run,review,short_line,0.22,14,64,alle Gränzen —,Gott erhalte Ewr Durchlaucht und laße es Ihnen wohler ergehen als mir
22,1413,break,high,short_line+column,0.5,32,64,dieser Schlag trift mich zu hart,Ich ersterbe
22,1414,break,high,short_line+column,0.19,12,64,Ich ersterbe,Ewr Durchlaucht
22,1415,break,high,short_line+column,0.23,15,64,Ewr Durchlaucht,Kontop. 27ten Januar
22,1416,break,high,short_line+column,0.31,20,64,Kontop. 27ten Januar,1810
22,1417,break,high,short_line+column,0.06,4,64,1810,unterthäniger Diener
22,1418,break,high,short_line+column,0.31,20,64,unterthäniger Diener,v Triebenfeld
23,1422,break,high,short_line+column,0.03,2,62,23,Durchlauchtigster Fürst
23,1423,break,high,short_line+column,0.37,23,62,Durchlauchtigster Fürst,Gnädigſter Fürſt und Herr!
23,1424,break,high,short_line,0.42,26,62,Gnädigſter Fürſt und Herr!,"Eur Durchlaucht, bat ich legt hin so flehentlich an meine arme Töchter"
23,1430,break,high,short_line,0.29,18,62,ich alles opferte.,Ew. Durchlaucht haben damals als ich in Berlin arretirt war 3000 rt ge
23,1432,run,review,short_line,0.68,42,62,so 1000 rt und 300 rt. das thut. = 4300 rt,durch die Aufnahme der 3125 rt und 813 Ba[?]t[?] und Zinsen von Zinsen
23,1433,break,high,rubric,1.37,84,62,durch die Aufnahme der 3125 rt und 813 Ba[?]t[?] und Zinsen ,v. d. Lahr 5140 rt und von Coste 9000 rt Papiere nehmen hierzu die Kos
23,1435,run,review,short_line,0.54,33,62,mit 3400 sind zusammen = 17500 rt,zu obige 4300 rt komt das Eyſen mit Circa 4000 rthl ſind = 8300 rt
23,1437,run,review,short_line,0.33,20,62,an bleiben = 9200 rt,Ich habe Costen ganz befriediget ich habe Lahr bis auf 1600 rt.
23,1447,break,high,short_line+column,0.72,44,62,zu zwischen bleiben noch wan diese = 5100 rt,bezahlt sind = 4100 rt. die
23,1451,run,review,short_line,0.3,21,71,"haben, fordern würden",doppelt wahr thut es mich indes wenn ich höhere muß daß Ewr Durchlauch
23,1468,break,high,short_line,0.61,43,71,guten Willen so gärstig ausgepfiffen werde.,"jezt bin ich dazu sehr krank, bin von der Gicht an meine Hände gelähmt"
23,1471,break,high,short_line,0.66,47,71,Geschreibsels ein gnädige Entschuldigung bitte.,"Übrigens wird der Criminal Rath Stenger hier aus Karge, in Zagorowo un"
23,1484,break,high,short_line,0.59,38,64,mehr ſondern hungern mit meine Kinder.,Ich soll den Prozeß mit Oppenheimer der in Berlin und Pohlen schwebt f
23,1485,break,high,rubric,1.19,76,64,Ich soll den Prozeß mit Oppenheimer der in Berlin und Pohlen,2. mit das undanckbare Weib der Schliefen in Breslau
23,1486,break,high,rubric,0.81,52,64,2. mit das undanckbare Weib der Schliefen in Breslau,3. mit der etwas Casse in Breslau wegen die 800 rt die Hagen dem Grats
23,1488,break,high,rubric+short_line,0.23,15,64,Vorschuß geben.,"4. Mitt v d Lahr der damals die 5140 rt Papiere gab, Eysen Geld an"
23,1491,break,high,rubric,0.75,48,64,"rechnete, um daher noch 1600 rt zu erhalten hat.",5. Mitt Blochsdorff und Holzapfel die 3500 rt Papier Geld in der höchs
23,1493,break,high,rubric+short_line,0.53,34,64,Nothgaben um Kosten zu befriedigen,6. Jezt Trąbczyn und Kaemen zu vindiciren
23,1494,break,high,rubric,0.64,41,64,6. Jezt Trąbczyn und Kaemen zu vindiciren,7. Sämtl. Güter von die Pohl[nischen] Aufpaſſer zu befreien und Ewr Du
23,1497,break,high,short_line,0.11,7,64,halten.,Alles dies kostet ein raſendes Geld. Niemand will ohne Zahlung dienen
23,1503,break,high,short_line+column,0.23,15,64,das Mechen soll,Gott wolle es.
23,1504,break,high,short_line,0.22,14,64,Gott wolle es.,Es heißt die Rußen würden ganz Pohlen besetzen.
23,1506,break,high,short_line,0.42,27,64,zu tiefen Respect ersterbe.,Ewr Hochfürstliche Durchlaucht
23,1507,break,high,short_line+column,0.47,30,64,Ewr Hochfürstliche Durchlaucht,Kontop den 16ten Feb.
23,1508,break,high,short_line,0.33,21,64,Kontop den 16ten Feb.,1810
23,1509,break,high,short_line+column,0.06,4,64,1810,Ewr Krierenae[?] Rath Stenger
23,1510,break,high,short_line+column,0.45,29,64,Ewr Krierenae[?] Rath Stenger,treu unterthäniger Diener
23,1511,break,high,short_line+column,0.39,25,64,treu unterthäniger Diener,v Triebenfeld
23,1533,break,high,short_line,0.36,23,64,die Kohlen zu gewinnen.,Stenger steht in großem Ansehen Er wird sehr gebraucht — Er ver¬
23,1543,break,high,short_line,0.22,14,64,nehmen Pohlen.,Lombardini hat die 150 rt an meinen armen Kinder nicht gegeben
24,1549,break,high,short_line+column,0.04,2,54,24,Hochwohlgeborner Herr
24,1550,break,high,short_line+column,0.39,21,54,Hochwohlgeborner Herr,Hochzuehrender Herr Geheimer Rath!
24,1551,break,high,short_line,0.63,34,54,Hochzuehrender Herr Geheimer Rath!,durch die mit Königl. Genehmigung erfolgte Colonisirung meiner
24,1556,break,high,short_line,0.46,25,54,Cammer bestätiget worden.,Dies dürfte mich in den Stand sezzen meinen so lange gefragten
24,1567,break,high,short_line,0.65,35,54,in wenig Jahren getilgt sein könte.,Ewr Hochwohlgeboren ersuche ich ergebenst sich dieses Ge¬
24,1576,run,review,short_line,0.31,17,54,stand auszuzahlen,Mit der vollkommensten Hochachtung bin ich
24,1578,run,review,short_line,0.33,18,54,Ewr Hochwohlgeborn,F[riedrich]. L[udwig]. f[ürst]. z[u]. Hohenlohe
24,1580,break,high,short_line,0.48,26,54,Freyberg den 25ten Septbr.,1806.
24,1584,break,high,rubric,2.21,42,19,Herrschaften Zagorowo und Trąbczyn besten.,1. Aus das Stadchen Zagorowo
24,1585,break,high,rubric,1.47,28,19,1. Aus das Stadchen Zagorowo,2. Auf das Dorf und Vorwerk Kopojno
24,1587,break,high,rubric,1.53,29,19,3 Aus das Zins Dorf Swiątniki,4 do Skokum
24,1590,break,high,rubric,1.47,28,19,6 Aus das Zins dorf Drzewce.,7 do Grądzin
24,1591,break,high,rubric,0.63,12,19,7 do Grądzin,8 do Wrąbczin
24,1593,run,review,short_line,0.68,13,19,9 Alt Swięcia,10 Neu Swięcia
24,1597,run,review,short_line,0.47,9,19,13 Adelow,14 Friedrichsfelde
24,1599,run,review,short_line,0.68,13,19,15 Augustinow,16 Emilienhayn
24,1602,run,review,short_line,0.68,13,19,18 Alexandrow,19 Klein Ingelfingen
24,1610,break,high,rubric,1.95,37,19,26 Aus das dorf und Vorwerk Marianton,27. Aus das dorf und Vorwerk Szetlewek
24,1611,break,high,rubric,2.0,38,19,27. Aus das dorf und Vorwerk Szetlewek,28. Aus das Zins dorf Furstenfelde
24,1612,break,high,rubric,1.79,34,19,28. Aus das Zins dorf Furstenfelde,29. Aus do Hohendorff
24,1623,break,high,short_line,0.2,8,41,mittelt.,Tit. I. An beständigen Gefallen
24,1628,break,high,short_line+column,0.17,7,41,Tit. II,An Erbpachts Canon 3500 rt
24,1629,break,high,short_line+column,0.63,26,41,An Erbpachts Canon 3500 rt,Tit III
24,1630,break,high,short_line+column,0.17,7,41,Tit III,An Pacht Stücken 13357 rt
24,1631,break,high,short_line+column,0.61,25,41,An Pacht Stücken 13357 rt,Tit IV
24,1632,run,review,short_line,0.15,6,41,Tit IV,von 3 Ziegeleinen laut Cammer Anschlag 857 rt
24,1634,run,review,short_line,0.61,25,41,Summa 40247 rt 14 gg 11 d,alle Abgaben und lasse wie sie auch immer Nahmen
24,1640,break,high,short_line,0.22,9,41,festehen.,v Triebenfeld
24,1645,run,review,short_line,0.71,15,21,An Weigel 27000,An Eward u. Haupt 18000
24,1647,run,review,short_line,0.62,13,21,Zerboni 10000,Eysenhardtsche Erben 10000
24,1651,run,review,short_line,0.71,15,21,Seehausen. 5000,Seher Tothschen Erben 8000
24,1656,run,review,short_line,0.67,14,21,Bornstedt 5000,Diverse Schulden circa 20000
25,1661,break,high,short_line+column,0.03,2,68,25,Durchlauchtigster Fürst
25,1662,break,high,short_line+column,0.34,23,68,Durchlauchtigster Fürst,Gnädigster Herr!
25,1663,break,high,short_line,0.24,16,68,Gnädigster Herr!,"Ein unvorhergeſehenes Ereigniß machte es nothwendig, daß ich nach Ewer"
25,1676,break,high,short_line,0.44,30,68,unter zu bringen befohlen hat.,Herr Bucholz hatt die Sache so tournirt
25,1677,run,review,short_line,0.57,39,68,Herr Bucholz hatt die Sache so tournirt,Auf Kontop werden gegen Cedirung 2 er Hypothequen gegeben. 30000 rt.
25,1679,run,review,short_line,0.35,24,68,Auf Schweinern des 20000,Auf Trąbczyn für die Grotowskische Hypotheque die Weigel hatt 30000.
25,1681,run,review,short_line,0.66,45,68,Davon sollen gezahlt werden sind = 80000 Rthl,An der Gräfin Schlabrendorff die ihr noch kommenden 25000
25,1683,break,high,short_line+column,0.65,44,68,An dem Weigel die ihm noch zustehenden 25000,An Hahn zur Hülfe in Koschentin 5000.
25,1684,break,high,short_line,0.54,37,68,An Hahn zur Hülfe in Koschentin 5000.,An Euer Durchlaucht baar 5000.
25,1685,break,high,short_line,0.44,30,68,An Euer Durchlaucht baar 5000.,Ich nehme für mich zur Bezahlung der Wulffen 30000
25,1694,run,review,short_line,0.34,24,71,löset und Cassirt werden,wann dies alles besorgt und aufs Reine gebracht sein wird dann ich
25,1702,break,high,short_line,0.65,46,71,"werden, und alle Sorgen ein Ende gemacht sein.",Die dauerhafteste Gesundheit gebe Ewr Durchlaucht Gott und schenke Ihn
25,1705,break,high,short_line+column,0.42,30,71,Ewr Hochfürstliche Durchlaucht,Berlin den 28ten Septbr.
25,1706,break,high,short_line,0.34,24,71,Berlin den 28ten Septbr.,1806.
25,1707,break,high,short_line,0.07,5,71,1806.,treu gehorsamsten Diener
25,1708,break,high,short_line+column,0.34,24,71,treu gehorsamsten Diener,v Triebenfeld
26,1712,break,high,short_line+column,0.03,2,64,26,Durchlauchtigster Fürst
26,1713,break,high,short_line+column,0.36,23,64,Durchlauchtigster Fürst,Gnädigster Fürst und Herr!
26,1714,break,high,short_line,0.41,26,64,Gnädigster Fürst und Herr!,Daß Ewr Hochfürstliche Durchlaucht Leben und der schrecklichste Gefahr
26,1737,break,high,short_line,0.67,42,62,"war, und ich danke nur Gott daß Sie leben.","Inzwischen kan ich weiter in der Eile nichts thun, als daß ich Ewr"
26,1743,break,high,short_line,0.48,30,62,bringe ich Ihnen noch 4000 rt.,"Dies sind aber nicht Gelder aus Südpreußen, sondern auf verpfändet"
26,1750,break,high,short_line,0.5,31,62,kan bringe ich Ewr Durchlaucht.,"kommen hernach die Rußen, den hat es in Pohlen keine Noth, da nehme"
26,1753,run,review,short_line,0.51,32,62,Ich schon wieder Geld bekommen —,An den Herrn Minister v Stein hatte ich auf ein Blanquet einen Brief
26,1769,run,review,short_line,0.18,11,60,gesagt mehr,"So eben erhalte ich aus den Cabinet von Jemanden die Nachricht, daß Ew"
26,1777,break,high,short_line,0.41,25,60,fremden Credit zu suchen.,Gott gebe Ewr Durchlaucht ferner Sieg und erhalte höchst Sie
26,1779,break,high,short_line+column,0.58,35,60,Gesund es wohl dan ersterbe ich als,Ewr Durchlaucht
26,1780,break,high,short_line+column,0.25,15,60,Ewr Durchlaucht,Breslau d. 28ten Octob.
26,1781,break,high,short_line,0.38,23,60,Breslau d. 28ten Octob.,1806.
26,1782,break,high,short_line,0.08,5,60,1806.,treu unterthänigster Diener
26,1783,break,high,short_line+column,0.45,27,60,treu unterthänigster Diener,v Triebenfeld
27,1787,break,high,short_line+column,0.03,2,58,27,Durchlauchtigster Fürst
27,1788,break,high,short_line+column,0.4,23,58,Durchlauchtigster Fürst,Gnädigster Fürst und Herr!
27,1789,break,high,short_line,0.45,26,58,Gnädigster Fürst und Herr!,"Ob dies Schreiben das Schicksahl aller vorhergehenden haben wird, laße"
27,1794,break,high,short_line,0.64,37,58,Ereignisse ganz gehorsamst zu melden.,daß Trąbczyn und Kaemen von der Prusimskischen Familie mit
27,1832,break,high,short_line,0.6,37,62,laucht haabe fernerhin auszustrecken.,Gebe nur der Himmel daß Ewr Durchlaucht bald zurückkehren.
27,1835,break,high,short_line+column,0.13,8,62,ersterbe,Ewr Hochfürstliche Durchlaucht
27,1836,break,high,short_line+column,0.48,30,62,Ewr Hochfürstliche Durchlaucht,Bre[slau] d. 19ten 8br.
27,1837,break,high,short_line,0.37,23,62,Bre[slau] d. 19ten 8br.,1807
27,1838,break,high,short_line+column,0.06,4,62,1807,treu gehorsamster Diener
27,1839,break,high,short_line+column,0.39,24,62,treu gehorsamster Diener,Peter
28,1843,break,high,short_line+column,0.06,2,36,28,Durchlauchtigster Fürst
28,1844,break,high,short_line+column,0.64,23,36,Durchlauchtigster Fürst,Gnädigster Herr!
28,1845,break,high,short_line,0.44,16,36,Gnädigster Herr!,ich eile Ew Hochfürstlichen Durchlaucht
28,1855,break,high,short_line,0.31,11,36,geben sind.,In der ergangenen Verfügung heißt es
28,1877,break,high,short_line,0.49,19,38,schulden reservirt.,Ew. Hochfürstliche Durchlaucht werden am be¬
28,1886,break,high,short_line,0.18,7,38,worden.,In dem ersten fordert der Probst Iwan¬
28,1921,break,high,short_line,0.59,20,34,Peisern d 5. Octobr.,1807.
28,1922,break,high,short_line,0.15,5,34,1807.,unterthänigster.
28,1923,break,high,short_line,0.47,16,34,unterthänigster.,Hawich
29,1927,break,high,short_line+column,0.04,2,56,29,"Hochwohlgeborner Herr,"
29,1928,break,high,short_line+column,0.39,22,56,"Hochwohlgeborner Herr,",Höchst zu verehrender Herr Krieges Rath!
29,1929,break,high,short_line,0.71,40,56,Höchst zu verehrender Herr Krieges Rath!,als Ew. Hochwohlgeboren ich die Ehr hatte mit dem Hoffrath
29,1947,break,high,short_line+column,0.24,12,50,erstorben ad,Ew. Hochwohlgeboren
29,1948,break,high,short_line+column,0.38,19,50,Ew. Hochwohlgeboren,Schlawenschitz
29,1949,break,high,rubric+short_line,0.28,14,50,Schlawenschitz,d. 10. Februar
29,1951,break,high,short_line+column,0.08,4,50,1808,treu gehorſamſt
29,1952,break,high,short_line+column,0.3,15,50,treu gehorſamſt,Bally
30,1956,break,high,short_line+column,0.04,2,50,30,Abschrift
30,1957,run,review,short_line,0.18,9,50,Abschrift,Euer Hochfürstlichen Durchlaucht höchst gnädiges Schreiben habe ich
30,1963,break,high,short_line,0.58,29,50,ſchiefe Richtung gegeben hat.,Ich ward Ende Decembre von Memel mit wichtigen
30,1993,break,high,rubric,1.29,66,51,"2000 rtl. bey mir, der biedere Gen[eral]: Lieut[enant] u. Mi",v. Zastrow verbürgte ſich von 5000 rtl Papier Geld
30,2030,break,high,rubric+short_line,0.26,12,46,erſterbe ich,E. Durchl.
30,2032,break,high,rubric+short_line,0.13,6,46,Berlin,d. 14. März.
30,2034,break,high,short_line,0.11,5,46,1808.,unterthäniger Diener
30,2035,break,high,rubric+short_line,0.43,20,46,unterthäniger Diener,v. Triebenfeld
31,2039,break,high,short_line+column,0.03,2,78,31,Durchlauchtigster Fürst
31,2040,break,high,short_line+column,0.29,23,78,Durchlauchtigster Fürst,Gnädigster Herr
31,2041,run,review,short_line,0.19,15,78,Gnädigster Herr,Über den mir hier getroffenen Unfall oder eigentlich über die Arretiru
31,2055,break,high,short_line,0.62,48,78,pfändete Hypotheque von 10000 rt zurück erhalte.,Was weiter den von Erer Durchlaucht verlangten Nachweis betrift so erf
31,2063,break,high,short_line,0.33,26,78,wieder viel Verdruß haben.,"ich hatte den Justiz Commissarius Mitschke in Kalisz engagirt, daß er "
31,2084,run,review,short_line,0.54,39,72,abgemacht — was soll ich nun anfangen —,"Mein Rath ist, Ewr Durchlaucht schreiben dem Hawich, daß er sich über"
31,2092,break,high,short_line,0.46,33,72,Hecker als Ober Inspector 600 rt.,Cabanis als Ober Förster und Geannter 300 rt
31,2093,run,review,short_line,0.61,44,72,Cabanis als Ober Förster und Geannter 300 rt,Honrichs als geannter Commissarius ohne Einflus 400 rt
31,2095,break,high,short_line,0.19,14,72,Summe 1800 rt.,Sanste[?] Schenck 800 rt
31,2096,run,review,short_line,0.33,24,72,Sanste[?] Schenck 800 rt,hatte einige Husten Land Pferde Gottes was 400 rt Betrug
31,2098,break,high,short_line+column,0.17,12,72,Grimm 300 rt,Tietz 300 rt
31,2099,break,high,short_line+column,0.17,12,72,Tietz 300 rt,Cabanis 300 rt
31,2100,break,high,short_line+column,0.19,14,72,Cabanis 300 rt,Honrichs 400 rt
31,2101,break,high,short_line+column,0.21,15,72,Honrichs 400 rt,Sportelen die Schenck geg betrugen an 1200 rt
31,2102,break,high,short_line+column,0.62,45,72,Sportelen die Schenck geg betrugen an 1200 rt,sum 3.700 rt.
31,2103,break,high,short_line,0.18,13,72,sum 3.700 rt.,wird also gegen ehedem erspart 1900 rt.
31,2123,break,high,short_line,0.26,18,68,zu gute gerechnet.,Der Probst Iwanski hatte ja auch den Prozeß verlohren und war abgewies
31,2130,break,high,short_line,0.55,38,68,ich mühe dies zu stande gebracht habe.,In hintzten Respect ersterben ich
31,2131,break,high,short_line+column,0.48,33,68,In hintzten Respect ersterben ich,Ewr Durchlaucht
31,2132,break,high,short_line+column,0.22,15,68,Ewr Durchlaucht,von Swięcia habe ich keinen Hypothequen
31,2133,break,high,short_line+column,0.57,39,68,von Swięcia habe ich keinen Hypothequen,Schein — wie mir dünckt hat Glenck da¬
31,2135,break,high,short_line+column,0.57,39,68,rauf den Haucht und Consorten eintragen,laßen da würden den Schulden Maße
31,2136,break,high,short_line+column,0.48,33,68,laßen da würden den Schulden Maße,Berlin den 3ten Aprill
31,2137,break,high,short_line+column,0.32,22,68,Berlin den 3ten Aprill,1808.
31,2138,break,high,short_line,0.07,5,68,1808.,treu gehorsamster dein
31,2139,break,high,short_line+column,0.32,22,68,treu gehorsamster dein,v Triebenfeld
31,2159,run,review,short_line,0.49,31,64,Ihre ganze Schulden berichtigen,Noch eins Eysenhardt fordert am Ewr Durchlaucht eine
31,2167,break,high,short_line,0.35,22,64,werth genommen wurden.,v Triebenfeld
32,2171,break,high,short_line+column,0.43,24,56,"Durchlauchtigster Fürst,",Gnädigster Fürst und Herr!
32,2172,break,high,short_line,0.46,26,56,Gnädigster Fürst und Herr!,Auf Euer Hochfürstliche Durchlaucht höchst verehrte schrei¬
32,2180,break,high,rubric,1.16,65,56,"So viel mir indes beiwohnt, wird die Herrschaft Zagorowo res",1.) die Propination 5000 rt. jährl.
32,2181,break,high,rubric,0.62,35,56,1.) die Propination 5000 rt. jährl.,2.) Zinsen von den alten Unterthanen laut Ges Contract 2000  rt
32,2182,break,high,rubric,1.12,63,56,2.) Zinsen von den alten Unterthanen laut Ges Contract 2000 ,"3.) Olesnica, wo jezt an 19,000 rthl erste sind laut Erbpachts Cont. 2"
32,2183,break,high,rubric,1.38,77,56,"3.) Olesnica, wo jezt an 19,000 rthl erste sind laut Erbpach",4) Wrąbczyn Zinsen laut Erbpachts Contract 1000 rt
32,2184,break,high,rubric,0.89,50,56,4) Wrąbczyn Zinsen laut Erbpachts Contract 1000 rt,5.) Emilien[hain] Augustinow Alexandrow Adolphsberg Cont. 3000 rt (Zin
32,2185,break,high,rubric,1.57,88,56,5.) Emilien[hain] Augustinow Alexandrow Adolphsberg Cont. 30,6.) Klein Ingelfingen und Grądzyń Zinsen l.E. p Contract 2000 rt
32,2186,break,high,rubric,1.14,64,56,6.) Klein Ingelfingen und Grądzyń Zinsen l.E. p Contract 200,7.) Swięcia Zinset schon laut Erbpachts Contract 1800 rt
32,2187,break,high,rubric,1.0,56,56,7.) Swięcia Zinset schon laut Erbpachts Contract 1800 rt,"8.) Alt Drzewice so noch nicht abgebaut ist, und aber Zinsen 1800 rt"
32,2188,break,high,rubric,1.21,68,56,"8.) Alt Drzewice so noch nicht abgebaut ist, und aber Zinsen",9.) Swiątniki desgleichen 1800 rt
32,2189,break,high,rubric,0.59,33,56,9.) Swiątniki desgleichen 1800 rt,10.) Sophienthal Zinset laut Erbpachts Contr. 1000 rt
32,2190,break,high,rubric,0.95,53,56,10.) Sophienthal Zinset laut Erbpachts Contr. 1000 rt,"11.) Klein Schrazberg, Friedrichsfelde, Fürstenfelde pp desgl. 2000 rt"
32,2191,break,high,rubric,1.25,70,56,"11.) Klein Schrazberg, Friedrichsfelde, Fürstenfelde pp desg",12.) Kopojner und Adelow laut Pacht und Erb Pachts Cont. 2000 rt
32,2192,break,high,rubric,1.14,64,56,12.) Kopojner und Adelow laut Pacht und Erb Pachts Cont. 200,13.) Zagorowo laut Urkund 300 rt
32,2193,break,high,rubric,0.57,32,56,13.) Zagorowo laut Urkund 300 rt,14.) Jurisdictions Gefälle Laudemien Jagd und kleine
32,2195,break,high,short_line+column,0.54,30,56,Nuzung im Durchschnitt 2000 rt,= 27700 rt
32,2196,run,review,short_line,0.18,10,56,= 27700 rt,Alle Abgaben und Kosten tragen nach den Erbpachts Contracts
32,2199,break,high,short_line,0.45,25,56,in Abzug gebracht werden.,Schulden haften auf die beträchtliche Güther laut Hypo¬
32,2202,break,high,rubric+short_line,0.57,32,56,den Oppenheimer nur efectivement,1.) Lichnowski so an Oppenheimer übertragen sind 32300 rt
32,2203,break,high,rubric,1.02,57,56,1.) Lichnowski so an Oppenheimer übertragen sind 32300 rt,2.) Meyer Bernhard 5600 rt
32,2204,break,high,rubric,0.46,26,56,2.) Meyer Bernhard 5600 rt,3.) pr. Glenck desgleichen 20000 rt
32,2205,break,high,rubric,0.62,35,56,3.) pr. Glenck desgleichen 20000 rt,4.) Invaliden Casse so der Jude Oppenheimer über¬
32,2207,break,high,rubric+short_line,0.66,37,56,nommen und nicht bezalt hat. 50000 rt,5.) Kosten so der Jude; bezalt 1400 rt
32,2208,break,high,rubric,0.68,38,56,5.) Kosten so der Jude; bezalt 1400 rt,6.) An Bernhardi ebenfals 4500 rt
32,2209,break,high,rubric,0.59,33,56,6.) An Bernhardi ebenfals 4500 rt,"7.) An Eis Durchlaucht per fürther Band, do 15000 rt"
32,2210,break,high,rubric,0.93,52,56,"7.) An Eis Durchlaucht per fürther Band, do 15000 rt","8.) An diverse Posten, als Kosten an Ew Durchlaucht durch nich der 200"
32,2212,run,review,short_line,0.3,17,56,"Summa 148,800. rt",dies beträgt an jährl. Zinsen zu 5. pr Ct. gerechnet 7440 rt
32,2216,break,high,rubric,0.85,53,62,Wir auf ist dem Juden Oppenheimer ein Hypothequen von,"250,000 rt verpfändet, wobey der Jude sich 7. proCent Praxenetica"
32,2221,break,high,rubric,1.06,66,62,"den Casse noch einweiger der Zinsen bezalt hat, sodann sie a","7. pr. ct. nicht fordere, und es fallen die 11,200 rt weg und Ewr Durc"
32,2223,break,high,short_line,0.24,15,62,laucht zu gute.,ich habe sein Juden jezt desfals verklagt und ich hoffe die Sache
32,2225,break,high,short_line,0.65,40,62,noch bey meiner hiersein zu finalisiren.,"Es ist also, wie hier durchlaucht sich zu überzeugen geruhen wollen."
32,2246,break,high,short_line,0.47,29,62,dermalen aber bin ich möchte.,"Was übrigens die Trąbczyner Güter betrift, so sind solche"
32,2265,break,high,short_line+column,0.29,16,54,Euer Durchlaucht,Berlin
32,2266,break,high,short_line+column,0.11,6,54,Berlin,den 3. April 1808
32,2267,break,high,short_line+column,0.31,17,54,den 3. April 1808,treu unterthänigster Diener
32,2268,break,high,short_line+column,0.5,27,54,treu unterthänigster Diener,v Triebenfeld
33,2272,break,high,short_line+column,0.03,2,78,33,Durchlauchtigster Fürst
33,2273,break,high,short_line+column,0.29,23,78,Durchlauchtigster Fürst,Gnädigster Fürst und Herr
33,2274,run,review,short_line,0.32,25,78,Gnädigster Fürst und Herr,Eine durchlaucht verherrlichtes Schreiben vom 28ten v. M. erhalte ich 
33,2276,break,high,short_line,0.68,53,78,"nicht, ob wohl sehr brauch und schwach) zu bewircken.","Der Achtschreiber Kopey ist noch nicht zurük, und aus diesem Grunde hä"
33,2283,break,high,short_line,0.68,53,78,"in Anspruch genommen, und den wäre ich total ruinirt.",bar durchlaucht und mein brauchen muß jezt sein das Geld zusammen zu s
33,2337,break,high,short_line,0.66,47,71,gleich darüber der Staat zu Grunde gehen solte.,Ewr Durchlaucht zu sprechen wünsche auch ich sehr sehnlich — Es solte 
33,2354,run,review,short_line,0.21,15,71,Ewr Durchlaucht,die alte Fürst S — soll so gesund sind als an[?] die
33,2356,break,high,short_line,0.28,20,71,enig[?] leben wolte.,Berlin den 7ten Aprill 1808.
33,2357,break,high,short_line,0.39,28,71,Berlin den 7ten Aprill 1808.,treuster Nahrungen verafr[?]
33,2358,break,high,short_line+column,0.39,28,71,treuster Nahrungen verafr[?],und unterthäniger knecht
33,2359,break,high,rubric+short_line,0.34,24,71,und unterthäniger knecht,v. Triebenfeld
34,2363,break,high,short_line+column,0.02,2,89,34,Durchlauchtigster Fürst
34,2364,break,high,short_line+column,0.26,23,89,Durchlauchtigster Fürst,Gnädigster Fürst und Herr
34,2365,run,review,short_line,0.28,25,89,Gnädigster Fürst und Herr,Ew. hochfürstliche Durchlaucht höchstverehrtes Schreiben vom 7 ten der
34,2369,run,review,short_line,0.19,17,89,der Kerl verdient,Ich hatte 21 Briefe an den Buben theils durch reitende und Fußboten ge
34,2393,run,review,short_line,0.7,33,47,"werden, daß dies berichtiget wird",Die Briefe in Amelang und Kopp habe ich immer noch hinter mir weil bes
34,2402,run,review,short_line,0.64,30,47,Ewr Hochfürstliche Durchlaucht,Ich weis nicht ob ich meine Briefe auch recht
34,2411,break,high,short_line,0.43,20,47,keine Sylbe Antwort.,Breslau den 18ten April
34,2412,break,high,short_line+column,0.49,23,47,Breslau den 18ten April,1808.
34,2413,break,high,short_line,0.11,5,47,1808.,treu gehorſamſter Diener
34,2414,break,high,short_line+column,0.51,24,47,treu gehorſamſter Diener,v Triebenfeld
35,2418,break,high,short_line+column,0.02,2,82,35,Durchlauchtigster Fürst
35,2419,break,high,short_line+column,0.28,23,82,Durchlauchtigster Fürst,Gnädiger Herr!
35,2420,break,high,short_line,0.17,14,82,Gnädiger Herr!,Ewr Durchlaucht Verfügungen welche Höchst Sie durch den H. Hoffrath Me
35,2429,run,review,short_line,0.52,43,82,Chun bin ich nicht im Stande zu schildern —,"Sie wollen durchlauchter Herr aus Barmherzigkeit für mich, von mein Ei"
35,2448,break,high,short_line,0.7,57,82,"pfändet, und meinen Wechsel gegeben auszahlen laßen soll.",das ist doch wahrlich mehr als unerhöhrt — Ich werde von Marcul in den
35,2455,run,review,short_line,0.61,50,82,ernähren muß — Ich soll vor yre mal gre bezahlen —,"die mir aufgetragenen Geschäfte, durfte und konte ich unter einer solc"
35,2476,break,high,short_line,0.71,53,75,Sie dürfte selbst Ewer Durchlaucht nachteilig werden.,"Mit redlichen Herzen war ich bemüht Rath zu schaffen, ich hofte auf et"
35,2503,break,high,short_line+column,0.2,15,75,Ewr Durchlaucht,Ich bemerke daß der Zahlungs Termin an von der Laar
35,2504,run,review,short_line,0.68,51,75,Ich bemerke daß der Zahlungs Termin an von der Laar,"den 14ten May ansteht, und daß es nur noch netto 22 Tage"
35,2507,break,high,short_line+column,0.31,23,75,Berlin den 25ten Aprill,1808
35,2508,break,high,short_line+column,0.05,4,75,1808,treu gehorsamster Diener
35,2509,break,high,short_line+column,0.32,24,75,treu gehorsamster Diener,v Triebenfeld
36,2513,run,review,short_line,0.07,2,27,36,Cococe[?]t Schreibens an des Herrn
36,2516,run,review,short_line,0.7,19,27,Ehefrau gegebohrner,Reichts hat mir seit langer Zeit
36,2535,run,review,short_line,0.63,17,27,wie festgegründet,meine Hochachtung u. Freundsch
36,2543,break,high,short_line,0.3,8,27,möchten.,Ich sehr erfach: aus
36,2555,break,high,short_line,0.52,13,25,anderzusezen.,Es war nehmlich im
36,2557,run,review,short_line,0.24,6,25,Januar,"1807, daß der Justes Eysach"
36,2576,break,high,short_line,0.28,7,25,thaten.,"Ausgeſchahe mehrere Wochen,"
36,2591,run,review,short_line,0.48,11,23,ergriff ich,"das Hülfsmittel, demselben"
36,2610,run,review,short_line,0.61,14,23,Ich daher ganz,ruhig mein Geld von den
36,2618,break,high,short_line,0.59,16,27,Zahlung sistirt.,Meine Verlegenheit wurde
36,2632,break,high,rubric,0.89,24,27,auch das die Auszahl der,"6,000 Rthl zu ſiſtiren."
36,2642,break,high,short_line,0.19,5,27,habe.,Als ich nehmlich frey Zuſchft
36,2654,run,review,short_line,0.68,19,28,seyn es auf mit der,größten Aufopferung alsbalden
36,2663,run,review,short_line,0.64,18,28,in dem Empfang des,"Schreibens von fir, den Es"
36,2665,run,review,short_line,0.39,11,28,Ulli. Koppe,nirgends nach be[?]ler a[?]e [?]rath
36,2667,run,review,short_line,0.64,18,28,"schriftl. ersucht,",dem J. Eys[enhardt]. ohne Verzug die
36,2704,break,high,short_line,0.21,6,28,werde.,Dieser Versicherung nun werden Ein
36,2709,break,high,short_line,0.21,6,28,Ihnen.,den in Dero lezterem Schreiben
36,2732,break,high,short_line,0.21,6,28,haben.,Aus Ew. verehel. Schreiben
36,2743,break,high,short_line,0.57,16,28,geschont werden.,"Sehr wünschte ich, daß Euch auf"
36,2762,run,review,short_line,0.67,24,36,"wissensrath wäre, jemand",anders als mir selbst sage[n]
36,2768,run,review,short_line,0.58,21,36,Umweg verursach würde,da Sie ohnehin über Dresden
36,2770,run,review,short_line,0.56,20,36,"gerügen, und ersuche",Derselben daher dringendst
36,2772,break,high,short_line,0.58,21,36,wo nur irgenden mögl.,mir dieses Vergnügen zu
36,2773,break,high,short_line+column,0.64,23,36,mir dieses Vergnügen zu,machen. Finden Sie es
36,2774,run,review,short_line,0.58,21,36,machen. Finden Sie es,"räthlich, dem Hl. Assessor Koppe davon"
36,2788,break,high,short_line,0.69,25,36,viertl. zu Gebrauch seyn.,"Was ich gestern in Betr des Wildeganes erhielt, sende ich"
36,2793,break,high,short_line,0.61,22,36,Schütt einleit möchte.,"Mit derselben Bitte erhalten Eine hier, welche Vorschlag waren"
36,2797,break,high,short_line,0.67,24,36,bädigſt zukom zu laſſen.,Ew. Hochw.
36,2798,break,high,short_line,0.28,10,36,Ew. Hochw.,Öhringen 13 März 1808
36,2799,run,review,short_line,0.58,21,36,Öhringen 13 März 1808,Ihr Hochw. d. H. K[rieges]. R[a]t[h]. v. Tr[iebenfeld].
37,2803,break,high,short_line+column,0.03,2,78,37,Durchlauchtigſter Fürſt
37,2804,break,high,short_line+column,0.29,23,78,Durchlauchtigſter Fürſt,Gnädigster Fürst und Herr
37,2805,run,review,short_line,0.32,25,78,Gnädigster Fürst und Herr,Ewr Durchlaucht gnädiges Schreiben von 23ten Aprill habe ich so eben e
37,2814,break,high,short_line,0.47,37,78,daß darauf ein Groschen gezogen wird.,"Die Assignation liegt bey dem Geheimen Rath Amelang, diesem dürfen Ewr"
37,2817,break,high,short_line,0.29,23,78,weit befriedigen würde.,"Solte dies nicht geschehen, so muß ich sie in allen öffentlichen Blätt"
37,2834,run,review,short_line,0.38,15,39,Ewr Durchlaucht,Mit meiner Genesung geht es sehr Schnekenartig
37,2837,break,high,short_line+column,0.46,18,39,Berlin d. 2ten May,1808
37,2838,break,high,short_line+column,0.1,4,39,1808,Unterthäniger Diener
37,2839,break,high,short_line+column,0.51,20,39,Unterthäniger Diener,v Triebenfeld
38,2843,break,high,short_line+column,0.03,2,76,38,Gnädigster Fürst und Herr
38,2844,run,review,short_line,0.33,25,76,Gnädigster Fürst und Herr,"Ich liege nach den vielen Ärger, der meine Gesundheit ganz unter grabe"
38,2846,run,review,short_line,0.54,41,76,kunde nicht viel schreiben. Nur jezt dies,die 3000 rt habe ich von den Banquier Veit erhalten auch nur gestern A
38,2848,break,high,short_line,0.26,20,76,Anweisung abgegeben.,Jezt muß ich noch 3000 rt zusammen bringen den 5125 rt bekam die Casse
38,2862,run,review,short_line,0.47,36,76,Verlust ist gegen 25000 rt. gering —,Wegen das dahrliche sorgen Ewr Durchlaucht ja — den Sie bezahlen mit 2
38,2865,break,high,short_line,0.6,46,76,Papiere und bezahlen damit alle ihre Schulden.,"Ich kan, heut nicht mehr schreiben ich bin zu matt künftig ein mehrere"
38,2867,break,high,short_line+column,0.2,15,76,Ewr Durchlaucht,Sobald ich gewesen und ich kan das Weise Geld schnell
38,2868,run,review,short_line,0.69,53,76,Sobald ich gewesen und ich kan das Weise Geld schnell,"aufbringen, dan gehe ich nach Wien und läßt es sich thun"
38,2874,break,high,short_line+column,0.27,21,76,Berlin den 14ten Juny,1808.
38,2875,break,high,short_line,0.07,5,76,1808.,treuer Knecht
38,2876,break,high,short_line+column,0.17,13,76,treuer Knecht,v Triebenfeld
39,2880,break,high,short_line+column,0.03,2,77,39,Durchlauchtigster Fürst
39,2881,break,high,short_line+column,0.3,23,77,Durchlauchtigster Fürst,Gnädigster Fürst und Herr!
39,2882,break,high,short_line,0.34,26,77,Gnädigster Fürst und Herr!,Diesen Augenblick retournire ich von W: wo ich alles nach Wunsch abgem
39,2888,break,high,short_line,0.66,51,77,"die Kosten zu berichtigen, und reise Geld zu haben.","6125 rt waren es die berichtiget werden müßten, 3000 rt haben Ewr Durc"
39,2904,break,high,short_line,0.36,28,77,Herrn Empich zu addresseren.,das große Anlehn vergeßen Ewr Durchlaucht nicht. — Ich sorge von einer
39,2907,break,high,short_line+column,0.19,15,77,Ewr Durchlaucht,Berlin den 2ten July
39,2908,break,high,short_line+column,0.26,20,77,Berlin den 2ten July,1808
39,2909,break,high,short_line+column,0.05,4,77,1808,treu unterthänigster Diener
39,2910,break,high,short_line+column,0.35,27,77,treu unterthänigster Diener,v Triebenfeld
40,2914,break,high,short_line+column,0.03,2,76,40,Durchlauchtigſter Fürſt.
40,2915,break,high,salutation+short_line,0.32,24,76,Durchlauchtigſter Fürſt.,Gnädigster Fürst und Herr!
40,2916,break,high,short_line,0.34,26,76,Gnädigster Fürst und Herr!,Ewr Hochfürstliche Durchlaucht habe ich nur auf jedem höchst dero Schr
40,2923,break,high,short_line,0.62,47,76,durchlaucht sich in Öhringen zu füßen zu legen.,"was das dahrliches Geschäft anbetrift, so kenne ich nichts erheb und m"
40,2932,break,high,short_line+column,0.68,52,76,Oppenheimer bekant der ohngefehr 28000 rt in Courant,die Invaliden Casse für ihre 50000 — 15000 rt —
40,2933,run,review,short_line,0.62,47,76,die Invaliden Casse für ihre 50000 — 15000 rt —,Meyer Bernhard und die Kleinigkeiten betr. 3000 seid zu sammen ein Vor
40,2935,break,high,short_line,0.71,54,76,dafür ist den die Hypotheque von 250000 rt ganz reine.,Für Ewr Durchlaucht wurden demnach an 204000 rt. bleiben.
40,2947,break,high,short_line,0.63,55,87,dismembration alles in einer andern Laage gekommen ist.,In Betreff Ihrer Sache bey Hofe kan ich Ihnen und dem Prinzen August d
40,2949,break,high,short_line,0.48,42,87,warten werde nun manches allein entdecken.,Ewr Durchlaucht haben viel Feinde und man hält Sie absichtlich entfern
40,2974,run,review,short_line,0.6,52,87,den ohne diese Hülfe erhält man daher keinen Denar —,Jezt sind alle die Zinsen nach den abgelaufenen frey Jahren schon fäll
40,2977,break,high,short_line,0.47,41,87,des doppelten Werthes was zu verabfolgen.,In tiefsten Respect erstorben.
40,2978,break,high,short_line,0.34,30,87,In tiefsten Respect erstorben.,Ewr Hochfürstliche Durchlaucht
40,2979,break,high,short_line+column,0.34,30,87,Ewr Hochfürstliche Durchlaucht,Berlin den 9ten July
40,2980,break,high,short_line+column,0.23,20,87,Berlin den 9ten July,1808.
40,2981,break,high,short_line,0.06,5,87,1808.,treu gehorsamster Diener
40,2982,break,high,short_line+column,0.28,24,87,treu gehorsamster Diener,Peter
41,2986,break,high,short_line+column,0.03,2,64,41,Durchlauchtigſter Fürſt
41,2987,break,high,short_line+column,0.36,23,64,Durchlauchtigſter Fürſt,Gnädigſter Fürſt und Herr!
41,2988,break,high,short_line,0.41,26,64,Gnädigſter Fürſt und Herr!,Ewr Hochfürstliche Durchlaucht höchst gnädiges Schreiben habe ich zu e
41,3055,break,high,short_line,0.52,33,64,und Muthvoller verhandelt werden.,die dermaligen Alentours d. K. würden über Ihre Erscheinung
41,3070,break,high,short_line,0.47,27,57,von dorten Gelder erhalten.,Die Briefe an Lichnowski und Metzig sind gut und der Sache
41,3084,break,high,short_line+column,0.51,29,57,In tiefsten Respect ersterben,Ewr Hochfürstliche Durchlaucht
41,3085,break,high,short_line+column,0.53,30,57,Ewr Hochfürstliche Durchlaucht,Berlin den 20ten 7br 1808
41,3086,break,high,short_line+column,0.44,25,57,Berlin den 20ten 7br 1808,unterthäniger treuer dien
41,3087,break,high,short_line+column,0.44,25,57,unterthäniger treuer dien,Peter
42,3091,break,high,short_line+column,0.03,2,62,42,Durchlauchtigſter Fürſt
42,3092,break,high,short_line+column,0.37,23,62,Durchlauchtigſter Fürſt,gnädigſter Fürſt und Herr!
42,3093,break,high,short_line,0.42,26,62,gnädigſter Fürſt und Herr!,Wann ja ein Menschliches Wesen von Noth und Trübsal gedrückt und alle
42,3098,break,high,short_line,0.42,26,62,nigsberg zurück zu kehren.,Ich ward da ich eben im Begriff war von hier abzureisen durch franzö¬
42,3110,break,high,short_line,0.42,26,62,neue gezogen werden ſolte.,während dieſe 4 Wochen nun mußte das Geld angeſchaft werden
42,3128,break,high,short_line,0.6,34,57,schweren pro Cente und Proxention.,Inzwischen giengen die 3000 rt. von Ew. Hochfürstliche Durchlaucht
42,3141,break,high,short_line,0.68,37,54,verklagt und behindert meine Abreise.,"Ich habe dafür Papiern deponirt, ich darf aber nicht fort"
42,3143,break,high,short_line,0.51,28,54,bis die Sache applanirt ist.,Nach dem Landrecht muß er nun mit Papieren zufrieden sein
42,3147,break,high,rubric,0.92,50,54,2tans Intressen Gerichts und andere Kosten 568 rt.,3. Für zwey Obligationen die ich noch ganz Wechsel
42,3149,break,high,rubric+short_line,0.39,21,54,schuldig bin. 360 rt.,4. Für 2 Obligationen die in Depot liegiren 800 rt.
42,3151,run,review,short_line,0.33,18,54,sind Summe 2068 rt,Diese 2068 rthl müßen geschaft und bezahlt werden alsdann
42,3154,break,high,short_line,0.64,35,54,"und ich kan reisen, wohin ich will.",Ist es Ewr Durchlaucht in der Welt möglich so treiben Sie
42,3169,break,high,short_line,0.61,33,54,mich der [T?] nicht reisen laßen.,"Beinahe 6 Monath lag ich, über all den Ärger, sehr elend"
42,3176,break,high,short_line,0.69,37,54,Sache ganz aufs reine zu bringen kan.,"Zu dieſer ſchaffen Ewr Durchlaucht ja Rath, ich bitte"
42,3184,break,high,short_line,0.58,30,52,desto größer ist mein Verlust!,Mein Schaden den ich leide ist entsetzlich Ewr Durchlaucht
42,3209,break,high,short_line,0.21,11,53,in rechten.,Mit der Invaliden Casse und allen Schulden würden 122000 rt
42,3211,break,high,short_line,0.26,14,53,heraus kommen.,Ich habe hier einen Kaufmann der Eisen auch andere Product
42,3219,break,high,short_line,0.51,27,53,wie bald aufs reine kommen.,"Beherzigen Ewer Durchlaucht meine Bitte und sorgen, daß"
42,3226,break,high,short_line,0.62,32,52,und macht mich zu allem Unfähig.,"Aus Königsberg habe ich an, 8 ten d M Briefe gehabt, man schreibe"
42,3239,run,review,short_line,0.46,24,52,ist sie sehr unzufrieden,Helfen Ewr Durchlaucht eilig daß ich hier los komme den
42,3242,break,high,short_line+column,0.65,34,52,In tiefſter Ehrfurcht erſterbe als,Ewr Hochfürstliche Durchlaucht
42,3243,break,high,short_line+column,0.58,30,52,Ewr Hochfürstliche Durchlaucht,Berlin d. 16ten Januar
42,3244,break,high,short_line+column,0.42,22,52,Berlin d. 16ten Januar,1809.
42,3245,break,high,short_line,0.1,5,52,1809.,treu gehorsamster Diener
42,3246,break,high,short_line+column,0.46,24,52,treu gehorsamster Diener,v Triebenfeld
43,3250,break,high,short_line+column,0.03,2,76,43,Durchlauchtigster Fürst
43,3251,break,high,short_line+column,0.3,23,76,Durchlauchtigster Fürst,Gnädigster Fürst und Herr!
43,3252,break,high,short_line,0.34,26,76,Gnädigster Fürst und Herr!,Nach ein so eben vom Geheimen Rath Amelang aus Berlin erhaltenes Urtel
43,3268,break,high,short_line,0.55,42,76,wodurch an 1500 rt. Circa gerettet werden.,Ewr Durchlaucht verliehren in dieser Sache an Ende nichts als die Kost
43,3271,break,high,short_line,0.61,46,76,alles am erwünschten Ziel gebracht werden kan.,das Geld für Lahr erhalten Sie laut Befehl des Franz: Gen[eral]. Gouve
43,3281,break,high,short_line,0.68,30,44,Staats Papiere nach dem Cours.,"Ein großes Glück ist es nur daß ich aus Berlin weg bin, und hätte ich"
43,3296,break,high,short_line+column,0.36,16,44,Ich ersterbe als,Ewr Hochfürstliche Durchlaucht
43,3297,run,review,short_line,0.68,30,44,Ewr Hochfürstliche Durchlaucht,Senden Ewr Durchlaucht Ihre Briefe
43,3300,run,review,short_line,0.7,31,44,"Rhode nach Breslau, der schickt",nur solche wieder durch expresse
43,3302,break,high,short_line,0.68,30,44,hierher — Nur retten Sie mich.,Kontop
43,3303,break,high,short_line+column,0.14,6,44,Kontop,d 30ten Januar
43,3304,break,high,short_line+column,0.32,14,44,d 30ten Januar,1809
43,3305,break,high,short_line+column,0.09,4,44,1809,treuester Knecht
43,3306,break,high,short_line+column,0.36,16,44,treuester Knecht,v Triebenfeld
44,3310,run,review,short_line,0.04,2,57,44,Meine Sehnsucht Ewr Hochfürstliche Durchlaucht mich sobald als möglich
44,3313,break,high,short_line,0.12,7,57,werden.,"Der Lahrsche Prozeß hält mich nun noch zurük und ich muß sehen, wie"
44,3315,break,high,short_line,0.42,24,57,die Sache zu machen ist.,Lahr erhält noch 3000 rt. nach dem mir so eben von Amelang bekannt gem
44,3317,break,high,short_line,0.56,32,57,Erkenntnis nebst den Interessen.,"Er muß Papiere nehmen, und diese würden nach den jezzigen Cours Circa"
44,3319,run,review,short_line,0.6,34,57,mit den Intressen 2000 rt betragen,Nun liegen von mir 2 Obligationen a 1000 rt in Versaz für 800 Rthl.
44,3320,break,high,rubric,1.18,67,57,Nun liegen von mir 2 Obligationen a 1000 rt in Versaz für 80,2. a 300 rt für 360 rt
44,3322,run,review,short_line,0.42,24,57,1 a 400 Rthl. für 340 rt,dies sind = 3000 Rthl Papiern für Lahr die Kosten aber nun 1500 rt und
44,3324,break,high,short_line,0.58,33,57,um sie gleich einlösen zu können.,Sobald ich diese habe bin ich wenigstens frey.
44,3331,break,high,short_line,0.26,15,57,Sind = 2068 rt.,Sobald ich dieſe erhalte iſt dieſe ſchreckliche Sache die mir Geſundhe
44,3341,break,high,short_line,0.11,7,64,können.,"Der Kaufmann Michaelis hat mir gestern die offerte gemacht, daß"
44,3346,break,high,short_line,0.29,19,64,abgeliefert werden.,Auf Euer durchlaucht Gnade rechnend werde ich wan Michaelis Wort
44,3355,break,high,short_line,0.48,31,64,haben — diese betragen 411 rth.,Dies sind 932 rt Courant um Ehe ich diese nicht erhalte bin ich so gut
44,3362,break,high,short_line,0.51,33,64,besten Geleise bringen zu helfen.,"nach wunsch, beantwortet."
44,3363,break,high,rubric+short_line,0.39,25,64,"nach wunsch, beantwortet.",d. 3tn Februar 1809. nach Berlin.
45,3368,break,high,short_line+column,0.03,2,75,45,Durchlauchtigſter Fürſt
45,3369,break,high,short_line+column,0.31,23,75,Durchlauchtigſter Fürſt,Gnädigster Fürst und Herr!
45,3370,break,high,short_line,0.35,26,75,Gnädigster Fürst und Herr!,Ewr Hochfürstliche Durchlaucht höchst gnädiges Schreiben vom 8ten d. M
45,3397,break,high,short_line,0.28,22,79,schon zu denen suchen.,Für die Zusicherung der 600 Centner Eysen seegene Ihnen Gnädigster Für
45,3408,break,high,short_line,0.53,42,79,Fürst daß Sie diesen Kummer gehoben haben.,"Ist es Ewr Durchlaucht nun in der Welt möglich, so schicken Sie nicht "
45,3411,break,high,short_line,0.65,51,79,von hier nach Berlin und die A[?]st[?] ist gehoben.,die Noth zwang mich um der persönlichen Haft zu entgehen den Contract 
45,3419,break,high,short_line,0.44,19,43,laucht Sorgen frey.,"So eben erhalte ich von Amelang Briefe, Er schreibt unter andern sich "
45,3434,break,high,short_line+column,0.37,16,43,Dankbarkeit sein,Ewr Hochfürstliche Durchlaucht
45,3435,run,review,short_line,0.7,30,43,Ewr Hochfürstliche Durchlaucht,Heute ist ein glücklicher Tag so eben komt
45,3441,break,high,short_line,0.26,11,43,übermachen.,Kontop
45,3442,break,high,rubric+short_line,0.14,6,43,Kontop,d. 18ten Febr.
45,3444,break,high,short_line+column,0.09,4,43,1809,unterthäniger treuer Diener
45,3445,break,high,short_line+column,0.63,27,43,unterthäniger treuer Diener,v Triebenfeld
46,3449,break,high,short_line+column,0.04,2,52,46,Mein Theuerste Freund!
46,3450,break,high,short_line,0.42,22,52,Mein Theuerste Freund!,Das Schreiben des Fürsten von Hohenlohe durchlaucht welches Sie
46,3454,break,high,short_line,0.42,22,52,Kontop in Sie gezogen.,desto schlimme wird es uns mit der adtatorten sehr geschehen
46,3464,break,high,short_line,0.58,30,52,Anstalt zur lang Zahlung mehr.,Nach disen Gesetz bey auch so mit Zinsen erschwert
46,3472,break,high,short_line,0.57,20,35,hundert pct. kosten.,Ich bedaure Sie recht sehr u. recht herzlich bey Ihnen
46,3475,break,high,short_line,0.43,15,35,tricanten kann.,Meines Wildbach für Willhelm ich[?] es[?] [a?]
46,3479,break,high,short_line+column,0.11,4,35,Ihre,Berl[in]. d 2 Marz 1809
46,3480,run,review,short_line,0.66,23,35,Berl[in]. d 2 Marz 1809,Ganz ergebensten diener u Freund
47,3485,break,high,short_line+column,0.03,2,63,47,Wohlgeborner Herr
47,3486,break,high,short_line+column,0.27,17,63,Wohlgeborner Herr,Insonders hochgeehrter Herr Hoffrath!
47,3487,break,high,short_line,0.59,37,63,Insonders hochgeehrter Herr Hoffrath!,Ich habe dieser Tage den Justiz Bürgermeister Hawich und dem Inspector
47,3492,break,high,rubric+short_line,0.51,32,63,"wieder ich darauf ergebenst, daß",1. das von dem König von Sachsen gegebene General Moratorium
47,3500,run,review,short_line,0.63,40,63,bereits vor einigen Wochen abgeliefert —,Die 50000 rt welche damals die Invaliden Casse Sr Hochfürstliche Durch
47,3517,run,review,short_line,0.18,11,60,"werden, daß",Höchstdieselben sich mit für der Sache verwenden und dafür
47,3531,break,high,short_line,0.61,37,60,und eben jezt in Kalisz entamirt sey.,"Was 2tens des Meyers Praetension wegen Bauten betrift, so ist mir solc"
47,3537,break,high,short_line,0.46,28,60,Bau Rath Glenck aufgehalten.,"Was der Meyer von dem Giese et Consorten spricht, so ist das"
47,3551,break,high,short_line,0.2,13,65,zu gestatten.,"Was v. Niedźwiecki Sache betrifft, so schwebt desfals ein Prozeß"
47,3573,break,high,short_line,0.26,13,50,ziehen dürfe.,Was endlich die Eingabe der Augustinower und anderen Collonisten
47,3602,break,high,short_line,0.37,20,54,nie Zinsen erhalten.,Was übrigens meine Reise nach Schlawenschitz betrift
47,3617,break,high,short_line,0.28,15,54,aufs reine bin.,Mit der vollkommensten Hochachtung bin ich
47,3619,break,high,short_line+column,0.26,14,54,Ewr Wohlgeborn,ganz ergebenster Freund und Diener
47,3620,break,high,short_line+column,0.63,34,54,ganz ergebenster Freund und Diener,v Triebenfeld
48,3624,break,high,short_line+column,0.03,2,75,48,Durchlauchtigster Fürst
48,3625,break,high,short_line+column,0.31,23,75,Durchlauchtigster Fürst,Gnädigster Fürst und Herr!
48,3626,break,high,short_line,0.35,26,75,Gnädigster Fürst und Herr!,Ich habe den Justiz Bürgermeister Hawich aus Zagorowo der als würklich
48,3630,run,review,short_line,0.61,46,75,Vollmachten aus gestellt. Ich habe diesem nach,Erstens: Auf die Abweisung der Dąbska wegen den Trąbczyner Gütern gedr
48,3632,break,high,short_line,0.45,34,75,Vollmacht und Instruction gegeben.,Zweitens: zur gänzlichen Aufhebung der Sequestration die Vollmacht geg
48,3636,run,review,short_line,0.25,19,75,ankömt; so habe ich,"Drittens: dem p Hawich die Vollmacht die Zinsen beizutreiben, und solc"
48,3647,run,review,short_line,0.21,16,75,Eben so habe ich,Sechstens: eine Vollmacht gegeben von dem v Niedźwiecki die restirende
48,3656,run,review,short_line,0.52,45,86,"schaftlichen Holz und Ziegeln aufgeführt hat,",Achtens: habe ich Vollmacht zur Beitreibung aller rückständigen Kaufs 
48,3658,break,high,short_line,0.23,20,86,sehr bedeutend sind.,Neuntens: Ist eine Vollmacht ausgestellt die Olesnicer Erbpächter zu z
48,3662,run,review,short_line,0.09,8,86,Auch ist,Zehntens: Eine Vollmacht an etc. Hawich zur Betreibung aller GränzProz
48,3664,break,high,short_line,0.53,46,86,dazu nöthige Instructionen ist erteilt worden.,"Eilftens: daß dem Hawich eine Vollmacht gegeben, daß er Nahmens Ewr Du"
48,3669,break,high,short_line,0.13,11,86,gehen soll.,Zwölftens: habe ich außer diesem dem p Hawich von Seiten meiner eine V
48,3673,run,review,short_line,0.49,42,86,zur Deckung der Lahrschen Summa abzuführen,"Dreyzehns: und endlich ist Hawich noch eine Vollmacht ausgefertiget, u"
48,3677,break,high,short_line,0.29,25,86,tensionen zu wiederlegen.,Ich habe dies alles durch den Justiz Bürgermeister Schenck aus Neusatz
48,3683,break,high,short_line+column,0.31,27,86,Ehrfurchtsvoll ersterbe ich,Ew. Hochfürstliche Durchlaucht
48,3684,break,high,short_line+column,0.35,30,86,Ew. Hochfürstliche Durchlaucht,Kontop
48,3685,break,high,short_line+column,0.07,6,86,Kontop,den 7ten Marz 1809.
48,3686,break,high,short_line,0.22,19,86,den 7ten Marz 1809.,treu gehorſamſter Diener
48,3687,break,high,short_line+column,0.28,24,86,treu gehorſamſter Diener,v Triebenfeld
49,3691,break,high,short_line+column,0.04,2,49,49,Durchlauchtigster Fürst
49,3692,break,high,short_line+column,0.47,23,49,Durchlauchtigster Fürst,Gnädigster Fürst und Herr
49,3693,run,review,short_line,0.51,25,49,Gnädigster Fürst und Herr,Wie froh war ich als man mir meldete daß ein Bothe aus Ewer Durchlauch
49,3701,break,high,short_line,0.45,22,49,aus Neufallen[?] habe.,Ich sehne auch so herzlich sich Ewr Hochfürstliche Durchlaucht persönl
49,3715,break,high,short_line+column,0.61,30,49,In tiefster Verehrung ersterbe,Ewr Hochfürstliche Durchlaucht
49,3716,break,high,short_line+column,0.61,30,49,Ewr Hochfürstliche Durchlaucht,Es heißt daß ein Rußisches Corps
49,3717,run,review,short_line,0.65,32,49,Es heißt daß ein Rußisches Corps,an der po[hl]. und Schlesischen Gränze zu
49,3720,break,high,short_line+column,0.12,6,49,Kontop,den 20ten Marz
49,3721,break,high,short_line+column,0.29,14,49,den 20ten Marz,1809.
49,3722,break,high,short_line,0.1,5,49,1809.,treu unterthäniger Diener
49,3723,break,high,short_line+column,0.51,25,49,treu unterthäniger Diener,v Triebenfeld
50,3727,run,review,short_line,0.05,2,39,50,Ich war im Jahr 1808 bis zum 14ten Febr
50,3750,break,high,short_line,0.62,24,39,haben wolle / aufnehmen.,Die Papiere standen sehr niedrig indes zwang dem
50,3753,break,high,short_line,0.28,11,39,zu genügen.,In der Folge sandte ich zur Abmachung dieser Sache
50,3788,break,high,short_line,0.13,5,38,habe.,Ich ersterbe
50,3789,break,high,short_line+column,0.32,12,38,Ich ersterbe,Ewr König Majestät
50,3790,break,high,short_line+column,0.47,18,38,Ewr König Majestät,Schlawenschitz
50,3791,break,high,rubric+short_line,0.37,14,38,Schlawenschitz,d. 8. April
50,3793,break,high,short_line,0.13,5,38,1809.,allergehorsamster
51,3797,break,high,short_line+column,0.03,2,63,51,Durchlauchtigster Fürst
51,3798,break,high,short_line+column,0.37,23,63,Durchlauchtigster Fürst,Gnädigster Fürst und Herr!
51,3799,break,high,short_line,0.41,26,63,Gnädigster Fürst und Herr!,"Noch ist das Eysen nicht hier, da indes die Execution aufgehoben ist, "
51,3804,break,high,short_line,0.54,34,63,Neues Gesetz vieles vorbeugen kan.,das neue Decret über den neuen Arrestschlag in Pohlen hatte ich schon
51,3826,break,high,short_line,0.21,12,58,sein können.,An Neuigkeiten bin ich heut so arm als ein wandernder Pilger an Münze
51,3830,break,high,rubric+short_line,0.16,9,58,"wird, ist",1. daß Fürst Hohenzollern in oder unter Leipzig mit sein Corps
51,3832,break,high,rubric+short_line,0.21,12,58,stehen soll.,2. daß in Bayern ein sehr ernsthaftes Gefecht zu Gunsten der
51,3841,break,high,short_line+column,0.33,19,58,in der ich ersterbe,Ewr Hochfürstliche Durchlaucht
51,3842,break,high,short_line+column,0.52,30,58,Ewr Hochfürstliche Durchlaucht,Eben erhalte ich einen Brief
51,3843,break,high,short_line+column,0.48,28,58,Eben erhalte ich einen Brief,Honrichs komt — Noch ist dorten
51,3844,break,high,short_line+column,0.53,31,58,Honrichs komt — Noch ist dorten,nichts von den Osterreich zu höhren
51,3845,break,high,short_line+column,0.6,35,58,nichts von den Osterreich zu höhren,Geld soll er Ewr Durchlaucht bringen
51,3846,break,high,short_line+column,0.62,36,58,Geld soll er Ewr Durchlaucht bringen,dafür hafte ich mit Ehre und Leben
51,3847,break,high,short_line+column,0.59,34,58,dafür hafte ich mit Ehre und Leben,Kontop
51,3848,break,high,short_line+column,0.1,6,58,Kontop,den 21ten April
51,3849,break,high,short_line+column,0.26,15,58,den 21ten April,1809
51,3850,break,high,short_line+column,0.07,4,58,1809,treu gehorſamſter Diener
51,3851,break,high,short_line+column,0.41,24,58,treu gehorſamſter Diener,v Triebenfeld
52,3855,break,high,short_line+column,0.03,2,70,52,Durchlauchtigster Fürst
52,3856,break,high,short_line+column,0.33,23,70,Durchlauchtigster Fürst,Gnädigster Fürst und Herr!
52,3857,break,high,short_line,0.37,26,70,Gnädigster Fürst und Herr!,Ewr Hochfürstliche Durchlaucht Schreiben habe ich nebst den Beilagen I
52,3863,run,review,short_line,0.64,45,70,"tragen, mit dem ich jezt in der Sache arbeite",des Herrn J M v. Beyme Excel[lenz]. scheinen und es sehr auf der Form 
52,3868,break,high,short_line,0.31,22,70,zum Ziele zu gelangen.,Von Politischen Neuigkeiten darf durchaus hier nichts gesprochen werde
52,3881,break,high,short_line+column,0.43,30,70,Ewr Hochfürstliche Durchlaucht,Königsberg
52,3882,break,high,rubric+short_line,0.14,10,70,Königsberg,d. 3ten May
52,3884,break,high,short_line,0.07,5,70,1809.,treu gehorsamster Diener
52,3885,break,high,short_line+column,0.34,24,70,treu gehorsamster Diener,v Triebenfeld
53,3889,break,high,short_line+column,0.03,2,71,53,Durchlauchtigſter Fürſt
53,3890,break,high,short_line+column,0.32,23,71,Durchlauchtigſter Fürſt,Gnädigster Fürst und Herr!
53,3891,break,high,short_line,0.37,26,71,Gnädigster Fürst und Herr!,Euer Hochfürstliche Durchlaucht beide Schreiben vom 24ten und 29ten v.
53,3897,break,high,short_line,0.13,9,71,erwartet.,In Ansehung Ewr Durchlaucht Häuslichen Angelegenheiten und besonders w
53,3900,break,high,short_line,0.55,39,71,"vor der Hand wünschen können, erfolgen.",An betref der Krieges Geschichten da ſind Ewr Durchlaucht Selbſt ſchul
53,3905,break,high,short_line,0.2,14,71,machen sollen.,Ewr Durchlaucht redlichſter und treueſten Freund hier iſt der wahrhaft
53,3913,break,high,short_line,0.65,46,71,Major Pirch lenckt und auf die Pointe hingegt.,Massenbach hat an Sr Majestät geschrieben und um Beendigung seiner Sac
53,3923,run,review,short_line,0.42,29,69,durchaus nicht von der Form —,Stelle Neuigkeiten von den Armen fehlen hier gänzlich. Es ist darin ei
53,3929,run,review,short_line,0.68,47,69,Armee schon jezt total aufgerieben sein solte —,Eben so scheint die Muße Erklärung nicht so arg zu sein die der Er Con
53,3934,run,review,short_line,0.45,31,69,handlungen nicht einlaßen kan —,Schill hat nach den gestern hier eingegangenen Nachrichten schon ein s
53,3940,run,review,short_line,0.26,18,69,versahm Division /,Nochmals bitte ich Ewr Durchlaucht herzig — Schreiben Sie an den Monar
53,3943,break,high,short_line,0.49,34,69,Wünsche in Erfüllung gehen werden.,Ehrfurchtsvoll verharre ich als
53,3944,break,high,short_line+column,0.45,31,69,Ehrfurchtsvoll verharre ich als,Ewr Hochfürstliche Durchlaucht
53,3945,break,high,short_line+column,0.43,30,69,Ewr Hochfürstliche Durchlaucht,"Königsberg,"
53,3946,break,high,rubric+short_line,0.16,11,69,"Königsberg,",d. 13ten May
53,3948,break,high,short_line+column,0.06,4,69,1809,treu unterthäniger Dier
53,3949,break,high,short_line+column,0.33,23,69,treu unterthäniger Dier,Peter
54,3953,break,high,short_line+column,0.03,2,66,54,Durchlauchtigster Fürst
54,3954,break,high,short_line+column,0.35,23,66,Durchlauchtigster Fürst,Gnädigster Fürſt und Herr!
54,3955,break,high,short_line,0.39,26,66,Gnädigster Fürſt und Herr!,Die mir von Ewr Hochfürstliche Durchlaucht gnädigst überſchickten 100 
54,3971,break,high,short_line,0.33,22,66,wegen Lahr heraus kam.,"Ewr Hochfürstliche Durchlaucht bitte ich um Gottes willen, es nur dies"
54,3993,run,review,short_line,0.59,38,64,ich kan dan sehr viel Gutes bewürken —,Wegen van der Lahr habe ich so eben auch diese Beilagen erhalten
54,4012,break,high,short_line,0.55,29,53,und dies trift mir eben jezt.,Nochmahls bitte ich Ewr Durchlaucht flehentlich schicken Sie
54,4024,run,review,short_line,0.43,23,53,1000 Cente Eysen wieder,Sie geruhen es aber bis Boyadel bey Grüneberg zu Schiffern
54,4030,break,high,short_line,0.23,12,53,bis Boyadel.,In tiefsten Respect ersterbe.
54,4031,break,high,short_line,0.55,29,53,In tiefsten Respect ersterbe.,Ewer Hochfürstliche Durchlaucht
54,4032,break,high,short_line+column,0.58,31,53,Ewer Hochfürstliche Durchlaucht,Die Antwort von v. d. Lahr ist mit
54,4033,break,high,short_line+column,0.64,34,53,Die Antwort von v. d. Lahr ist mit,Amelangs Bruch in Kontop bey
54,4034,break,high,short_line+column,0.53,28,53,Amelangs Bruch in Kontop bey,"geblieben, ich werde selbigen mit"
54,4035,break,high,short_line+column,0.62,33,53,"geblieben, ich werde selbigen mit",erster Post unterthänigst übermachen
54,4036,break,high,short_line+column,0.68,36,53,erster Post unterthänigst übermachen,Glogau
54,4037,break,high,short_line+column,0.11,6,53,Glogau,den 21ten März
54,4038,break,high,short_line+column,0.26,14,53,den 21ten März,1809.
54,4039,break,high,short_line,0.09,5,53,1809.,treu gehorsamster Diener
54,4040,break,high,short_line+column,0.45,24,53,treu gehorsamster Diener,v Triebenfeld
55,4044,break,high,short_line+column,0.03,2,80,55,"Durchlauchtigster Fürst,"
55,4045,break,high,short_line+column,0.3,24,80,"Durchlauchtigster Fürst,",gnädigſter Fürſt und Herr!
55,4046,break,high,short_line,0.33,26,80,gnädigſter Fürſt und Herr!,In diesem Augenblick als ich von Glatz retournire finde ich Ewer Hochf
55,4048,run,review,short_line,0.62,50,80,Schreiben vom 7 ten und 9t d. nebst Beilagen vor —,daß mich van der Lahr nun auch hier attaquirt haben Ewr Hochfürstliche
55,4055,break,high,short_line,0.31,25,80,3 fachen Gewinn gewähren.,Graf Götzen empfiehlt ſich zu Gnaden freut ſah über die Colonnasche Sa
55,4057,run,review,short_line,0.51,41,80,Zeugen abgeben — daß ihm Colonna gesagt —,"Er habe die Königin als Tochter angenommen, und ihr ſein ganzes Haabe "
55,4059,run,review,short_line,0.21,17,80,Legate vermacht —,Übrigens hat Hoffrath Hahn recht wenn er sagt das Testament ist zur Er
55,4066,run,review,short_line,0.23,18,80,fentlich erzählt —,daß Reibnitz und die Regierungs Räthe in Brieg alle gehängt werden müß
55,4073,break,high,short_line+column,0.38,32,84,"im Sache, den nach dem Landrecht",steht § 165 Tit XII. Th. I fast
55,4074,run,review,short_line,0.37,31,84,steht § 165 Tit XII. Th. I fast,"""Legate, welche den zwanzigsten Theil des Nachlaßes wahrscheinlich, od"
55,4102,break,high,short_line,0.4,33,84,Eclat zur Publizität bringen kan.,Ich habe nun den Vorschlag gemacht — die Königin nimmt die Güter die a
55,4110,break,high,short_line,0.53,40,76,ter die 150000 rt wieder vom sich geben.,"Ich habe Graf Götzen ein Schreiben an der Königin aufgesezt, worin er "
55,4134,break,high,short_line,0.57,43,76,in Schlesien und die Gränzen bereisen wird.,"Ein unter seinen Regiment gestandener Officier ist mit ihm zu Cossar, "
55,4158,break,high,short_line+column,0.62,22,36,vernünftigen Recherche,Breslau
55,4159,break,high,short_line+column,0.2,7,36,Breslau,d 12ten April
55,4160,break,high,short_line+column,0.37,13,36,d 12ten April,1809.
55,4161,break,high,short_line,0.14,5,36,1809.,treu gehorsamster Diener
55,4162,break,high,short_line+column,0.68,24,36,treu gehorsamster Diener,v Triebenfeld
56,4166,break,high,short_line+column,0.03,2,70,56,Durchlauchtigster Fürst
56,4167,break,high,short_line+column,0.33,23,70,Durchlauchtigster Fürst,Gnädigster Fürst und Herr!
56,4168,break,high,short_line,0.37,26,70,Gnädigster Fürst und Herr!,Noch bis jezt laure ich vergeblich auf die Ankunft des Eysens und verz
56,4196,break,high,short_line,0.29,13,46,nehmen müßen.,An dH General von Zastrow hat der König einen eigenhändigen äußerst
56,4199,break,high,short_line,0.33,15,46,duld verwiesen.,Ich brenne vor Begmode in Königsberg bald alles ausführlich zu erfahre
56,4204,break,high,short_line+column,0.66,30,46,Ewr Hochfürstliche Durchlaucht,Kontop d 20ten April
56,4205,break,high,short_line+column,0.44,20,46,Kontop d 20ten April,1809.
56,4206,break,high,short_line,0.11,5,46,1809.,treu gehorſamſter Knecht
56,4207,break,high,short_line+column,0.53,24,46,treu gehorſamſter Knecht,v Triebenfeld
56,4215,break,high,short_line,0.44,32,72,ich die Fracht Kosten hernehmen.,Michaelis erhält 600 Rtl. Eysen diese Kosten über 240 rt. Fracht und Z
56,4220,break,high,short_line,0.44,32,72,die Kosten mehr betragen werden.,Schon habe ich alles aufgeboten um Reise Geld aufzutreiben noch ist es
57,4232,break,high,short_line+column,0.03,2,72,57,Durchlauchtigſter Fürſt
57,4233,break,high,short_line+column,0.32,23,72,Durchlauchtigſter Fürſt,Gnädigster Fürst und Herr!
57,4234,break,high,short_line,0.36,26,72,Gnädigster Fürst und Herr!,Ewr Hochfürstliche Durchlaucht nach meiner Rückkunft persönlich Rappor
57,4263,run,review,short_line,0.23,17,73,Aufträge ertheilt,In Betreif Ewr Durchlaucht militairischen Angelegenheiten — So habe ic
57,4265,run,review,short_line,0.7,51,73,vieles geschrieben. Mündlich kan ich nur mehr sagen,"Das Resultat ist, daß wann Ihre Sache entschieden ist Ewr Durchlaucht "
57,4271,run,review,short_line,0.3,22,73,hängt sehr vieles ab —,Ewr Durchlaucht wahrhaft biederer Freund der Herr Obristwachtmeister v
57,4282,break,high,short_line,0.45,33,73,ich hoffe nun allewege das beste.,Die Politischen Sachen stehen gut — Wann nur Gott den Österreichern Gl
57,4291,run,review,short_line,0.33,21,64,Nachrichten einsenden,"Morgen eile ich nach Kalisz um meinen echapirten jüngsten Sohn, der zu"
57,4296,break,high,short_line,0.67,43,64,der König mit jezt Südpreußen gerne zurück.,Der Erzherzog Ferdinand schickte Falkenhausen der jezt in seiner
57,4302,break,high,short_line,0.25,16,64,sich so manches.,Die sogenannten Tugend Freunde oder Schwarzen Brüder machen jezt
57,4306,break,high,short_line,0.23,15,64,die Alten sind.,Die Dinastie stürzen nötig democratische Regierung einführen war
57,4311,break,high,short_line,0.39,25,64,das alles zu redressiren.,Es sind deren mehrere die wie man sagt um der Kronebühlten
57,4314,break,high,short_line,0.56,39,70,den großen Anfang soll der M St. Haben.,"Die Sache hätte käme, ſehr gefährlich für den guten König und das Land"
57,4320,break,high,short_line,0.3,21,70,dem Staube zu machen.,"Sein Brief an den König, nach seiner Flucht geschrieben, soll das Non"
57,4324,run,review,short_line,0.24,17,70,nicht anvertrauen,"wäre mir nicht der Koffer mit Geld, Kleidung, und Wäsche gestohlen was"
57,4341,break,high,short_line+column,0.21,15,70,Ewr Durchlaucht,Schweinern
57,4342,break,high,short_line+column,0.14,10,70,Schweinern,d 7ten May 1809.
57,4343,break,high,short_line,0.23,16,70,d 7ten May 1809.,treuſter Diener
57,4344,break,high,short_line+column,0.21,15,70,treuſter Diener,v Triebenfeld
58,4348,break,high,short_line+column,0.03,2,66,58,Durchlauchtigſter Fürſt
58,4349,break,high,short_line+column,0.35,23,66,Durchlauchtigſter Fürſt,Gnädigster Fürst und Herr!
58,4350,break,high,short_line,0.4,26,66,Gnädigster Fürst und Herr!,Ew. Hochfürstliche Durchlaucht Schreiben nebst die 50 fr d'or habe ich
58,4403,break,high,short_line,0.36,21,59,alles risquiren will.,Nach den von den Franzoßen verlohren Schlachten stechen sie zwar die K
58,4407,break,high,short_line,0.71,42,59,"organibus aufrufen soll, ihr König werden.",Inzwischen zähle ich auf einem Zwist dem Liste Telung und bis Velun
58,4412,break,high,short_line,0.64,38,59,"mehr könte, und würden sie nicht thun.",Bey uns ſchlummert alles nur die Tugend Freunde und ſchwarze Brüder
58,4416,break,high,short_line,0.49,29,59,daß ich mit einsenden können.,zu läufftens 10 Tagen lege ich Höchst denenselbe mich persönlich
58,4422,break,high,short_line+column,0.66,39,59,und alles gewinnt eine andern Gestalt —,Ehrfurchtsvoll ersterbe als
58,4423,break,high,short_line+column,0.46,27,59,Ehrfurchtsvoll ersterbe als,Ewr Hochfürstliche Durchlaucht
58,4424,run,review,short_line,0.51,30,59,Ewr Hochfürstliche Durchlaucht,In Sudpreußen wird Ewr Durchlaucht von Mühe und
58,4429,break,high,short_line,0.46,27,59,Breslau den 3ten Juny 1809.,treu gehorsamster Diener
58,4430,break,high,short_line+column,0.41,24,59,treu gehorsamster Diener,v Triebenfeld
59,4434,break,high,short_line+column,0.03,2,73,59,Durchlauchtigster Fürst
59,4435,break,high,short_line+column,0.32,23,73,Durchlauchtigster Fürst,Gnädigster Fürst und Herr!
59,4436,break,high,short_line,0.36,26,73,Gnädigster Fürst und Herr!,Seit meiner Rückkunft aus Königsberg habe ich noch keine ruhige Stunde
59,4439,break,high,short_line,0.67,49,73,Die gröste Noth drängt mich bis zur Verzweiflung.,"Kontop wird fortwährend sequestrirt, es fehlen mich hier circa 2000 rt"
59,4448,break,high,short_line,0.71,52,73,"muß, a 60 rt. geschickt. Dies thut zusammen 2570 rt.",Dieser Blutigel hat also noch 430 rt und die Intressen und Kosten die 
59,4470,break,high,short_line,0.66,49,74,vollends gestürzt und zu Grunde gerichtet werden.,Ich habe die uns doch würde Gefahr und alle diese Übel in meinen Beric
59,4476,break,high,short_line,0.28,21,74,graben entgegen sehn.,"Mein einziges Bestreben ist jezt die 4560 rt zu erhalten, um meine Güt"
59,4500,break,high,short_line,0.65,51,79,führen und so jeden ehrlichen geraden Kerl stürzen.,Genug der Herr wurden Ewr Durchlaucht fürchte ich hierdurch schon ermü
59,4503,run,review,short_line,0.28,22,79,allein um in Stillen —,In der Erbschafts Sache müßen wir ganze andere Wege einschlagen
59,4521,break,high,short_line,0.68,46,68,fürchten von dieser Seite eine arge Explosion.,"Über Rußlands Benehmen sind die Meinungen sehr verschieden, mann fürch"
59,4523,break,high,short_line,0.59,40,68,daß Rußland auch gegen uns Masque macht.,"Gott gebe nur dem E. H. Carl Glück, Schlägt dieser Prinz noch nunmehr "
59,4527,break,high,short_line,0.71,48,68,"animmt, aber Schloßen und Sachsen sich zueignet.","Konstantin dagegen ganz Pohlen, Preußen, Pommern und Schlesien bis an "
59,4530,break,high,short_line,0.43,29,68,Türkey garantirt werden soll.,"Die Pohlen wollen sich noch nicht zum Ziele legen — hier werbe, und ar"
59,4548,break,high,short_line+column,0.44,30,68,In tiefſter Ehrfurcht ersterbe,Ewr Hochfürstliche Durchlaucht
59,4549,break,high,short_line+column,0.44,30,68,Ewr Hochfürstliche Durchlaucht,Kontop
59,4550,break,high,rubric+short_line,0.09,6,68,Kontop,d. 11ten July 1809.
59,4552,break,high,short_line+column,0.36,24,68,treu gehorsamster Diener,v Triebenfeld
60,4556,break,high,short_line+column,0.03,2,68,60,Durchlauchtigster Fürst
60,4557,break,high,short_line+column,0.34,23,68,Durchlauchtigster Fürst,Gnädigster Fürst und Herr
60,4558,run,review,short_line,0.37,25,68,Gnädigster Fürst und Herr,Mit blutenden Herzen muß ich Ewr Hochfürstliche Durchlaucht nun doch m
60,4561,break,high,short_line,0.7,47,68,Beschlag genommen um die Güter zu sequestriren.,Der Wucherische van der Lahr hatte dies nachgesucht weil die ihm gesan
60,4576,run,review,short_line,0.71,48,68,ich nie auf mein sondern fremdes Intresse sehr —,Ich scheine mich unter Menschen zu gehen ich lebe wie ein Wilder in
60,4591,run,review,short_line,0.51,35,69,und stumpft meine Gefühle ganz ab —,"Mit 1860 rth könte ich gerettet werden, aber wo soll ich sie hernehmen"
60,4603,break,high,short_line,0.43,30,69,"Hülfe, Kosten, Kummer umförge.","Ich würde Holz Bretter und Produkte haben um Geld zu erhalten, aber"
60,4616,run,review,short_line,0.46,33,71,Sequestration um doch nicht auf —,Meine schönen Fächste die unter Brüdern 1000 rt. werth waren hat Loen 
60,4624,break,high,short_line,0.25,18,71,selbst verhungern.,Ewer Durchlaucht sind noch der Einzige den ich jetzt auf diesen Erdenr
60,4630,break,high,short_line,0.17,12,71,befriedigen.,"wäre es Ewr Durchlaucht möglich die 1800 rt dorten aufzutreiben, so"
60,4649,break,high,short_line+column,0.43,23,54,Ehrfurchtsvoll ersterbe,Ewr Durchlaucht
60,4650,break,high,short_line+column,0.28,15,54,Ewr Durchlaucht,Kontop
60,4651,break,high,short_line+column,0.11,6,54,Kontop,d 4tn August
60,4652,break,high,short_line+column,0.22,12,54,d 4tn August,1809.
60,4653,break,high,short_line,0.09,5,54,1809.,unterthäniger Diener
60,4654,break,high,short_line+column,0.37,20,54,unterthäniger Diener,v Triebenfeld
61,4658,break,high,short_line+column,0.03,2,64,61,Wohlgeborner Herr
61,4659,break,high,short_line+column,0.26,17,64,Wohlgeborner Herr,Hochzuverehrender Herr Hoffrath!
61,4660,break,high,short_line,0.5,32,64,Hochzuverehrender Herr Hoffrath!,Ewr Wohlgeborn höchst verehrtes Schreiben erhielt ich heute per Expres
61,4679,run,review,short_line,0.2,13,64,fremd gewesen,Theurer Freund — es sind 1800 rth die mich von Schande und Spott
61,4692,break,high,short_line,0.45,28,62,verschuldet leide überdenke.,Hier sind die Güter durch das bruit was ich ewigen der Lahrschen Gesch
61,4699,run,review,short_line,0.39,24,62,Hilfe sie Durchlaucht an,Ich würde ihm ja gerne dafür wieder Lebeseeligkeit und alles
61,4701,run,review,short_line,0.71,44,62,"opfern, wann der Herr nur dies für mich thut","Sorgen Ewr Wohlgeborn, also wann es Ihnen in der Welt,"
61,4705,run,review,short_line,0.56,35,62,Diese Hülfe aber verlaste ich alles,"Mit danns baren Herzen, und wahrer Hochachtung werde ich stets"
61,4707,break,high,short_line+column,0.06,4,62,sein,Euer Wohlgeborn
61,4708,break,high,short_line+column,0.24,15,62,Euer Wohlgeborn,Kontop den 31ten August
61,4709,break,high,short_line+column,0.37,23,62,Kontop den 31ten August,1809.
61,4710,break,high,short_line,0.08,5,62,1809.,treuergebener Freund und Diener
61,4711,break,high,short_line+column,0.5,31,62,treuergebener Freund und Diener,v Triebenfeld
62,4715,run,review,short_line,0.03,2,80,62,Nun weiß ich nicht mehr was ich denken soll 5 Briefe habe ich abgeschi
62,4733,break,high,short_line,0.28,22,80,im Massakroff 1156 rt.,"Solten indes die Posten würklich schuld sein, so geruhen Ewr Durchlauc"
63,4739,break,high,short_line+column,0.03,2,65,63,Durchlauchtigster Fürst
63,4740,break,high,short_line+column,0.35,23,65,Durchlauchtigster Fürst,Gnädigster Fürst und Herr
63,4741,run,review,short_line,0.38,25,65,Gnädigster Fürst und Herr,So eben war ich im Begriff an Ewr Hochfürstliche Durchlaucht per Expre
63,4763,break,high,short_line,0.48,32,66,umsomehr als B von dort weg ist.,"In Pohlen geht es bunt her, mein Bemühen Geld von daher zu schaffen wa"
63,4769,break,high,rubric+short_line,0.63,42,66,hier abgehe die allerschleunigste Antwort.,1. Ich glaube daß man den sind Prefect der die Güter kaufen will nicht
63,4772,break,high,rubric,0.81,54,66,langung der Trąbczyner Güter sehr behülflich sein kan.,"2. Glaube ich nun sogleich alle Resorte in Bewegung zu sezzen, um der "
63,4774,break,high,rubric,0.83,55,66,diese gewalthätig sich zugeeigneten Güter zu entreißen.,"3. Mit aller Macht darauf zu halten, daß die Gelder den die Sequestrat"
63,4779,break,high,short_line,0.33,22,66,zu rückgewiesen werde.,"Provisorisit gabe ich Honrichs dazu die Vollmacht, aber ich muß"
63,4823,break,high,short_line,0.39,21,54,ger Beschwörz könten.,Dieses gerichtlich schriftliche Erkenntnis der durch Hecker und
64,4831,run,review,short_line,0.04,2,56,64,Den Augenblick erhalte ich von Freund F aus Berlin die Nachricht
64,4835,run,review,short_line,0.55,31,56,traurigsten Folgen befürchtet —,"Ob ich gleich diese Sachen zu Exp zu senden bötte alle Eile empfehle,"
64,4849,run,review,short_line,0.64,36,56,gebe aber erst etwan nach 35 Jahre —,"Ich muß, wenn ich nur das Reise Geld auftreibe, absolut nach"
64,4855,break,high,short_line,0.7,39,56,doch einer von die Ver: Freunde helfen.,Hätte ich Geld — hätter ich nur wenigstens Pferde so flöge
64,4859,break,high,short_line+column,0.48,27,56,zu sehr zurück. Ewig jedoch,Ew Durchlaucht
64,4860,break,high,short_line+column,0.25,14,56,Ew Durchlaucht,6 Xbr 1809
64,4861,break,high,short_line+column,0.18,10,56,6 Xbr 1809,treuer Knecht
64,4862,break,high,rubric+short_line,0.23,13,56,treuer Knecht,v. Triebenfeld
64,4865,break,high,short_line+column,0.07,5,70,Copia,Lieber redlicher Freund
64,4866,run,review,short_line,0.33,23,70,Lieber redlicher Freund,"Anliegend über mache ich Ihnen die Anschläge, und Abschrift der Landsc"
64,4869,run,review,short_line,0.7,49,70,derung des Herrn v Knobelsdorff billig finden muß,die auf die Güter intabulirte Schulden bestehen im Pfand Briefe und kl
64,4878,break,high,short_line,0.69,48,70,genommen. Indes überlaße ich das Ihrer Weisheit.,Übrigens steht die Sache jezt so —
64,4879,run,review,short_line,0.49,34,70,Übrigens steht die Sache jezt so —,Bischdorff trägt nach der Landschaft. Taxe jährl 20462 rt 12 gg
64,4881,run,review,short_line,0.3,21,70,Mollna 10951 rt 18 gg,"Der König Ertrag ist gering — das Schauß nur mit 12 so angenommen, seh"
64,4884,break,high,short_line,0.47,33,70,Folglich jährl. Revenue 34414 rt.,die Interessen betragen an der Landschaft geh. a 4 1/4 pct = 10264 rt
64,4886,run,review,short_line,0.63,44,70,An die Hypothequerischen Gläubiger = 3750 rt,"An Stössel den, ich 100000 Capital doch noch annehme = 5000 rt."
64,4889,run,review,short_line,0.14,10,70,= 28514 rt,und hiernach bleibt Ihnen lieber Freund schon ein Überschuß von 5900 r
64,4894,break,high,short_line,0.57,40,70,Mann nicht noch die Eisenwerke benuzzen?,"Ich wünſche Ihnen dazu alles Glück Siegen, und noch ſo eine 20 Jährige"
64,4898,break,high,short_line+column,0.44,31,70,Mit vorzüglicher Hochachtung pp,v Triebenfeld
64,4899,break,high,short_line+column,0.19,13,70,v Triebenfeld,umstehend das weitere
64,4912,break,high,short_line+column,0.49,29,59,die Stösselsche = 180000 Rthl,thut = 370000 rt
64,4913,break,high,short_line+column,0.27,16,59,thut = 370000 rt,Folglich mehr = 60000 rt.
64,4914,break,high,short_line,0.42,25,59,Folglich mehr = 60000 rt.,diese 60000 rt muß H v Knobelsdorff noch von seiner Gemahlin
64,4917,run,review,short_line,0.66,39,59,fürsten völlig quittirt werden können —,des Fürsten Durchlaucht geben dafür die Zagorower Güter in Pohlen
64,4919,break,high,short_line+column,0.66,39,59,diese haben einen Werth von = 550000 rt,Schulden haften voll darauf = 200000 rt
64,4920,break,high,short_line+column,0.66,39,59,Schulden haften voll darauf = 200000 rt,auf Swięcia für Haugt = 18000 rt
64,4921,break,high,short_line+column,0.54,32,59,auf Swięcia für Haugt = 18000 rt,= 218000 rt
64,4922,break,high,short_line+column,0.19,11,59,= 218000 rt,bleibt reines Capital = 332000 rt.
64,4923,break,high,short_line,0.58,34,59,bleibt reines Capital = 332000 rt.,hierzu kömt der Canon von Wittow mit 500 rt thut = 10000 rt.
64,4926,run,review,short_line,0.44,26,59,Sind vorgenannte 370000 rt,die auf die Güter haftende alte Schulden sind Pfandbrief = 255000 Rthl
64,4931,break,high,short_line+column,0.49,29,59,und H. v. Stössel = 180000 rt,was zusammen beträgt = 370000 rt
64,4932,run,review,short_line,0.54,32,59,was zusammen beträgt = 370000 rt,worüber der Fürst Quittirt werden und die Schulden auf Koschen¬
64,4935,break,high,short_line,0.46,27,59,zurück cedirt werden müßen.,Übrigens bleibt es Sache des H. p. Weigelt jetzt bald mit H v Stössel
64,4938,break,high,short_line+column,0.29,17,59,Kauf lautbar wird,v Triebenfeld
64,4941,break,high,short_line,0.32,25,78,Nachtrag am 30ten Octobr.,Weil Ewr Durchlaucht Schreiben vom 9ten 11 Tage gelaufen hatte ehe ich
64,4948,run,review,short_line,0.58,45,78,ster Fürst es mir wenigstens wißen zu laßen —,"Was übrigens Ewr Durchlaucht Sache betrift, so nimt der Fürst Staats K"
64,4950,run,review,short_line,0.69,54,78,mit wahrem Ernst an — deßen Worte sind heute gewesen —,Ich will dem alten Mann helfen. Ich meine der Lang auß die Lerische Sc
64,4955,break,high,short_line,0.42,33,78,O Schön! er ſoll geholfen werden.,Der König kommt[?] der besten Männer aus der Affaire und an der Schuld
64,4957,run,review,short_line,0.33,26,78,ja an 300000 rt gewonnen —,Schade daß der Fürst seine Militairische Angelegenheiten so hat liegen
64,4959,run,review,short_line,0.65,51,78,und daß er nicht auf ein Erkenntnis gedrungen hat —,"das Geld oder die 112000 rt werden ganz gewiß gegeben, und der Transac"
64,4968,run,review,short_line,0.41,26,63,ich sehe ich Jahre beßer —,Jezt Gnädigster Herr bitte ich Sie nochmahls schicken Sie nur 300 rt i
64,4970,run,review,short_line,0.7,44,63,damit ich hier im Stande bey fortzuhandeln —,Sie können Gnädigster Fürst jezt dienst auf das was ich gesagt habe zä
64,4976,run,review,short_line,0.4,25,63,Nur um Gottes willen Geld,Ein Schreiben von der Prinzeßin am Heßen Rothenburg erfolgt anbey —
64,4992,break,high,short_line,0.57,34,60,in der Gestalt höhren und ansehen?,"Ich opfere alles, wünsche dem großen bösewicht für Ewie"
65,5000,break,high,short_line+column,0.03,2,71,65,"Durchlauchtigster Fürst,"
65,5001,break,high,short_line+column,0.34,24,71,"Durchlauchtigster Fürst,",Gnädigster Fürst und Herr!
65,5002,break,high,short_line,0.37,26,71,Gnädigster Fürst und Herr!,Die Glogausche Landschaft mit v d Lahr vereint mit das Glanz[?] Ober L
65,5009,break,high,short_line,0.7,50,71,unverschuldeter weise mit dem Rücken ansehen müße.,Sobald die Comission abgeht mache auch ich mich aufs Geleise und komme
65,5026,break,high,short_line,0.41,28,69,den Rth zu 45 fg. gerechnet.,Wollen Ewr Durchlaucht mir diese Gefälligkeit erzeigen so geruhen Sie
65,5061,break,high,short_line,0.57,35,61,bey Gott rufen — Hau zu Freund Ham.,"Für die Zukunft will ich mich für ein Recidio dieser Art hüthen, und d"
65,5070,break,high,rubric,1.08,66,61,wohl beendigt sind wornach ich dann sofort von hier über Gla,f. w nach Schlawenschitz abreisen kan. Nur gerne möchte ich Ewr
65,5075,break,high,short_line+column,0.46,28,61,In tiefsten Respect ersterbe,Ewr Hochfürstliche Durchlaucht
65,5076,break,high,short_line+column,0.49,30,61,Ewr Hochfürstliche Durchlaucht,Ein gewißer Margraff aus Berlin schreibt
65,5077,break,high,short_line+column,0.66,40,61,Ein gewißer Margraff aus Berlin schreibt,heute die Fürsten Sacken sey sehr schwach
65,5078,break,high,short_line+column,0.67,41,61,heute die Fürsten Sacken sey sehr schwach,"Ich wenn nicht was daran ist — Es ist,"
65,5079,break,high,short_line+column,0.62,38,61,"Ich wenn nicht was daran ist — Es ist,",dies ho[?]t nie[?] ehrlicher Mann —
65,5080,break,high,short_line+column,0.57,35,61,dies ho[?]t nie[?] ehrlicher Mann —,Kontop
65,5081,break,high,short_line+column,0.1,6,61,Kontop,d 9tn Octobr
65,5082,break,high,short_line+column,0.2,12,61,d 9tn Octobr,1809.
65,5083,break,high,short_line,0.08,5,61,1809.,treu unterthänigster Diener
65,5084,break,high,short_line+column,0.44,27,61,treu unterthänigster Diener,v Triebenfeld
66,5088,run,review,short_line,0.03,2,61,66,Das Urteil wird nun wohl dahin / wie man mir schreibt / ausfallen
66,5092,break,high,short_line,0.54,33,61,ausgestänzt und Landes verwiesen.,"Wegen Hecker werde ich dennoch um seines Vaters willen, der Ober"
66,5101,run,review,short_line,0.52,32,61,ſo muß man darauf nicht höhren —,"Haben die Kerls nichts, so kan man ihnen vor der Hand nichtes nehmen."
66,5122,run,review,short_line,0.67,39,58,Soweit die Pohlnische Angelegenheiten —,"Ob der König würklich nach Berlin kommen wird, wird noch von"
66,5129,run,review,short_line,0.29,17,58,der Welt winken —,Inzwischen glaube ich von dem Promessen die man unsern guten
66,5135,run,review,short_line,0.41,26,64,und Schönbrunn übersehen —,Es hieß vor ein paar Tagen wir bekämen Hannover ein Stück von
66,5140,break,high,short_line,0.22,14,64,schaffen müße.,Hier will man Absolut daß Napoleon an der Brust Waßer sucht leide und
66,5154,break,high,short_line,0.36,23,64,wieder freie Hand habe.,daß die Prinzeß Emilie recht glücklich sein möge wünsche ich von Grund
66,5157,run,review,short_line,0.16,10,64,zu sehen —,Um die fortdauer höchſt Dero Wohlwollens bitte ich und erſterbe in tie
66,5159,break,high,short_line,0.19,12,64,Hochachtung.,Ewr Hochfürstliche Durchlaucht
66,5160,break,high,short_line+column,0.47,30,64,Ewr Hochfürstliche Durchlaucht,Es liegen hier an
66,5161,break,high,short_line+column,0.27,17,64,Es liegen hier an,Kontop den 16ten Decbr
66,5162,break,high,short_line+column,0.34,22,64,Kontop den 16ten Decbr,1809.
66,5163,break,high,short_line,0.08,5,64,1809.,treuester Knecht
66,5164,break,high,short_line+column,0.25,16,64,treuester Knecht,v Triebenfeld
66,5198,break,high,short_line,0.72,43,60,8000 rt in klingend Courant bezahlt werden.,der General Lieferant Coste würde die Gelder sogleich anweisen.
66,5206,break,high,rubric,0.9,54,60,zurük — Coste mit dafür aus Pohlen wohlfeiles Getraide,16. Xbr. 1809
67,5211,break,high,short_line+column,0.03,2,63,67,Durchlauchtigſter Fürſt
67,5212,break,high,short_line+column,0.37,23,63,Durchlauchtigſter Fürſt,Gnädigster Fürst und Herr!
67,5213,break,high,short_line,0.41,26,63,Gnädigster Fürst und Herr!,Ewer Durchlaucht höchst gnädiges Schreiben von 24 ten erhielt ich heut
67,5222,break,high,short_line,0.68,43,63,"helfen, es daure nun so lange als es wolle.",Nächst diesen hält mich die Pohlnische Angelegenheit hier nun gefeßelt
67,5227,break,high,short_line+column,0.37,23,63,"Hawich, der mir anzeigt",daß Honrichs ein Erzbetrüger sey —
67,5228,run,review,short_line,0.54,34,63,daß Honrichs ein Erzbetrüger sey —,"Ob dies nun zwar erst erwiesen werden muß, so habe ich doch so"
67,5243,break,high,short_line,0.62,41,66,haben nichts erhalten und ich auch nicht.,"Was an der Sache ist soll und muß heraus, noch glaube ich die Nachrich"
67,5260,break,high,short_line,0.26,16,62,woran zu halten.,Wann dies fertig ist und ich hier mit der Wittwen Casse wegen meine An
67,5263,break,high,short_line,0.29,18,62,zu Füßen zu legen.,"So eben schreibt Grevenitz aus Berlin, daß dHn. G[eneral]. v. Köckritz"
67,5268,break,high,short_line,0.31,19,62,vergeßen zu lernen.,Mir schrieb man Gen[eral]: L v Köckritz wurde sich zur Ruhe setzen und
67,5271,break,high,short_line,0.65,40,62,gefragt aber noch keine Anwort erhalten.,"das der falsche Gr. Götz ad Patrim geht, ist gut, ich habe wunderdinge"
67,5273,run,review,short_line,0.32,20,62,dem Manne erfahren —,Von dem neuen Organisationen hoffen einige vieles — ich nichts
67,5279,break,high,short_line,0.56,35,62,B — und Lecht Meyer Wolff streiten.,Geruhen Ewr Hochfürstliche durchlaucht mir doch gnädigst die Ihnen im
67,5284,break,high,short_line+column,0.44,27,62,zu tiefen Respect ersterben,Ewr Hochfürstliche Durchlaucht
67,5285,break,high,short_line+column,0.48,30,62,Ewr Hochfürstliche Durchlaucht,Eben in den Augen
67,5286,break,high,short_line+column,0.27,17,62,Eben in den Augen,Kontop
67,5287,break,high,rubric+short_line,0.1,6,62,Kontop,1. Januar 1810.
67,5289,break,high,short_line+column,0.32,20,62,unterthäniger Diener,v Triebenfeld
67,5294,break,high,short_line,0.7,46,66,mir nebst den 3 Resolutionen zurück zu senden.,"Mein nach Zagorowo geſandter Bothe, ist noch nicht zurück — Hawich"
67,5297,run,review,short_line,0.53,35,66,"bin ich überzeugt, daß es Lube sind","Ich werde genau zu erforschen suchen was an der Sache ist, im voraus"
67,5307,break,high,short_line,0.46,30,66,gegen alles muthig protestirt.,Ich werde von Brzechffa um Garczynski alles erfahren hat Hecker
68,5317,break,high,short_line+column,0.03,2,68,68,Durchlauchtigſter Fürſt
68,5318,break,high,short_line+column,0.34,23,68,Durchlauchtigſter Fürſt,Gnädigster Fürſt und Herr!
68,5319,break,high,short_line,0.38,26,68,Gnädigster Fürſt und Herr!,"Honrichs ist diese Nacht hier angekommen, er hat sich ausgewiesen, daß"
68,5357,break,high,short_line,0.07,5,69,thun.,der Podprefect Brzechffa schreibt
68,5358,run,review,short_line,0.48,33,69,der Podprefect Brzechffa schreibt,Der Früß muß seine Güter sofort wieder haben. Indes glaube ich
68,5361,run,review,short_line,0.61,42,69,den alles wird sich hier im kurzen anderen,Honrichs sagt die Rußen rückten ganz gewis in der Provinz Warschau im
68,5364,run,review,short_line,0.29,20,69,"gesinnt, und jubelte",O Geschähe doch dies dem solten Sie guter Fürst nicht nur schnell ihre
68,5367,break,high,short_line,0.13,9,69,erhalten.,Aber nun schicken Sie eine Anweisung oder Baar Geld — ich habe so wahr
68,5380,break,high,short_line,0.41,29,71,den Ihnen und mir helfen mag.,Die Guht sagt mich fürchterlich zu das Schreiben nur Blut sauer
68,5382,break,high,short_line+column,0.32,23,71,fendes ersterbe ich als,Ewr Durchlaucht
68,5383,run,review,short_line,0.21,15,71,Ewr Durchlaucht,Herr Ternuis[?] ist bis zum 28ten Jahr kurz Urkunde und Geld muß den 2
68,5398,break,high,short_line+column,0.66,47,71,kan man kan dann mit doppelten Rechte fordern —,Kontop den 18ten Februar
68,5399,break,high,short_line+column,0.34,24,71,Kontop den 18ten Februar,1810.
68,5400,break,high,short_line,0.07,5,71,1810.,treu gehorsamer Diener
68,5401,break,high,short_line+column,0.31,22,71,treu gehorsamer Diener,v Triebenfeld
69,5405,break,high,short_line+column,0.04,2,51,69,"Durchlauchtigſter Fürſt,"
69,5406,break,high,short_line+column,0.47,24,51,"Durchlauchtigſter Fürſt,",Gnädigster Fürst und Herr!
69,5407,break,high,short_line,0.51,26,51,Gnädigster Fürst und Herr!,fuer Hochfürstlichen Durchlaucht worden durch den H.
69,5408,break,high,rubric,1.02,52,51,fuer Hochfürstlichen Durchlaucht worden durch den H.,"H. Lombardini schon erfahren haben, daß ich das Geld"
69,5426,break,high,short_line+column,0.67,30,45,Euer Hochfürstlich Durchlaucht,Kontop
69,5427,break,high,rubric+short_line,0.13,6,45,Kontop,d. 26ten febr.
69,5429,break,high,short_line,0.11,5,45,1810.,unterthänigst treu gehorsamte
69,5430,break,high,short_line+column,0.64,29,45,unterthänigst treu gehorsamte,Bally
70,5434,break,high,short_line+column,0.03,2,71,70,Durchlauchtigſter Fürſt
70,5435,break,high,short_line+column,0.32,23,71,Durchlauchtigſter Fürſt,Gnädigster Fürst und Herr
70,5436,run,review,short_line,0.35,25,71,Gnädigster Fürst und Herr,"Aus beigehendes Schreiben des p Hecker wollen, Euer Hochfürstliche Dur"
70,5441,break,high,short_line,0.23,16,71,Fluren hinzieht.,Garczynski glaubte dem Heiller alles übergaben zu müßen und hat ihm im
70,5448,break,high,short_line,0.31,22,71,Stipuliren laßen will.,"Seine des Heckers Caution werde ich Garczynsken anweisen, damit man de"
70,5458,break,high,short_line,0.65,44,68,"ist, wie die Beilage zeigt nicht erscheinen.",den 2ten April ist ein neuer Termin angesetzt — Kwilecki bleibt noch
70,5460,break,high,short_line,0.54,37,68,2 Monath — Daher ist nichts verloren.,Raczhowski und Küntzel stehen mit Honrichs der Sache vor — alles ist
70,5464,run,review,short_line,0.31,21,68,ſoll es nicht fehlen;,"des Raczkowski und Kuntzels Briefe lege ich bey, bitte mir aber alles"
70,5466,break,high,short_line,0.37,25,68,schnell zurück zu senden.,daß ich nicht nach Schlawenschitz komme darüber zu reinen Ewr Durchlau
70,5474,run,review,short_line,0.44,30,68,Complimente machen nicht statt,"Wann ich Hecker und Honrichs gesprochen habe, den gehe ich nun Ihrentw"
70,5490,break,high,short_line,0.31,23,74,eilig die Reiſe machen.,Die 600 rt die Honrichs mit nahmen ſind in 2 Fuß alten Ungar eingescha
70,5492,run,review,short_line,0.61,45,74,Garczynski Keller gefloßen — Sie würken gut —,"Meine Güter sind an die Pächter übergeben, alles ist so geordnet, daß "
70,5499,break,high,short_line,0.52,38,74,ſtehe ich doch das Ende meiner Leiden.,In tiefster Hochachtung ersterbe.
70,5500,break,high,short_line,0.45,33,74,In tiefster Hochachtung ersterbe.,Ewr Hochfürstliche Durchlaucht
70,5501,break,high,short_line+column,0.41,30,74,Ewr Hochfürstliche Durchlaucht,Kontop den 25ten Merz
70,5502,break,high,short_line+column,0.29,21,74,Kontop den 25ten Merz,1810.
70,5503,break,high,short_line,0.07,5,74,1810.,treu unterthäniger Diener
70,5504,break,high,short_line+column,0.34,25,74,treu unterthäniger Diener,v Triebenfeld
71,5508,break,high,short_line+column,0.03,2,66,71,Durchlauchtigster Fürst
71,5509,break,high,short_line+column,0.35,23,66,Durchlauchtigster Fürst,Gnädigster Fürst und Herr!
71,5510,break,high,short_line,0.39,26,66,Gnädigster Fürst und Herr!,Die Rochlitzsche Sache ist wie die Beilage zeigt nun eingeleitet und E
71,5523,break,high,short_line,0.55,36,66,"zu geben weigerte, abgefordert habe.",Geruhen Ewr Durchlaucht mir auf das allerbaldigste zwey bis drey
71,5537,break,high,short_line+column,0.22,6,27,Kontop,d 30ten Merz
71,5538,break,high,short_line+column,0.44,12,27,d 30ten Merz,1810
71,5539,run,review,short_line,0.15,4,27,1810,treu gehorſamſter Knecht
72,5544,break,high,short_line+column,0.04,2,55,72,"Hochwohlgebohrner Herr,"
72,5545,run,review,short_line,0.42,23,55,"Hochwohlgebohrner Herr,",Hochgeehrtester Herr Krieges und Forst Rath!
72,5552,break,high,rubric,1.04,57,55,"rechnet, daß ich darüber das ganze Tausch Projekt mit dem",H. General v Schimmelpfennig Ew. Hochwohlgebohren Willens
72,5613,run,review,short_line,0.62,28,45,durch einen Expressen meinen,übersende. welchem Sie selbige zu übereignen die Gegenheit haben wer E
72,5645,run,review,short_line,0.26,14,54,auf Ew. Rahten,Geruhen Ew. H. die Versicherung der unveränderlichen
72a,5651,break,high,short_line+column,0.4,23,58,Durchlauchtigster Fürst,Gnädigster Fürſt und Herr!
72a,5652,break,high,short_line,0.45,26,58,Gnädigster Fürſt und Herr!,daß ein Pacht Contract mit dem H. Podprefecten über die Zagorower
72a,5660,break,high,short_line,0.45,26,58,in Schlawenschitz zu sein.,Inzwischen wird der Podprefect ganz zuverläßig den 11ten oder 12ten
72a,5673,break,high,short_line,0.25,14,57,Zwingen laßen.,Übrigens ist vor ein paar Tagen der Prozeß mit den
72a,5701,break,high,short_line,0.56,32,57,König von Sachsen garantirt war.,"Auf die Güter stehen, zwar wie mir beiwohnt 80000 Rthl Schulden"
72a,5725,break,high,short_line+column,0.46,28,61,In tiefsten Respect verharre,Ewr Durchlaucht
72a,5726,break,high,short_line+column,0.25,15,61,Ewr Durchlaucht,Kopojno
72a,5727,break,high,short_line+column,0.11,7,61,Kopojno,den 23ten Februar 1812.
72a,5728,break,high,short_line,0.38,23,61,den 23ten Februar 1812.,unterthänigen Diener
72a,5729,break,high,short_line+column,0.33,20,61,unterthänigen Diener,v Triebenfeld
72b,5733,break,high,short_line+column,0.36,23,64,durchlauchtigster Fürst,Gnädigſter Fürſt und Herr!
72b,5734,break,high,short_line,0.41,26,64,Gnädigſter Fürſt und Herr!,Aus den beigelegenen Schreiben des Herrn Podprefecten v Brzechffa und
72b,5756,break,high,short_line,0.17,10,60,schneider.,die Wrąbczyner Bauern haben noch keine Appellation ange¬
72b,5761,break,high,short_line,0.65,39,60,Euer Durchlaucht desto ergiebiger sein.,Die Olesnicer Sache ist Sprührecht und wird sogleich als Herr
72b,5763,break,high,short_line,0.62,37,60,von Brzechffa retournirt vorgenommen.,Mit Hawich ist alles abgemacht — Er erhält das damahls ihm
72b,5775,run,review,short_line,0.36,23,64,bübereien aufzudecken —,"Niedźwiecki machte, anstatt, daß er Ewr Durchlaucht noch 6000 rt. zahl"
72b,5783,run,review,short_line,0.69,44,64,von dem Bösewicht nichts den er hatt nichtes,Gegenwärtig ist unser vorzüglichstes Bemühen zins reste beizu¬
72b,5801,run,review,short_line,0.39,15,38,Ewr Durchlaucht,geruhen er durchlaucht beigehende
72b,5804,break,high,short_line,0.45,17,38,Krieg wird nicht.,unſer Welt Theil gleicht
72b,5805,break,high,short_line+column,0.63,24,38,unſer Welt Theil gleicht,jezt ein Irrhauß —
72b,5806,break,high,short_line+column,0.47,18,38,jezt ein Irrhauß —,Blizanow
72b,5807,break,high,short_line+column,0.21,8,38,Blizanow,12ten Merz 1812.
72b,5808,break,high,short_line,0.42,16,38,12ten Merz 1812.,treu unterthäniger Diener
72b,5809,break,high,short_line+column,0.66,25,38,treu unterthäniger Diener,v Triebenfeld
72c,5813,run,review,short_line,0.53,23,43,"Hochwohlgebohrner Herr,",Insonders hochzuverehrender Herr Krieges und Frühsttag
72c,5826,break,high,short_line+column,0.44,19,43,Ew Hochwohlgebohren,Kalisz
72c,5827,break,high,short_line+column,0.14,6,43,Kalisz,den 8ten Martz 12.
72c,5828,break,high,short_line,0.42,18,43,den 8ten Martz 12.,gehorsamster Diener
72c,5829,break,high,short_line+column,0.44,19,43,gehorsamster Diener,der Kreis Rath
72c,5830,break,high,short_line+column,0.33,14,43,der Kreis Rath,Thiel
72c,5831,break,high,rubric+short_line,0.12,5,43,Thiel,ad 12. Merz 1812.
72d,5835,break,high,short_line,0.67,27,40,Warschau den 5t Maerz 1812.,Lieber Bruder
72d,5836,run,review,short_line,0.32,13,40,Lieber Bruder,"Ich eile dich zu benachrichtigen, daß ich verschie¬"
72d,5845,break,high,short_line+column,0.17,7,40,Leb wol,dem Freund und Brude[r]
72d,5846,break,high,short_line+column,0.57,23,40,dem Freund und Brude[r],Brzechffa
72e,5851,break,high,short_line,0.54,15,28,Kochany Bracie!,"Pospieszam z doniesieniem, iż dla"
72e,5862,break,high,short_line,0.46,13,28,więcey pisać.,Będąc zdrów
72e,5863,break,high,short_line+column,0.39,11,28,Będąc zdrów,[k?]ony Bracie!
72e,5864,break,high,short_line,0.54,15,28,[k?]ony Bracie!,przyiaciela
72e,5865,break,high,rubric+short_line,0.39,11,28,przyiaciela,B. Brzechffa
72f,5869,break,high,short_line,0.48,26,54,Gnädigſter Fürſt und Herr!,Vor mehrere Wochen als ich im Begriff einer nach
72f,5887,break,high,rubric,1.0,54,54,für die Verpflegung der Truppen wo hier manchen Tag im,"30, 40, um mehr offiziere ohne ihre Leute von der Herrschaft"
72f,5950,run,review,short_line,0.67,29,43,und die Noth beseitigen werde,Die tiefste Verehrung ist es in der ich Respects voll
72f,5952,break,high,short_line+column,0.21,9,43,ersterben,Ewr Durchlaucht
72f,5953,run,review,short_line,0.35,15,43,Ewr Durchlaucht,Honrichs wird wohl dieser Tage arretirt werden Er
72f,5957,break,high,short_line+column,0.6,26,43,Verzeihen Euer durch nicht,mein Geschreibsel
72f,5958,break,high,short_line+column,0.4,17,43,mein Geschreibsel,habe an 4. Stunden
72f,5959,break,high,short_line+column,0.42,18,43,habe an 4. Stunden,rüber zu bringen müßen.
72f,5960,break,high,short_line,0.53,23,43,rüber zu bringen müßen.,Kopoyno
72f,5961,break,high,short_line+column,0.16,7,43,Kopoyno,22ten May 1812
72f,5962,break,high,short_line+column,0.33,14,43,22ten May 1812,unterthänigster Diener
72f,5963,break,high,short_line+column,0.51,22,43,unterthänigster Diener,v Triebenfeld
73,5967,break,high,short_line+column,0.03,2,66,73,Copia
73,5968,break,high,short_line+column,0.08,5,66,Copia,Hochwohlgeboren Herr
73,5969,break,high,short_line+column,0.3,20,66,Hochwohlgeboren Herr,Hochzuehrender Herr Königl: Forstrath!
73,5970,break,high,short_line,0.58,38,66,Hochzuehrender Herr Königl: Forstrath!,Der reitende Bode der Ewr Hochwohl diese Antwort auf dero Schreiben
73,6070,break,high,short_line+column,0.35,12,34,Hoch achtung,Ewr Hochwohlg.
73,6071,break,high,short_line,0.41,14,34,Ewr Hochwohlg.,Schlawenschitz d 27ten Januar
73,6073,run,review,short_line,0.12,4,34,1812,treu Ergebenster Freund und diener
73,6074,break,high,rubric,1.0,34,34,treu Ergebenster Freund und diener,F. L. Fürst zu Hohenlohe
74a,6078,break,high,short_line+column,0.02,2,116,74,Copia
74a,6079,break,high,short_line+column,0.04,5,116,Copia,Pro Fisco.
74a,6080,break,high,short_line,0.09,10,116,Pro Fisco.,Summum periculum in mora
74a,6081,run,review,short_line,0.21,24,116,Summum periculum in mora,Der Krieges und Forst Rath von Triebenfeld zu Kontop bey Grüneberg in 
74a,6122,break,high,rubric,0.85,99,116,"welchem hier, da Gefahr im Verzuge vorhanden ist, die Rede i","1. daß der Implorant oder Arrest sicher seine Forderung, und worin sie"
74a,6123,break,high,rubric,0.75,87,116,"1. daß der Implorant oder Arrest sicher seine Forderung, und",2. Deß Umstände woraus eine gegenwärtige Gefahr keine Verzüge sich ent
74a,6125,break,high,rubric+short_line,0.29,34,116,die Beweis mittel darüber anzeige.,3. daß er sofort eine anehmlich Caution sowohl zur Dekung des Richters
74a,6155,run,review,short_line,0.5,55,111,Ein Hochpreiße Kammer Gericht bitte ich ganz gehorsamst,"""diesen Arrest gesuche Hochgeneigst zu deferiren, und da die Gen[eral]"
74a,6158,run,review,short_line,0.68,75,111,Testaments der Wohlseeligen Frau Fürstin von Sacken sein sol,citisseme nicht nur die erforderliche Arrest Verfügung ergehen zu laße
74a,6161,break,high,short_line+column,0.69,77,111,habenden Capitals der 50000 rt. nebst Zinsen davon per Decre,"zu erklären."""
74a,6162,break,high,short_line+column,0.12,13,111,"zu erklären.""",Berlin d. 30ten July 1811
74a,6163,break,high,short_line+column,0.23,25,111,Berlin d. 30ten July 1811,Seelmann
74b,6167,break,high,short_line,0.28,17,60,P[ro]. M[emoria].,Es ist nöthig daß in Zagorowo im Ober Förster angestellt
74b,6173,run,review,short_line,0.5,30,60,sagt ein Ober Förster nöthig —,wollen Ewr Durchlaucht den armen Radszewski helfen so
74b,6179,break,high,short_line+column,0.22,13,60,der Güter mit,v Triebenfeld
74c,6189,run,review,short_line,0.44,22,50,"an ihn gewiesen habe,""","gegründet sein solte, den p von Triebenfeld von dieser Summa bey eigen"
74c,6191,break,high,short_line,0.18,9,50,zuzahlen.,Berlin d. 1 ten August 1811.
74c,6192,break,high,short_line,0.57,28,50,Berlin d. 1 ten August 1811.,Königl. Preuß. Kammergericht.
74c,6193,break,high,short_line,0.59,29,50,Königl. Preuß. Kammergericht.,An
74c,6194,run,review,short_line,0.04,2,50,An,des König Staats und Justiz Ministers
74c,6196,break,high,short_line,0.42,21,50,Herrn von Kircheisen.,in simili
74c,6197,break,high,short_line+column,0.18,9,50,in simili,An den
74c,6198,run,review,short_line,0.12,6,50,An den,Königl. Ober Medicinal Rath Herr Cosmar hieselbst.
74c,6201,break,high,short_line,0.22,11,50,auf Kontop.,No 1103.
74c,6202,break,high,short_line,0.16,8,50,No 1103.,Wir laßen Ihnen eine Vorladung des Königl. Cammer-Gerichts zu Berlin v
74c,6207,run,review,short_line,0.44,22,50,Glogau d 6ten Aug 1811,Königl. Preußl. Ober Landes Gericht von Schlesien
74d,6216,break,high,short_line,0.61,46,76,genden Vorstellung vom 30ten V. M. zu ersehen.,"Da wir nun dem gesuchten Arreste bey vorkommenden Umständen, wie die a"
74d,6230,break,high,short_line,0.57,43,76,"langen solte, gütliche Handlung zu pflegen.",Wenn der Herrn von Triebenfeld in dem bestimmten Termine nicht erschei
74d,6235,break,high,short_line,0.64,49,76,nach dem Antrage des Klägers erkannt werden wird.,Berlin den 1ten August 1811.
74d,6236,break,high,short_line,0.37,28,76,Berlin den 1ten August 1811.,Königl. Preuß. Cammergericht
74d,6237,break,high,short_line+column,0.37,28,76,Königl. Preuß. Cammergericht,Woldermann
74d,6238,break,high,short_line+column,0.13,10,76,Woldermann,An
74d,6239,break,high,short_line+column,0.03,2,76,An,den König Krieges und Forst Rath
74d,6240,break,high,short_line+column,0.42,32,76,den König Krieges und Forst Rath,Herrn von Triebenfeld
74d,6241,break,high,short_line+column,0.28,21,76,Herrn von Triebenfeld,zu Kontop bey Grüneberg
74d,6242,break,high,short_line+column,0.3,23,76,zu Kontop bey Grüneberg,in Schlesien
74d,6243,break,high,short_line+column,0.16,12,76,in Schlesien,Stoewersand
75,6247,run,review,short_line,0.06,2,35,75,Ewr Hochfürstliche Durchlaucht
75,6251,run,review,short_line,0.29,10,35,zu Füßen —,Es freut mich daß der Gr. ſich bey der
75,6274,run,review,short_line,0.7,30,43,"daß es dH. Gr v. Hoym behält.""",Er schreibt die Majestät hätten ihm zu seinen sonst sehr
75,6285,run,review,short_line,0.5,15,30,Minister wäre —,Chełmski hatt noch nicht apellirt und vieleicht
75,6288,run,review,short_line,0.7,21,30,mit verpachtet würden,Melzer ist wie der retournirte Expresse die Nach¬
75,6293,run,review,short_line,0.57,17,30,Berichte erfolgen,In tiefsten Respect beharre
75,6297,break,high,short_line,0.17,5,30,1798.,treu unterthänigster Knecht
76,6302,break,high,short_line+column,0.05,2,37,76,Durchlauchtigster Fürst
76,6303,break,high,short_line+column,0.62,23,37,Durchlauchtigster Fürst,Gnädigster Herr!
76,6304,break,high,short_line,0.43,16,37,Gnädigster Herr!,Der gewiße Güter Tausch ist jezt im Gange und vieleicht
76,6313,break,high,short_line,0.43,16,37,abſtatten werde.,In tiefster Ehrfurcht ersterbe
77,6321,break,high,short_line+column,0.04,2,50,77,Durchlauchtigſter Fürſt
77,6322,break,high,short_line+column,0.46,23,50,Durchlauchtigſter Fürſt,Gnädigster Herr!
77,6323,break,high,short_line,0.32,16,50,Gnädigster Herr!,"Daß alles nach Wunsch geht, werde Ewr Hochfürstliche Durchlaucht"
77,6347,run,review,short_line,0.15,7,46,könne —,"Ich hoffe zu Gott, daß die Sache jetzt so ganz nach"
77,6365,run,review,short_line,0.39,16,41,Streich ſpänle —,Der Minister welcher hier wahrlich in jeder Hinſicht
77,6368,run,review,short_line,0.44,18,41,aufs Herzlichste —,"Noch eine Sache finde ich nötig, schicken Ewr Durch"
77,6373,break,high,short_line+column,0.68,28,41,und dreiber ergebenster dier,— H.
77,6374,break,high,short_line,0.1,4,41,— H.,Ich werde solche nur etwan in allerdringendeste Falle
77,6381,break,high,short_line,0.71,29,41,ſchon die Sache gediehen iſt.,In tiefſter Hochachtung erſterbe
77,6383,break,high,rubric,0.73,30,41,Ewr Hochfürstliche Durchlaucht,H. v Buerensprung ist aber Land Forst
77,6389,break,high,short_line+column,0.61,25,41,Berlin d 6ten Octobr 1798,unterthänigſter treuer Knecht
77,6390,break,high,short_line+column,0.71,29,41,unterthänigſter treuer Knecht,v Triebenfeld
78,6394,break,high,short_line+column,0.04,2,51,78,"Durchlauchtigster Fürst,"
78,6395,break,high,short_line+column,0.47,24,51,"Durchlauchtigster Fürst,",Gnädigster Fürst und Herr!
78,6396,break,high,short_line,0.51,26,51,Gnädigster Fürst und Herr!,Euer hochfürstl. durchl. Gnädigem befehl habe ich genügt
78,6415,break,high,short_line,0.46,24,52,zugestellt werden solle.,"Es ist mir lieb gewesen, durch dH. Kr[ieges]. Rath"
78,6416,break,high,rubric,0.95,50,52,"Es ist mir lieb gewesen, durch dH. Kr[ieges]. Rath","v. Triebenfeld, den ich erst heute gesprochen, benachrichtiget"
78,6434,break,high,short_line,0.27,12,45,vorschlagen.,"""daß ich bey dem kaysl. hochlöbl. Südpreusische"
78,6442,break,high,short_line,0.42,19,45,"mächtigt sey."" — H.",die von Euer hochfürstl. durchl. mir Gnädigst versprochen
78,6453,break,high,short_line+column,0.5,9,18,Berlin[?],d 6. October
78,6454,break,high,short_line+column,0.67,12,18,d 6. October,1798
78,6455,run,review,short_line,0.22,4,18,1798,unterthänigst treu gehor¬
78,6457,break,high,short_line,0.44,8,18,samster.,Michaelis
79,6461,break,high,short_line+column,0.04,2,52,79,Durchlauchtigſter Fürſt
79,6462,break,high,short_line+column,0.44,23,52,Durchlauchtigſter Fürſt,Gnädigster Herr!
79,6463,break,high,short_line,0.31,16,52,Gnädigster Herr!,"Mitt der nur denklichsten Sehnsucht, sehe ich jezt den Bericht"
79,6468,run,review,short_line,0.33,17,52,Quaerstrich macht,Der Minister Gen[eral]. Schulemburg hatt sich sehr bereitwillig
79,6490,run,review,short_line,0.4,21,53,bald zu Stande käme —,Der Minister Struensee ist auch von der Sache Anfalt gehabt
79,6501,run,review,short_line,0.42,22,53,doch auch etwas thun —,die vertheilung dieser Summa weis ich jezt ohngefehr
79,6515,break,high,short_line+column,0.23,13,57,200 fr d'or —,Nun etwas von Politiſchen Dingen —
79,6516,run,review,short_line,0.6,34,57,Nun etwas von Politiſchen Dingen —,Der König sträubt sich gewaltig gegen den Krieg —
79,6517,break,high,rubric,0.86,49,57,Der König sträubt sich gewaltig gegen den Krieg —,H. v. Köckritz und v. Zastrow sind auch dagegen vorzüglich
79,6560,break,high,short_line+column,0.54,30,56,Ewr Hochfürstliche Durchlaucht,Berlin den 8ten Octobr.
79,6561,break,high,short_line,0.41,23,56,Berlin den 8ten Octobr.,1798.
79,6562,break,high,short_line,0.09,5,56,1798.,unterthänigster treuer Knecht
79,6563,break,high,rubric+short_line,0.52,29,56,unterthänigster treuer Knecht,v. Triebenfeld
80,6567,break,high,short_line+column,0.04,2,50,80,Durchlauchtigster Fürst
80,6568,break,high,short_line+column,0.46,23,50,Durchlauchtigster Fürst,Gnädigster Herr!
80,6569,break,high,short_line,0.32,16,50,Gnädigster Herr!,Vermuthlich werden Ewr Hochfürstliche Durchlaucht mein
80,6583,run,review,short_line,0.3,15,50,gute Vorsäzze —,Von des Herrn von Voss Excellenz ist noch nichts zurück
80,6587,break,high,short_line,0.14,7,50,handle.,In tiefſter Verehrung erſterbe
80,6588,break,high,short_line+column,0.61,30,50,In tiefſter Verehrung erſterbe,Ewr Hochfürstliche Durchlaucht
80,6589,break,high,short_line+column,0.61,30,50,Ewr Hochfürstliche Durchlaucht,Berlin d. 9ten Octob.
80,6590,break,high,short_line,0.42,21,50,Berlin d. 9ten Octob.,1798.
80,6591,break,high,short_line,0.1,5,50,1798.,treuester Knecht
80,6592,break,high,rubric+short_line,0.32,16,50,treuester Knecht,v. Triebenfeld
81,6596,break,high,short_line+column,0.04,2,53,81,Durchlauchtigster Fürst
81,6597,break,high,short_line+column,0.43,23,53,Durchlauchtigster Fürst,Gnädigster Fürst und Herr.
81,6598,break,high,short_line,0.49,26,53,Gnädigster Fürst und Herr.,"So sehr der Herr von Triebenfeld, und Eysenhardt auch"
81,6606,break,high,rubric,1.0,53,53,Sache noch in der Correspondenz zwischen dem Minister,"v. Voss, und dem Geh[eimen]. Finanz Rath Schulze stecken muß"
81,6618,run,review,short_line,0.51,12,24,Ich ersterbe,Fürs hochfürstl. durchl.
81,6620,break,high,short_line+column,0.26,6,24,Berlin,den 13. Octobr.
81,6621,break,high,short_line,0.64,15,24,den 13. Octobr.,1798
81,6622,run,review,short_line,0.17,4,24,1798,unterthänigst treu gehor¬
81,6624,break,high,short_line+column,0.3,7,24,samstes,Michaelis
82,6628,break,high,short_line+column,0.04,2,51,82,Durchlauchtigster Fürst
82,6629,break,high,short_line+column,0.45,23,51,Durchlauchtigster Fürst,Gnädigster Fürst u Herr
82,6630,run,review,short_line,0.45,23,51,Gnädigster Fürst u Herr,"der Herr Minister v. Voss noch zu Havelberg ist, so iſt das"
82,6655,break,high,short_line+column,0.42,14,33,Ew Durchlaucht,Berlin den 13 Octo
82,6656,break,high,short_line+column,0.55,18,33,Berlin den 13 Octo,1798
82,6657,break,high,short_line+column,0.12,4,33,1798,unterthäniger Diener
82,6658,break,high,rubric+short_line,0.61,20,33,unterthäniger Diener,C. F. G. Eysenhardt seni[or]
83,6662,break,high,short_line+column,0.04,2,52,83,Durchlauchtigster Fürst
83,6663,break,high,short_line+column,0.44,23,52,Durchlauchtigster Fürst,Gnädigster Herr!
83,6664,break,high,short_line,0.31,16,52,Gnädigster Herr!,das von Ewr Hochfürstliche Durchlaucht an mir gnädigst er¬
83,6667,break,high,short_line,0.63,33,52,den H. Michalis richtig erhalten.,In der Sache selbst kan ich mit dem freudigste Herzen
83,6681,break,high,short_line,0.31,16,52,überwinden sein.,"Mein einzigster Kummer ist nur, daß des Prinzen George"
83,6686,break,high,short_line,0.69,36,52,abgehen als ich der Sache gewis bei.,"Solte der Prinz in das Forte eher als ich eintreffen, so halt"
83,6705,break,high,short_line+column,0.08,4,52,Rath,In tiefster Ehrfurcht ersterbe
83,6706,break,high,short_line+column,0.58,30,52,In tiefster Ehrfurcht ersterbe,Ewr Hochfürstliche Durchlaucht
83,6707,break,high,short_line+column,0.58,30,52,Ewr Hochfürstliche Durchlaucht,Berlin den 15ten Octobr.
83,6708,break,high,short_line,0.46,24,52,Berlin den 15ten Octobr.,1798.
83,6709,break,high,short_line,0.1,5,52,1798.,treu untertänigster Knecht
83,6710,break,high,short_line+column,0.5,26,52,treu untertänigster Knecht,v Triebenfeld
83,6714,run,review,short_line,0.64,29,45,Das thut mich wahrlich leid —,Der Fürst Reppnin soll wie man sagt unter
83,6718,break,high,short_line,0.53,24,45,nicht etwann Masque ist?,Der gute Geh[eime]. Cabinets Rath Mencke soll wieder
83,6721,break,high,short_line,0.31,14,45,gebeßert hatt.,zwischen einige Männern heißt es soll zwietracht
83,6724,run,review,short_line,0.36,16,45,redliche Leute —,Die Fürſtin Sacken Durchlaucht befinden ſich wohl
83,6727,run,review,short_line,0.36,16,45,tadle ich sehr —,Die X Spinne war eben hier und sagt er wiße es
84,6735,break,high,short_line+column,0.05,2,43,84,Durchlauchtigster Fürst
84,6736,break,high,short_line+column,0.53,23,43,Durchlauchtigster Fürst,Gnädigster Herr
84,6737,run,review,short_line,0.35,15,43,Gnädigster Herr,Da des Königs Majest. des H. v. Voss Excelz die Krotoszyn
84,6761,break,high,short_line,0.41,20,49,wieder hier zu sein.,Von dem Obrist v Köckritz wird wohl eben ein Schreiben
84,6763,break,high,rubric,0.94,46,49,"eingegangen sei — alle meine es gut, und außer",H. v Voss ist jeder Bereit Ewr Durchlaucht Wünsche
84,6783,break,high,short_line+column,0.2,6,30,Berlin,den 20ten Octobr.
84,6784,break,high,short_line,0.56,17,30,den 20ten Octobr.,1798.
84,6785,break,high,short_line,0.16,5,30,1798.,treu untertängster Knecht
85,6790,break,high,short_line+column,0.04,2,52,85,Abschrifft
85,6791,break,high,short_line+column,0.19,10,52,Abschrifft,Hochgebohrner Fürst!
85,6792,break,high,short_line,0.38,20,52,Hochgebohrner Fürst!,Freundlich lieber Oheim!
85,6793,break,high,short_line,0.46,24,52,Freundlich lieber Oheim!,"Aus dem, über Ew. Liebden gefälliges Schreiben vom 29ten Febr."
85,6794,break,high,rubric,1.19,62,52,"Aus dem, über Ew. Liebden gefälliges Schreiben vom 29ten Feb",d. J. worinn Sie mir die Vertauschung Ihre Südßpreüstl. Gü¬
85,6835,break,high,short_line+column,0.4,17,42,mit ich verbleibe,Ewr Liebden
85,6836,break,high,short_line+column,0.26,11,42,Ewr Liebden,Berlin
85,6837,break,high,short_line+column,0.14,6,42,Berlin,1798.
85,6838,break,high,short_line,0.12,5,42,1798.,die 4te Decbr.
85,6839,break,high,short_line,0.33,14,42,die 4te Decbr.,gutwilliger Grün
85,6840,break,high,short_line+column,0.38,16,42,gutwilliger Grün,Friedrich Wilhelm.
85,6841,break,high,short_line,0.43,18,42,Friedrich Wilhelm.,A Mon Cousin le Prince
85,6842,break,high,short_line+column,0.52,22,42,A Mon Cousin le Prince,de Hohenlohe Ingelfingen
85,6843,break,high,short_line+column,0.57,24,42,de Hohenlohe Ingelfingen,à Breslau
86,6847,break,high,short_line+column,0.03,2,70,86,Allerdurchlauchtigster
86,6848,break,high,short_line+column,0.31,22,70,Allerdurchlauchtigster,p. p.
86,6849,break,high,short_line,0.07,5,70,p. p.,Euer Majestät hätte ich für die in allerhöchstdero Schreiben vom 4ten 
86,6858,break,high,rubric,0.81,57,70,jenen Bericht folgende Bemerkungen mir zu machen erlaube.,"I. ſtl:[?] muß ich unterthänigſt anführen, daß als mir von verſchiedne"
86,6868,break,high,rubric,0.88,62,70,Schreiben und aus der Ordre Euer Majestät zu erhellen schein,II. Wann Euer Maj: auf meine unterthänigste bitte gedachten Minister v
86,6882,break,high,short_line,0.59,41,70,auf circa 28/m rt. heruntergesetzt wurde.,Auffallend bleibt es mir daher wie er jetzt von einem Ertrage von 4904
86,6885,break,high,short_line,0.52,36,70,Staat von 17400 rt. nachweisen will.,"In der Wahrheit begründet ist es, daß Krotoszyn dermalen 30100 rt"
86,6899,break,high,short_line,0.59,41,70,halt viel erheblicher als bey jenen sind.,"Wären indeß die Data die vom Wehrt von Krotoszyn angebracht sind,"
86,6910,run,review,short_line,0.22,14,64,"zu berichten.""","Ich würde dem Etats Minister Grafen von Hoym, der die Verhältnüße"
86,6927,break,high,short_line,0.64,41,64,sie nur den Etatsmäsigen Ertrag gewähren.,Ich ersterbe
86,6928,break,high,short_line+column,0.19,12,64,Ich ersterbe,E[wr]. M[ajestät].
86,6929,break,high,short_line,0.28,18,64,E[wr]. M[ajestät].,Breslau den 7ten Decbr: 1798.
87,6933,break,high,short_line+column,0.03,2,74,87,An den Herrn Obrist von Köckritz
87,6934,break,high,short_line+column,0.43,32,74,An den Herrn Obrist von Köckritz,Hochw. Herr p.
87,6935,break,high,short_line,0.19,14,74,Hochw. Herr p.,Der gewisse Gütertausch hat für mich ein mehr als unangenehme Wendung 
87,6961,run,review,short_line,0.18,13,74,nur schrieben,"""Daß dieser Tausch zum Nachtheile des Staats sey, indem die Krotoszyne"
87,6963,run,review,short_line,0.64,47,74,"Güter 17400 rt. mehr, als die Meinigen trügen.""","Bey dieser Sache erscheine ich nun in einem Lichte, als hätte ich auch"
87,6971,break,high,short_line,0.25,17,68,gesetzt zu haben.,Ich hatte von Kammern und aller Welt die Versicherung daß Krotoszyn ni
87,6977,break,high,short_line,0.15,10,68,ren solle.,"Der Minister Graf von Hoym versicherte noch, daß dies ein edler Vorsch"
87,6991,break,high,short_line,0.09,6,68,gemäß.,"Mehr als auffallend ist es mir nun, daß der Minister von Voss dem Köni"
87,6998,break,high,short_line,0.1,6,63,ciren.,"Erweislich ist es, daß Krotoszyn nicht mehr als 30100 rtl. trägt und"
87,7019,break,high,short_line,0.08,5,63,wird.,Euer H. bitte ich auf das dringendste dem guten Monarchen mein Ge¬
87,7024,break,high,short_line,0.29,18,62,von die Chor habe.,Breslau den 7ten Dezbr 1798.
88,7028,break,high,short_line+column,0.03,2,66,88,Copia
88,7029,break,high,short_line+column,0.08,5,66,Copia,An den Herrn Minister v. Voss
88,7030,break,high,short_line+column,0.44,29,66,An den Herrn Minister v. Voss,Hochwohlgebohrner
88,7031,run,review,short_line,0.26,17,66,Hochwohlgebohrner,Aus Eure Excellenz gefälligen Schreiben vom 1ten dieses habe ich die G
88,7037,break,high,short_line,0.53,35,66,der gewünschten Art beyzupflichten.,"Wäre ich nicht überzeugt, daß jene Gründe, lediglich auf die Euer Exce"
88,7049,run,review,short_line,0.09,6,66,kommen,"Bey den vielfältigen Versicherungen, welche des Königs Majestät mir vo"
88,7070,break,high,short_line+column,0.06,4,63,Euer,Breslau den 8ten Dezbr. 1798
89,7074,break,high,short_line+column,0.04,2,56,89,Durchlauchtigster Fürst
89,7075,break,high,short_line+column,0.41,23,56,Durchlauchtigster Fürst,Gnädigster Herr!
89,7076,break,high,short_line,0.29,16,56,Gnädigster Herr!,Das Tausch Geschäft soll wie ich mich fest überzeugt halte
89,7107,break,high,short_line,0.24,12,51,stellen kan.,"Überhaupt ist mein Plan, daß der König absolut einen Commis¬"
89,7120,break,high,short_line,0.3,16,53,ursachen könten.,Glenck hatt einen 9 Jährigen Pacht Contract und zahlt
89,7128,run,review,short_line,0.53,28,53,tion von 10/m rthl gemacht —,hier nächst haben ihm Ewr Durchlaucht die erstern Summen
89,7140,break,high,rubric,0.75,38,51,sie sich vor Angst an die Nägel naagen,2. In Ansehung der Krotoszyner Güter
89,7146,run,review,short_line,0.69,35,51,man daß es 49000 rt gebracht hätt —,"darauf wird geantwortet, wodurch dies zu erweisen"
89,7158,break,high,short_line,0.66,33,50,man doch auch den T fragen mögte.,"T. erscheint und frägt wirt Ironie, was man wünsche"
89,7186,break,high,short_line,0.71,37,52,aus die Güter wieder einziehen laßen.,Übrigens aber müße er der T. wan man ihm auf
89,7193,break,high,short_line,0.52,27,52,mit großen Summen in reste.,Die indes von ihm angestellte Unterpächter könten sich auch
89,7224,break,high,short_line,0.5,29,58,ein ordentliches Benehmen an.,"Wege, das Geld Negoce schreibt die Fürstin durchl. heute an den"
89,7235,run,review,short_line,0.71,41,58,Kurze der Zeit nicht mehr Rath schaffen —,Verkaufe ich morgen meine Schwinersche Eichen so gebe ich
89,7240,break,high,short_line+column,0.1,6,58,dorten,In tiefsten Respect ersterbe
89,7241,break,high,short_line+column,0.48,28,58,In tiefsten Respect ersterbe,Ewr Hochfürstliche Durchlaucht
89,7242,break,high,short_line+column,0.52,30,58,Ewr Hochfürstliche Durchlaucht,Berlin[?] d. 12ten Xbr 1798.
89,7243,break,high,short_line,0.48,28,58,Berlin[?] d. 12ten Xbr 1798.,treu unterthäniger Diener
89,7244,break,high,short_line+column,0.43,25,58,treu unterthäniger Diener,v Triebenfeld
90,7248,break,high,short_line+column,0.04,2,47,90,Durchlauchtigster Fürst
90,7249,break,high,short_line+column,0.49,23,47,Durchlauchtigster Fürst,Gnädigster Herr!
90,7250,break,high,short_line,0.34,16,47,Gnädigster Herr!,Jezt gilt die Sache — nun ist der Kampf groß — ich hoffe zu
90,7257,run,review,short_line,0.55,26,47,würde. Es kan wohl so sein,Allen wie gesagt Gott wird helfen — Es ist wahrlich
90,7259,break,high,short_line,0.62,29,47,ſchräcklich wie es hier geht.,Der Monarch ist gut — nur die Mini — o Gott das
90,7267,run,review,short_line,0.64,30,47,Ewr Hochfürstliche Durchlaucht,"Ich gebe alles wegen es erfordert sei, und habe ich nichts mehr"
90,7271,break,high,short_line,0.53,25,47,Berlin d. 14ten Xbr 1798.,treu unterthänigsten Knecht
90,7272,break,high,short_line+column,0.57,27,47,treu unterthänigsten Knecht,v Triebenfeld
91,7276,break,high,short_line+column,0.05,2,38,91,Durchläuchtigſter Fürſt.
91,7277,break,high,salutation+short_line,0.63,24,38,Durchläuchtigſter Fürſt.,Gnädigster Herr.
91,7278,break,high,short_line,0.42,16,38,Gnädigster Herr.,Er Hochfürstlichen Durchlaucht danke ich
91,7301,break,high,short_line+column,0.23,6,26,Berlin,den 17ten Xbr.
91,7302,break,high,short_line,0.53,14,26,den 17ten Xbr.,1798.
91,7303,break,high,short_line,0.19,5,26,1798.,unterthänigster Diener
92,7308,break,high,short_line+column,0.06,2,34,92,"Durchlauchtigſter Fürſt,"
92,7309,run,review,short_line,0.7,24,34,"Durchlauchtigſter Fürſt,","Gnädigſter Fürſt und Herr,"
92,7323,break,high,short_line+column,0.17,6,34,Berlin,die 18ten Decbr.
92,7324,break,high,short_line,0.46,16,34,die 18ten Decbr.,1798.
92,7325,break,high,short_line,0.14,5,34,1798.,unterthänigst treu gehor
92,7326,break,high,short_line+column,0.7,24,34,unterthänigst treu gehor,samſtes
92,7327,break,high,short_line+column,0.2,7,34,samſtes,Michaelis
93,7331,break,high,short_line+column,0.04,2,50,93,Durchlauchtigſter Fürſt
93,7332,break,high,short_line+column,0.46,23,50,Durchlauchtigſter Fürſt,Gnädigster Herr!
93,7333,break,high,short_line,0.32,16,50,Gnädigster Herr!,"Ewr HochFürstliche Durchlaucht übermache ich anliegend, daß"
93,7340,break,high,short_line,0.24,12,50,werden wird.,Der Wahrhaft redliche Obrist von K[öckritz]. welcher sich Ewr
93,7343,break,high,rubric,0.73,37,50,wünschenswerthesten Ausgang der Sache,H. C[abinets]. R[ath] Beyme ist zwar gewaltig præoccupirt indes
93,7346,break,high,short_line,0.59,30,50,Seiten deßen nichts befürchte.,Der ehrliche Krieges Rath v Cöln hatt die Sache
93,7370,break,high,short_line,0.24,12,49,endigt wird.,Der H. Minister ist abgereiset er hatt eine Dose
93,7374,break,high,short_line,0.56,26,46,ſchönes Schreiben gelegen.,Übrigens sind weder Ewr Durchlaucht noch ich ihm
93,7390,break,high,short_line+column,0.19,9,46,erklärt —,In tiefſter Hochachtung erſterbe
93,7391,break,high,short_line+column,0.69,32,46,In tiefſter Hochachtung erſterbe,Ewr Hochfürstliche Durchlaucht
93,7392,break,high,short_line+column,0.65,30,46,Ewr Hochfürstliche Durchlaucht,Berlin d 18t Xbr 1798.
93,7393,break,high,short_line,0.47,22,46,Berlin d 18t Xbr 1798.,Treu unterthänigster Dein
93,7394,break,high,short_line+column,0.54,25,46,Treu unterthänigster Dein,v Triebenfeld
94,7398,break,high,short_line+column,0.04,2,56,94,Durchlauchtigster Fürst
94,7399,break,high,short_line+column,0.41,23,56,Durchlauchtigster Fürst,Gnädigster Fürst und Herr!
94,7400,break,high,short_line,0.46,26,56,Gnädigster Fürst und Herr!,Aus dem mit heutiger Post abgehenden Schreiben Sr. Ma¬
94,7411,break,high,short_line,0.23,13,56,nachgekommen.,"Für das huldreiche Vertrauen, welches Ew. Hochfürſtliche"
94,7426,run,review,short_line,0.59,24,41,mit welcher ich ersterbe,Ew. Hochfürstliche Durchlaucht
94,7428,break,high,short_line+column,0.15,6,41,Berlin,den 18ten Decembre
94,7429,break,high,short_line+column,0.44,18,41,den 18ten Decembre,1798.
94,7430,break,high,short_line,0.12,5,41,1798.,ganz unterthänigſter treu
94,7431,break,high,short_line+column,0.61,25,41,ganz unterthänigſter treu,gehorſamſter
94,7432,break,high,short_line+column,0.29,12,41,gehorſamſter,Zastrow
95,7436,break,high,short_line+column,0.04,2,48,95,Durchlauchtigster Fürst
95,7437,break,high,short_line+column,0.48,23,48,Durchlauchtigster Fürst,Gnädigster Herr!
95,7438,break,high,short_line,0.33,16,48,Gnädigster Herr!,Der würdige Obrist v. Köckritz hatt mir aufgetragen
95,7463,run,review,short_line,0.7,33,47,schaden der wahrhaft gute Monarch,ist unpaß daher ist jezt kein Vortrag sonsten
95,7477,run,review,short_line,0.16,6,37,soll —,Man glaubt an einen Frieden mit dem Kayser
95,7485,break,high,short_line+column,0.68,25,37,Berlin den 29ten Xbr 1798,treu untertänigster Diener
95,7486,break,high,short_line+column,0.7,26,37,treu untertänigster Diener,v Triebenfeld
96,7490,break,high,short_line+column,0.04,2,54,96,Durchlauchtigſter Fürſt
96,7491,break,high,short_line+column,0.42,23,54,Durchlauchtigſter Fürſt,Gnädigster Herr!
96,7492,break,high,short_line,0.29,16,54,Gnädigster Herr!,Der wahrhaft verehrungswürdige Obrist v Köckritz hatt
96,7502,break,high,short_line,0.57,31,54,weswegen jezt kein Vortrag sey.,Daß ich Ewr Hochfürstliche Durchlaucht diese Nachricht mit den mir
96,7515,break,high,short_line,0.6,38,63,"stets zu verdienen, bemüht sein werde.",Wegen der Reise nach Öhringen habe ich heute früh mit den
96,7519,break,high,short_line,0.54,34,63,und den Urlaub nach suchen mögten.,"Mein Rath ist also der daß Höchstdieselben, so gleich nach Eingang"
96,7526,break,high,short_line,0.59,37,63,sondern über Berlin Ihre Tour nehmen.,Ich rechne nun daß mein Schreiben den Freytag früh in Ew Durchlaucht
96,7551,break,high,short_line,0.68,40,59,Sachen in Cab[inet]: selbst lesen laßen.,"behalten und es Ewr Durchlaucht alles Gehirn, und glauben jeden aus"
96,7553,break,high,short_line,0.69,41,59,Politique was er zu lügen vor gut findet.,In tiefsten Respect ersterbe.
96,7554,break,high,short_line,0.49,29,59,In tiefsten Respect ersterbe.,Ewr Hochfürstliche Durchlaucht
96,7555,break,high,short_line+column,0.51,30,59,Ewr Hochfürstliche Durchlaucht,Soll etwa das Urlaubs Gesuch
96,7556,break,high,short_line+column,0.47,28,59,Soll etwa das Urlaubs Gesuch,von G geschrieben worden damit es
96,7557,break,high,short_line+column,0.56,33,59,von G geschrieben worden damit es,mir Hand bleibt?
96,7558,break,high,short_line,0.27,16,59,mir Hand bleibt?,Berlin d 1ten Januar 1799
96,7559,break,high,short_line+column,0.42,25,59,Berlin d 1ten Januar 1799,untertänigster treuer Diener
96,7560,break,high,short_line+column,0.47,28,59,untertänigster treuer Diener,v Triebenfeld
97,7564,break,high,short_line+column,0.04,2,52,97,Durchlauchtigſter Fürſt
97,7565,break,high,short_line+column,0.44,23,52,Durchlauchtigſter Fürſt,Gnädigster Herr!
97,7566,break,high,short_line,0.31,16,52,Gnädigster Herr!,Des Königs Majestät wünschen daß Ewr Hochfürstliche Durchlaucht
97,7573,break,high,short_line,0.54,28,52,ein paar Tage hier zu sehen.,wegen Höchst dero Aufenthalt im Reich habe ich daher
97,7579,break,high,short_line,0.27,14,52,abwesend sind.,"Der König iſt nun ſo ziemlich wieder hergeſtellt, und ich"
97,7605,break,high,short_line+column,0.54,31,57,In tiefster Submission ersterbe,Ewr Hochfürstliche Durchlaucht
97,7606,break,high,short_line+column,0.53,30,57,Ewr Hochfürstliche Durchlaucht,Berlin den [?]ten Januar
97,7607,break,high,short_line+column,0.42,24,57,Berlin den [?]ten Januar,1799.
97,7608,break,high,short_line,0.09,5,57,1799.,unterthänigster treuer Knecht
97,7609,break,high,short_line+column,0.51,29,57,unterthänigster treuer Knecht,v Triebenfeld
98,7613,break,high,short_line+column,0.04,2,52,98,Durchlauchtigster Fürst
98,7614,break,high,short_line+column,0.45,23,52,Durchlauchtigster Fürst,Gnädigster Herr!
98,7615,break,high,short_line,0.31,16,52,Gnädigster Herr!,So quaal voll mich der hiesige Aufenthalt nach Gerade auch
98,7618,run,review,short_line,0.45,23,52,Sache aufs Reine ſehn —,Glenck aber ſchicke ich eiligſt ab damit Ewer Hochfürſtliche
98,7621,break,high,short_line,0.47,24,52,Befehle erteilen können.,"Wie hart hier der Kampf gewesen, wird Ewr Durchlaucht"
98,7624,break,high,short_line,0.66,34,52,desto Wannvoller und [C?]abewesen.,daß es der König Köckritz und Zastrow mit Ewr Durchlaucht
98,7650,break,high,short_line,0.29,15,52,hier haben kan.,die Schwangerschaft der Armez verwerten Princess gab erst
98,7655,break,high,short_line,0.4,21,52,auch nichts zu ſagen.,Über des Minister Hoyms Benehmen mündlich ein mehreres
98,7660,run,review,short_line,0.62,32,52,eben dH. v. Voss immerhin beruft,Aus eben dem Grunde sah ich es gerne daß Ewr Durchlaucht
98,7664,run,review,short_line,0.27,14,52,foltern wird —,der Fürstin Sacken durchl. sagen Ewr Durchlaucht
98,7669,run,review,short_line,0.66,31,47,sie sich dorten nichts merken —,wegen den Secularisations Geschäft erwehnen Ewr
98,7681,break,high,short_line,0.7,33,47,man Ihnen desto mehr Complimente.,Haugwitz spielt jezt eine große Rolle Schulemburg
98,7684,break,high,short_line+column,0.62,29,47,In tiefer Submission ersterbe,Ewr Hochfürstliche Durchlaucht
98,7685,break,high,short_line+column,0.64,30,47,Ewr Hochfürstliche Durchlaucht,Berlin den 9ten Januar
98,7686,break,high,short_line+column,0.47,22,47,Berlin den 9ten Januar,1799.
98,7687,break,high,short_line,0.11,5,47,1799.,untertängster treuer Knecht
98,7688,break,high,rubric+short_line,0.57,27,47,untertängster treuer Knecht,v. Triebenfeld.
99,7692,break,high,short_line+column,0.04,2,56,99,Durchlauchtigſter Fürſt
99,7693,break,high,short_line+column,0.41,23,56,Durchlauchtigſter Fürſt,Gnädigster Fürst und Herr!
99,7694,break,high,short_line,0.46,26,56,Gnädigster Fürst und Herr!,Meine heißesten Wünsche sind noch immer nur diese daß Ewr.
99,7714,run,review,short_line,0.08,4,52,wird,Bey meiner Abreise von Berlin schien alles voller
99,7719,run,review,short_line,0.29,15,52,los zu schlagen,"Der Cab[inets]. R[ath]. Mencke wolte Brand: nicht erlaubt, auf"
99,7723,run,review,short_line,0.6,31,52,Veränderungen vorgehen dürfte —,"Auch hieß es ganz gewis, daß noch ein oder zwey"
99,7752,break,high,short_line,0.68,28,41,Breslau den 1ten Febr. 1799.,treu unterthänigster Knecht
99,7753,break,high,rubric+short_line,0.66,27,41,treu unterthänigster Knecht,v. Triebenfeld
100,7757,break,high,short_line+column,0.09,3,32,100,"Copia,"
100,7758,run,review,short_line,0.19,6,32,"Copia,",Durchlauchtigster Fürst!
100,7769,run,review,short_line,0.66,21,32,tiefsten Ehrerbietung,Euer Hochfürstlichen Durchlaucht
100,7771,break,high,short_line+column,0.19,6,32,Berlin,den 25ten Januar 1799.
100,7772,break,high,short_line,0.69,22,32,den 25ten Januar 1799.,untertänigster diener
100,7773,break,high,short_line+column,0.66,21,32,untertänigster diener,Beyme
101,7777,break,high,short_line+column,0.04,3,76,101,Copia
101,7778,break,high,short_line+column,0.07,5,76,Copia,Allerdurchlauchtigster
101,7779,run,review,short_line,0.29,22,76,Allerdurchlauchtigster,Des Fürsten von Hohenlohe anderweite allerunterthänigste
101,7784,run,review,short_line,0.14,11,76,"erfahr ich,","daß derselbe, den von mir Euer Majestät unterm xxxxx te xxxxx allerunt"
101,7787,break,high,rubric,1.02,78,76,Interesse nicht angemeſſen gefunden hat. Die hierüber angefü,I) daß bey diesem Amte nicht nach wahren wirthschaftlichen Principien 
101,7788,break,high,rubric,1.22,93,76,I) daß bey diesem Amte nicht nach wahren wirthschaftlichen P,"a) dem Pächter ungewöhnliche und ungebührliche große Vortheile, durch "
101,7790,break,high,rubric,0.98,75,76,"servations Casse, deren jährlicher Fond 9540 rt. betragen zu","b) daß ein ganzes Vorwerk, welches 1500 rt. Pacht abgebe, nicht zum An"
101,7792,break,high,rubric+short_line,0.37,28,76,men und ganz übergangen sey.,"c) daß die sehr einträgliche Mast in den Waldungen, dem Kriegesrath Tr"
101,7795,break,high,rubric,0.99,76,76,kleine Summe von 3327 rt. an Super Inventarien Geldern überl,"II) daß durch eine veränderte Einrichtung in den Forsten, die bißher g"
101,7800,break,high,rubric+short_line,0.25,19,76,erhöht werden müße.,"III) daß diese Aemter als Domainen, mir eben so wenig Sicherheit gewäh"
101,7802,break,high,short_line,0.54,41,76,bereits von Sr Majestät erhaltenen Güter.,"Obige Gründe zu wiederlegen, würde zwar der Graf von Hoym ehender im S"
101,7816,break,high,short_line+column,0.45,25,55,"tet hat, daß der Fond von",9543 rt.:
101,7817,break,high,short_line,0.16,9,55,9543 rt.:,"der Reservations Casse der Pacht quanto zuwachsen könne, und nicht unt"
101,7823,break,high,short_line,0.16,9,55,30100 rt:,Wenn ich nun letztere Summe als Basis des Tausches angenommen;
101,7826,break,high,short_line,0.22,12,55,nommen habe.,Diese Ausgaben bestehen in
101,7827,break,high,short_line+column,0.47,26,55,Diese Ausgaben bestehen in,24 pCent Landes Contribution = 2722 rt.
101,7828,break,high,short_line,0.71,39,55,24 pCent Landes Contribution = 2722 rt.,Gehalter für die Amts Justiz Officianten. = 1234 rt.
101,7831,break,high,short_line,0.18,10,55,= 5956 rt.,Es bleiben also noch übrig = 3587 rt.
101,7832,break,high,short_line,0.67,37,55,Es bleiben also noch übrig = 3587 rt.,"Dieses übrig bleibende Quantum reicht lange noch nicht hin, die Bauten"
101,7836,break,high,short_line,0.44,24,55,Forst und Mast gewähren.,"ad b.) Wird eben so unrichtig behaubtet, daß bißher ein ganzes Vorwerk"
101,7849,break,high,short_line,0.36,24,67,gar nicht gesehen haben.,"Es ist notorisch, daß solche von dem Exminister von Goerne bereits dev"
101,7856,break,high,short_line,0.09,6,67,waren.,"Wenn daher der Geheime Etats Minister von Voss behauptet, Krotoszyn"
101,7863,break,high,rubric+short_line,0.72,48,67,zu ein groſes Aufwands Capital erforderlich iſt.,"ad 3, Verrath der Kan. Voss ganz und gar keine Sachkenntniß; indem die"
101,7867,break,high,short_line,0.15,10,67,bezweifle.,"Diese Güter sind ursprünglich Adelicher Qualitaet, wurden von Minister"
101,7872,break,high,short_line,0.32,20,63,Thaler schuldig war.,"Wie Süd Preussen occupirt wurde, wollte die Seehandlungs Societaet"
101,7877,break,high,short_line,0.6,38,63,quantum von 50/m rt. abgetragen würde.,"Damals vor dem HC. von Voss durch dieser Plan ganz zuwieder, weßhalb i"
101,7880,break,high,short_line,0.56,35,63,"rede noch heute so ist, wie damals.",Nachdem der HC. von Voss das Departement verlohren hatte; wurde
101,7888,break,high,short_line,0.49,31,63,als die 24 pct. Abgaben tragen.,Nachdem ich die Behauptungen des H. von Voss hinreichend wiederlegt
101,7890,break,high,rubric,1.0,63,63,"habe, kan ich nicht umhin, noch folgendes hinzuzufügen, was ",H. von Voss wahrscheinlich absichtlich verschwiegen haben
101,7891,break,high,rubric,0.9,57,63,H. von Voss wahrscheinlich absichtlich verschwiegen haben,"1, hat Krotoszyn des Propinations Recht in der Stadt Krotos¬"
101,7894,break,high,rubric+short_line,0.33,21,63,mäßig verringert wird,"2, Ist über den wichtigsten Theil der Forst im Gränzstreit mit"
101,7896,break,high,rubric+short_line,0.3,19,63,dem Dominio Kozmin.,"3. Haben die Juden durch Urtel und Recht es dahin gebracht, daß"
101,7899,break,high,rubric,0.81,48,59,sie auf geringere Abgaben herunter gesetzt sind.,"4, Ist Polajewo um 6000 rt. hoher als es veranschlaget, verpachtet"
101,7903,break,high,rubric,0.98,58,59,"Ich beweisen will, bereits 20,000 rt. dabey zugesetzt hat,","5, ist Polajewo so total ruinirt, daß die Retablissements Kosten auf"
101,7904,break,high,rubric,1.15,68,59,"5, ist Polajewo so total ruinirt, daß die Retablissements Ko","300,000 rt:"
101,7907,break,high,rubric+short_line,0.44,26,59,"Bauholz entblöset ist, und","6, Verpfände ich meine Ehre, daß Polajewo auf einen Netto Ertrag"
101,7910,break,high,short_line,0.71,42,59,ment aus den Revenuen bewürkt werden soll.,"Ich berufe mich auf das Gutachten der Poßner Kammer, daß dies die"
101,7912,run,review,short_line,0.42,25,59,"wahre Lage der Sache ist,",Jetzt wollen Euer Königl. Majestät allergnädigst meinen anderweiten
101,7914,break,high,rubric,0.85,50,59,Vorschlag sich alleruntertänigst vortragen lassen.,"1, renuncire ich auf den Besitz von Polajewo. Weil das Rath"
101,7921,break,high,rubric+short_line,0.51,30,59,Polajewo mit übernehmen würde.,"2, ich übernehme, wie es sich von selbst verstehet alle auf Krotoszyn"
101,7924,break,high,rubric,0.85,50,59,her aus der Reservations Casse bezalt worden sind.,"3, Mußen meine Güter veranschlagt, oder meine Pacht Contracte"
101,7935,break,high,short_line,0.12,7,60,werden.,"Die Vortheile, welche ich dadurch gewinne sind:"
101,7936,break,high,rubric,0.78,47,60,"Die Vortheile, welche ich dadurch gewinne sind:","1, die bereits in meiner Vorstellung vom — angeführte"
101,7937,break,high,rubric,0.88,53,60,"1, die bereits in meiner Vorstellung vom — angeführte","2, daß ich ein Arondissement meiner Güter erhalte, die bißher"
101,7939,break,high,rubric+short_line,0.53,32,60,im SüdPreussen zerstreuet liegen,"3, daß Krotoszyn nur 8 Meilen von Breslau entfernt liegt,"
101,7942,break,high,rubric,0.96,58,60,"Die Vortheile, welche Euer Königl. Majestät gewinnen sind:","1, kan Euer Königl. Majestät es gleichgültig seyn, ob meine Güter zer¬"
101,7944,break,high,rubric,1.02,62,60,"streuet liegen, da sie doch einer mit andern Domainen gränze","2, Enthält Betsche Bauholz, Brennholz und Wiesewachs; diß fehlt"
101,7946,break,high,rubric+short_line,0.56,34,60,"der Intendantur Buck und Meseritz,","3, Wird Polajewo mit 8000 rt. soulagirt."
101,7947,break,high,rubric,0.66,40,60,"3, Wird Polajewo mit 8000 rt. soulagirt.","4, Wird des Amortissements Quantum verringert."
101,7952,break,high,short_line,0.6,36,60,so muß ich alleruntertänigst bitten:,Euer Königl. Majestät wollen der Posenschen Kammer
101,7962,break,high,short_line+column,0.35,18,51,tiefſter Treue als,Euer Königl. Majestät.
102,7966,break,high,short_line+column,0.06,3,48,102,Durchlauchtigſter Fürſt
102,7967,break,high,short_line+column,0.48,23,48,Durchlauchtigſter Fürſt,Gnädigster Herr!
102,7968,break,high,short_line,0.34,16,48,Gnädigster Herr!,"Nach mehreren Nachrichten, soll den Minister v Voss Excell."
102,7972,break,high,rubric,0.97,46,48,Sache nach Wunsch beendiget wird. Wann nur der,"H. p. Prittwitz sich dann die Mühe nehmen, und selbst"
102,7977,break,high,short_line,0.69,33,48,Die Sache wird bald beendigt sey.,Mitt Broniewski kan ich jede Stunde abschließen
102,8017,run,review,short_line,0.24,13,54,zu bereiten —,Das Schreiben an H. v Prittwitz wird Wildeganst heute
102,8029,run,review,short_line,0.23,10,44,man glaubt,"Mitt den Rußen sieht es böse aus, den da schmarcht"
102,8035,break,high,short_line,0.3,13,44,ganz ähnlich.,Gott erhalte Euer Durchlaucht nur gesund
102,8037,break,high,short_line+column,0.71,31,44,In tiefster Submission ersterbe,Ewr Hochfürstliche Durchlaucht
102,8038,break,high,short_line+column,0.69,30,44,Ewr Hochfürstliche Durchlaucht,Breslau d 6ten Marz 1799.
102,8039,break,high,short_line,0.57,25,44,Breslau d 6ten Marz 1799.,treu unterthänigster Knecht
102,8040,break,high,short_line+column,0.62,27,44,treu unterthänigster Knecht,v Triebenfeld
103,8044,break,high,short_line+column,0.05,3,59,103,Durchlauchtigſter Fürſt
103,8045,break,high,short_line+column,0.39,23,59,Durchlauchtigſter Fürſt,Gnädigster Fürst und Herr!
103,8046,break,high,short_line,0.44,26,59,Gnädigster Fürst und Herr!,"In der Broniewskischen Sache habe ich weiter noch nichts gethan, weil"
103,8061,break,high,short_line,0.58,34,59,werde ich den zu beruhigen suchen.,Der Chełmskische Proceß ist in zweiter Instanz gewonnen — es
103,8073,run,review,short_line,0.28,15,54,Bosheit steht —,Überhaupt ſizze ich jezt über eine Beſchreibung derer Ewer
103,8080,break,high,short_line,0.07,4,54,laß.,"Aus einen Brüllt der Neid, und aus dem andern plumpen"
103,8091,break,high,short_line,0.62,33,53,von p Beukert ausgemittelt wurde.,"Um die nun vorhergehabte Böse Absicht zu bemänteln, und die"
103,8095,break,high,short_line,0.45,24,53,Revenuen bringen solten.,die Prusimskischen Güter ſind nun als erkauft anzuſehen
103,8102,break,high,rubric,1.11,59,53,Inzwischen falt der Ertrag hernach davon follgender Art aus,1. von Kaemen und Kulm = 6000 rt.
103,8103,break,high,rubric,0.62,33,53,1. von Kaemen und Kulm = 6000 rt.,2. von Trąbczyn = 8400 rt.
103,8104,break,high,rubric,0.49,26,53,2. von Trąbczyn = 8400 rt.,3. von Szetlewek = 1600 rt.
103,8105,break,high,rubric,0.51,27,53,3. von Szetlewek = 1600 rt.,4. von Brzyze = 4000 rt.
103,8107,break,high,short_line,0.36,19,53,ist Summa 20000 rt.,"Die nun würcklich geschenckten Güter, bey welchen wie der"
103,8114,break,high,short_line,0.36,19,53,überhaupt 42640 rt.,NB zu die 8640 rt kommen noch circa 1400 rt Bau Gelder
103,8135,break,high,short_line,0.68,40,59,verweilen das Ganze aber nie beharrigen.,Glenck soll indes Prittwitzen unter seinen Nahmen diese dar¬
103,8144,break,high,short_line+column,0.51,30,59,Ewr Hochfürstliche Durchlaucht,Breslau den 13ten März
103,8145,break,high,short_line+column,0.37,22,59,Breslau den 13ten März,1799.
103,8146,break,high,short_line,0.08,5,59,1799.,treuer Knecht
103,8147,break,high,short_line+column,0.22,13,59,treuer Knecht,v Triebenfeld
104,8151,break,high,short_line+column,0.06,3,52,104,Durchlauchtigster Fürst
104,8152,break,high,short_line+column,0.44,23,52,Durchlauchtigster Fürst,Höchſt gnädigſter Herr!
104,8153,break,high,short_line,0.44,23,52,Höchſt gnädigſter Herr!,"Gerne dulde ich von Thoren alles Nachgerede, wann ich"
104,8158,run,review,short_line,0.27,14,52,Ehre und Haabe,Jener Gras sprecher wird indes das wenigste dabey thun.
104,8176,run,review,short_line,0.25,14,56,sche gelange —,Der Monarch will Ewr Hochfürstliche Durchlaucht wohl und
104,8188,break,high,short_line,0.57,32,56,ihm um dies Geschäft abzumachen.,Alles andere werde ich bestens besorgen. Übrigens
104,8194,run,review,short_line,0.26,12,46,gesagt — Als,"""Mein Gott Sie durchlaucht quälen mich, ich soll mich die"
104,8209,break,high,short_line+column,0.65,30,46,Ewr Hochfürstliche Durchlaucht,Etwann den 16ten April gehn ich
104,8210,break,high,short_line+column,0.67,31,46,Etwann den 16ten April gehn ich,von hier nach Berlin wo ich
104,8211,break,high,short_line+column,0.59,27,46,von hier nach Berlin wo ich,bis Ende May bleibe
104,8212,run,review,short_line,0.41,19,46,bis Ende May bleibe,Die Güter welche ich dem Prinzen George verkauft fallen jezt
104,8216,run,review,short_line,0.57,26,46,bei ich ein zu gutwilliger,Tropf und Thun öfters eine und einen
104,8218,break,high,short_line+column,0.3,14,46,Kindern Schade,Breslau den 3ten April
104,8219,break,high,short_line+column,0.48,22,46,Breslau den 3ten April,1799
104,8220,break,high,short_line+column,0.09,4,46,1799,treu unterthänigster Knecht
104,8221,break,high,rubric+short_line,0.59,27,46,treu unterthänigster Knecht,v. Triebenfeld
105,8225,break,high,short_line+column,0.05,3,55,105,Durchlauchtigſter Fürſt
105,8226,break,high,short_line+column,0.42,23,55,Durchlauchtigſter Fürſt,Höchst gnädigster Herr!
105,8227,break,high,short_line,0.42,23,55,Höchst gnädigster Herr!,Dem Grafen Schlabrendorff habe ich befriediget und die
105,8235,break,high,short_line,0.33,18,55,Wunsche gehn wird.,Die Fürsten durchlaucht habe ich als ich hier für reisete
105,8244,run,review,short_line,0.12,6,48,wohl —,"Unser Gute Königin war würklich recht kranck, bester"
105,8258,break,high,short_line,0.7,34,48,und Leben in der grösten Harmonie.,An Krieg ist nicht zu denken und der Monarch zeigt
105,8273,break,high,short_line,0.71,27,38,Berlin d. 30ten April 1799.,treuester Knecht
105,8274,break,high,rubric+short_line,0.42,16,38,treuester Knecht,v. Triebenfeld
106,8278,break,high,short_line+column,0.07,3,45,106,Durchlauchtigſter Fürſt
106,8279,break,high,short_line+column,0.51,23,45,Durchlauchtigſter Fürſt,Gnädigster Herr!
106,8280,break,high,short_line,0.36,16,45,Gnädigster Herr!,Der Hof Fiscal Michaelis hatt mich Ewr Hochfürstliche
106,8287,run,review,short_line,0.56,25,45,gehorſamſt zu erwiedern —,"""daß der Dann glaubt den H. v. Echart, welcher"
106,8291,run,review,short_line,0.31,14,45,"Art entrire —""",Es ist dies also ein gewöhniglicher Mecklen Plan
106,8304,break,high,short_line,0.61,30,49,auf der Seite alles verlohren.,Ich meinerseits sehe nicht ab was aus der Sache wer¬
106,8318,run,review,short_line,0.62,35,56,"sey den, daß der Monarch befiehlt —",durch einen sichern Mann würde ich Ewr Durchlaucht
106,8320,break,high,short_line,0.62,35,56,alles weitere unterthänigst melden.,In tiefſter Devotion erſterbe
106,8321,break,high,short_line+column,0.52,29,56,In tiefſter Devotion erſterbe,Ewr Hochfürstliche Durchlaucht
106,8322,run,review,short_line,0.54,30,56,Ewr Hochfürstliche Durchlaucht,Den Augenblick erhalte ich Ewr Hochfürstliche Durchlaucht beide gnädig
106,8335,break,high,short_line+column,0.36,20,56,Berlin den 25ten May,1799.
106,8336,break,high,short_line,0.09,5,56,1799.,treu untertänigster Diener
106,8337,break,high,rubric+short_line,0.46,26,56,treu untertänigster Diener,v. Triebenfeld.
107,8341,break,high,short_line+column,0.07,3,44,107,Durchlauchtigſter Fürſt
107,8342,break,high,short_line+column,0.52,23,44,Durchlauchtigſter Fürſt,Gnädigster Herr!
107,8343,break,high,short_line,0.36,16,44,Gnädigster Herr!,Von dem Herrn Obristen von Zastrow ist mir beigehende
107,8361,break,high,short_line,0.53,23,43,bald eintreffen können.,Der gute Monarch und der ganze Haft nimt an
107,8368,run,review,short_line,0.56,24,43,allen bemittleiden solle,Zu der Fürsten kommt mir die F v Rietesel
107,8382,break,high,rubric+short_line,0.65,26,40,Ewr Durchl zu gros sey und,2. Weil Sie Ihren Kindern nicht alles durch
107,8400,break,high,rubric,1.0,43,43,daher voller Erwartung — der würdige Obrist,"v. K[öckritz]. aber freut sich, daß er recht geurtheilt"
107,8404,break,high,short_line,0.53,23,43,in nichts gemischt hat.,In tiefster Submission ersterbe
107,8406,break,high,short_line+column,0.7,30,43,Ewr Hochfürstliche Durchlaucht,Berlin d. 21ten Octobr
107,8407,break,high,short_line+column,0.51,22,43,Berlin d. 21ten Octobr,1799
107,8408,break,high,short_line+column,0.09,4,43,1799,treuer Knecht
107,8409,break,high,short_line+column,0.3,13,43,treuer Knecht,v Triebenfeld
108,8413,break,high,short_line+column,0.05,3,58,108,Durchlauchtigſter Fürſt
108,8414,break,high,short_line+column,0.4,23,58,Durchlauchtigſter Fürſt,Gnädigster Fürst und Herr!
108,8415,break,high,short_line,0.45,26,58,Gnädigster Fürst und Herr!,"Die Sache mit dem Prinzen George wird immer bedenklicher, und die Noth"
108,8417,run,review,short_line,0.45,26,58,Seiten meiner immer größer,Der Präsident v. Schuckman schreibt mich daß er dem Prinzen meine
108,8430,break,high,short_line,0.55,32,58,dammten Wechßels circa 23000 rt.,Die Unkosten p.p. 8000
108,8431,run,review,short_line,0.38,22,58,Die Unkosten p.p. 8000,ders sind Sum. 206000 rt Nun stehen noch auf die Güter 64000 rt. Schul
108,8436,break,high,short_line,0.44,24,55,der rest ist 10000 Rthl.,"Dies ist doch wahrlich der gröbste Betrug, einen ehrlichen Kerl"
108,8440,run,review,short_line,0.13,7,55,droht —,"Wie das werden ſoll weis ich nicht, arctiren kan ich mich nichts laßen"
108,8445,break,high,short_line,0.58,32,55,Dies ist eine Post von 37800 rt.,Ich habe nichts den mein ganzer Credit ist hin — Aufrichtig ge¬
108,8451,run,review,short_line,0.22,12,55,geführt hatt,Wüste Ewr Hochfürstliche Durchlaucht eine Ausweg zur
108,8454,break,high,short_line+column,0.22,12,55,Ich erſterbe,Ewr Hochfürstliche Durchlaucht
108,8455,break,high,short_line+column,0.55,30,55,Ewr Hochfürstliche Durchlaucht,Breslau
108,8456,break,high,short_line+column,0.13,7,55,Breslau,d 22 July 1800
108,8457,break,high,short_line+column,0.25,14,55,d 22 July 1800,treuester Knecht
108,8458,break,high,short_line+column,0.29,16,55,treuester Knecht,v Triebenfeld
109,8462,break,high,short_line+column,0.05,3,55,109,Lieber Freund!
109,8463,break,high,short_line,0.25,14,55,Lieber Freund!,"Nach meiner Meinung mag der Kerl heißen wie und sei, was er will so"
109,8472,break,high,short_line,0.25,14,55,zu nahe tritt?,Die Welt ist so voller Bösewichter um und ankbare Menschen
109,8487,break,high,short_line+column,0.36,20,55,Bis aus Ende bei ich,Ihr
109,8488,break,high,short_line+column,0.05,3,55,Ihr,Undrehnen
109,8489,break,high,short_line+column,0.16,9,55,Undrehnen,Berlin den 31ten Januar 1801.
109,8490,break,high,short_line,0.53,29,55,Berlin den 31ten Januar 1801.,Freund und Diener
109,8491,break,high,short_line+column,0.31,17,55,Freund und Diener,v Triebenfeld
110,8510,break,high,short_line+column,0.06,3,54,110,Durchlauchtigster Fürst
110,8511,break,high,short_line+column,0.43,23,54,Durchlauchtigster Fürst,Gnädigster Fürst und Herr!
110,8512,break,high,short_line,0.48,26,54,Gnädigster Fürst und Herr!,Das Geschäft wegen der Urkunden über sämtliche Geistliche Güter glaube
110,8531,break,high,short_line+column,0.56,30,54,Ewr Hochfürstliche Durchlaucht,NB. statt 14175 — und 1500 —
110,8532,break,high,short_line+column,0.52,28,54,NB. statt 14175 — und 1500 —,Berlin den 7ten Febr.
110,8533,break,high,short_line,0.39,21,54,Berlin den 7ten Febr.,1801.
110,8534,break,high,short_line,0.09,5,54,1801.,treuer Knecht
110,8535,break,high,short_line+column,0.24,13,54,treuer Knecht,v Triebenfeld
111,8539,break,high,short_line+column,0.06,3,52,111,Durchlauchtigster Fürst
111,8540,break,high,short_line+column,0.45,23,52,Durchlauchtigster Fürst,Gnädigster Herr!
111,8541,break,high,short_line,0.31,16,52,Gnädigster Herr!,Ich habe das Geld zur Auslösung der Urkunde nicht aufbringen
111,8557,break,high,short_line+column,0.56,29,52,In tiefer Submission ersterbe,Ewr Hochfürstliche Durchlaucht
111,8558,break,high,short_line+column,0.58,30,52,Ewr Hochfürstliche Durchlaucht,Berlin d. 10t Febr. 1801.
111,8559,break,high,short_line,0.49,25,52,Berlin d. 10t Febr. 1801.,treuester Knecht
111,8560,break,high,short_line+column,0.31,16,52,treuester Knecht,v Triebenfeld
112,8564,run,review,short_line,0.06,3,52,112,Verzeihen Ewr Hochfürstliche Durchlaucht diesen Nachtrag ich hatte
112,8567,run,review,short_line,0.54,28,52,"Hause kam, um mir erzählte —","""daß der H. v. Wildeganst und Jude Heymann in Ewer Durchlaucht"
112,8574,run,review,short_line,0.63,33,52,"noch hier, aretirt werden solle.""",daß die Sache wahr ist glaube ich dadurch bestätiget zu
112,8578,break,high,short_line,0.1,5,52,hatt.,Ich bitte Ewr Hochfürstliche Durchlaucht um Gottes willen
112,8614,break,high,rubric+short_line,0.12,7,59,warten.,ad 10. Febr. 1801.
113,8618,break,high,short_line+column,0.06,3,49,113,Durchlauchtigſter Fürſt
113,8619,break,high,short_line+column,0.47,23,49,Durchlauchtigſter Fürſt,Gnädigster Herr!
113,8620,break,high,short_line,0.33,16,49,Gnädigster Herr!,"Ewr Hochfürstliche Durchlaucht haben die Gnade gehabt, nur"
113,8624,break,high,short_line,0.53,26,49,Verdrus davon haben ſolle.,Ew. Hochfürstliche Durchlaucht danke ich für diese Gnädige
113,8626,break,high,short_line,0.53,26,49,Zusicherung unterthänigst.,Indes bemerke ich nur daß der Arrest in dieser Sache
113,8631,break,high,short_line,0.63,31,49,man mir sofort arretiren solle.,Ich weis vor Angst nicht was ich thun soll. Elend kre[?]
113,8636,break,high,short_line,0.24,12,49,zu verloren.,Habe Ewr Hochfürstliche Durchlaucht doch nur die
113,8644,run,review,short_line,0.43,18,42,Rettung für mich —,Ich bitte Ewr Durchlaucht um alles was heilig ist
113,8651,break,high,short_line+column,0.48,20,42,Berlin den 23ten May,1801
113,8652,break,high,short_line+column,0.1,4,42,1801,treu unterthänigster Diener.
113,8653,break,high,short_line,0.67,28,42,treu unterthänigster Diener.,v Triebenfeld
114,8657,break,high,short_line+column,0.08,3,37,114,Hochwohlgebohrner Herr
114,8658,run,review,short_line,0.59,22,37,Hochwohlgebohrner Herr,Gnädigster Herr Krieges Rath!
114,8669,run,review,short_line,0.62,23,37,"digete würde, so drücke","Würd es aber nun bald abgemacht, da¬"
114,8676,break,high,short_line,0.16,6,37,hätte.,"Mit meinem Sache, steht es nicht gut."
114,8684,break,high,short_line,0.37,13,35,rück erwarte.,binnen einigen Tagen muß alleinl.
114,8699,break,high,short_line+column,0.51,18,35,Ew Hochwohlgebohrn,Berlin
114,8700,break,high,rubric+short_line,0.17,6,35,Berlin,d. 2ten May
114,8702,break,high,short_line,0.14,5,35,1802.,unterthänigen Knecht
114,8703,break,high,short_line+column,0.57,20,35,unterthänigen Knecht,Frig[?]
115,8707,break,high,short_line+column,0.05,3,61,115,Durchlauchtigster Fürst
115,8708,break,high,short_line+column,0.38,23,61,Durchlauchtigster Fürst,Gnädigster Fürst und Herr
115,8709,run,review,short_line,0.41,25,61,Gnädigster Fürst und Herr,Se eben ſchickt mein Pächter aus Schweinern herein und bittet mich dri
115,8719,run,review,short_line,0.49,30,61,er hatt daß gestern erwartet —,"rech aber finde ich es gut daß Höchstdieselben ihm nichts sagen,"
115,8721,break,high,short_line,0.66,40,61,mann kan ja erst sehen was er thun wird.,Er hatt an Schlabrendorff geschrieben daß er den 15ten daß
115,8730,break,high,short_line,0.25,13,51,gehen dürfte.,Er der Minister könne ihm den Sch: auch hernach bey
115,8734,break,high,short_line,0.45,23,51,Blutes verwand ſey p.p.,Dem Asch hatt er heute bey sich gehabt und ihm alles
115,8739,break,high,short_line,0.69,35,51,daß er den 15ten d. hier sein soll.,"Ich gehn morgen nach Lądek, bei aber ganz gewis den 15 auch"
115,8742,break,high,short_line+column,0.61,31,51,In tiefster submission ersterbe,Ewr Hochfürstliche Durchlaucht
115,8743,break,high,short_line+column,0.59,30,51,Ewr Hochfürstliche Durchlaucht,Breslau den 3ten Aug
115,8744,break,high,short_line+column,0.39,20,51,Breslau den 3ten Aug,1802
115,8745,break,high,short_line+column,0.08,4,51,1802,treu unterthäniger Knecht
115,8746,break,high,short_line+column,0.49,25,51,treu unterthäniger Knecht,v Triebenfeld
116,8750,break,high,short_line+column,0.06,3,46,116,Euer Hochfürstliche Durchlaucht
116,8751,run,review,short_line,0.67,31,46,Euer Hochfürstliche Durchlaucht,würde ich mich gerne persönlich zu Kosten lagen und
116,8763,break,high,short_line,0.54,25,46,Jährlich übernehmen soll.,"Was an der Sache ist kan ich nicht beurteilen, ich halte"
116,8779,break,high,short_line,0.67,30,45,nicht abgegangen werden müſte.,Ich kenne die Pohlen ganz — zeigt man einen
116,8783,break,high,short_line,0.47,21,45,Ziele mit diese Brut.,Ich habe dies bey Dombrowska[Dąbska?] sattsam bewiesen.
116,8793,run,review,short_line,0.46,21,46,Laßen und schaden sie,Befehlen Sie mir durch 2 Zeilen in Stillen wie Sie
116,8800,break,high,short_line,0.55,25,46,Güter an sich zu bringen.,In tiefster Submission ersterbe als
116,8802,break,high,short_line+column,0.66,30,46,Ewr Hochfürstliche Durchlaucht,Breslau den 11ten Decbr. 1803
116,8803,break,high,short_line+column,0.64,29,46,Breslau den 11ten Decbr. 1803,treuester untertänigste Diener
116,8804,break,high,short_line+column,0.66,30,46,treuester untertänigste Diener,v Triebenfeld
117,8808,break,high,short_line+column,0.04,3,76,117,Durchlauchtigster Fürst
117,8809,break,high,short_line+column,0.3,23,76,Durchlauchtigster Fürst,Gnädigſter Fürſt und Herr!
117,8810,break,high,short_line,0.34,26,76,Gnädigſter Fürſt und Herr!,"Herr Weigel ist, nachdem ich ihm zuförderst garantie geleistet, eifrig"
117,8813,break,high,short_line,0.65,50,76,"gegeben worden, wird die Banque nicht discontiren.","Ich habe daher Herrn Weigel persuadirt, daß er sofort an H v. Grotowsk"
117,8823,break,high,short_line,0.13,10,76,entsendet.,Ewr Hochfürstliche Durchlaucht eile ich dies Schreiben anliegend derst
117,8831,break,high,short_line,0.56,35,62,von Ewr Hochfürstliche Durchlaucht.,Geruhen aber Ewr Durchlaucht diesen schnellen Todt zu beherzigen — den
117,8835,run,review,short_line,0.56,35,62,machen den Eisenfestesten stuzzen —,Morgenbeßer ist gestern Abend um 7 Uhr auch gestorben — Jezt
117,8852,break,high,short_line,0.68,42,62,gute Sache schnell an Ziele gebracht wird.,In tiefsten Respect ersterbe als
117,8853,break,high,short_line+column,0.52,32,62,In tiefsten Respect ersterbe als,Ewr Hochfürstliche Durchlaucht
117,8854,break,high,short_line+column,0.48,30,62,Ewr Hochfürstliche Durchlaucht,Breslau
117,8855,break,high,rubric+short_line,0.11,7,62,Breslau,29. Febr. 1804.
117,8857,break,high,short_line+column,0.39,24,62,treu gehorſamſter Diener,v Triebenfeld
117,8868,break,high,short_line,0.43,23,54,ſes alles Aplanirt iſt.,"Um Ewr HochFürstliche Durchlaucht zu überzeugen, daß"
117,8874,break,high,short_line,0.13,7,54,ſendet.,Ehe Weigel dies Schreiben nicht gab und ſich darin engagirte
118a,8880,break,high,short_line+column,0.05,3,63,118,Durchlauchtigſter Fürſt
118a,8881,break,high,short_line+column,0.37,23,63,Durchlauchtigſter Fürſt,Gnädigſter Fürſt und Herr!
118a,8882,break,high,short_line,0.41,26,63,Gnädigſter Fürſt und Herr!,In diesen Augenblick meldete sich bey mir ein gewißer Kunckel mit 2 Co
118a,8884,break,high,short_line,0.21,13,63,aus Olesnica.,Die Leute wollen 1500 rt zahlen dagegen aber einen Contract vollzogen
118a,8886,break,high,short_line,0.1,6,63,wißen.,Ich habe die Menschen sondirt und zu prüfen gesucht woher ſie die Geld
118a,8891,break,high,short_line,0.08,5,63,wird.,"Befehlen Ewr Hochfürstliche Durchlaucht indes daß doch mit den Leuten,"
118a,8897,break,high,short_line,0.24,15,63,ſten ſein wird.,Kunckel hat von einem gewißen OberAmtman Nerlich einen Auftrag
118a,8902,break,high,short_line,0.54,28,52,ein Jahr ganz auszahlen kan.,Kunckel ist willig dies zu bewerckſtelligen um hierbei mehr als
118a,8904,break,high,short_line,0.63,33,52,bey den Collonisten zu verdienen.,Geruhen Ewr Hochfürstliche Durchlaucht mich nur gnädigst zu belehren
118a,8906,break,high,short_line,0.63,33,52,wie ich die Sache behandeln ſoll.,Walichnowski hat so eben geschrieben will ausführlich wißen
118a,8913,break,high,short_line,0.65,34,52,nach der mir gegebenen Weisung ab.,In tiefsten Respect ersterbe
118a,8914,break,high,short_line+column,0.54,28,52,In tiefsten Respect ersterbe,Ewr Hochfürstliche Durchlaucht
118a,8915,break,high,short_line+column,0.58,30,52,Ewr Hochfürstliche Durchlaucht,Breslau den 10ten Febr. 1804.
118a,8916,break,high,short_line,0.56,29,52,Breslau den 10ten Febr. 1804.,treuester Knecht
118a,8917,break,high,short_line+column,0.31,16,52,treuester Knecht,v Triebenfeld
118b,8927,run,review,short_line,0.41,19,46,1805 warten solte —,Ist dem so daß Ewer durchlaucht bis dahin keine Interessen zahlen
118b,8935,break,high,short_line,0.43,20,46,heraus bekommen kan.,Der Conducteur Cabanis ist abgegangen
118b,8941,break,high,short_line+column,0.72,33,46,noch auf Entter und Gott weis was,eine Beihülfe —
118b,8942,break,high,short_line+column,0.33,15,46,eine Beihülfe —,Breslau den 29ten Marz 1804.
118b,8943,break,high,short_line,0.61,28,46,Breslau den 29ten Marz 1804.,v Triebenfeld
118c,8954,run,review,short_line,0.43,19,44,1805 warten solte —,Ist dem so daß Ewr Durchlaucht bis dahin keine Intressen zahlen
118c,8962,break,high,short_line,0.45,20,44,heraus bekommen kan.,Der Conducteur Cabanis ist abgegangen
118c,8969,break,high,short_line+column,0.29,13,44,eine Beihülfe,Breslau den 29ten Marz 1804.
118c,8970,break,high,short_line,0.63,28,44,Breslau den 29ten Marz 1804.,v Triebenfeld
119,8974,run,review,short_line,0.05,3,62,119,Der Prinz Biron hatt gestern sagen laßen — Uminski fände
119,8984,run,review,short_line,0.5,31,62,desfals meine Meinung eröffenen,Der Bote von Zagorowo ist zurück und hat beifolgende Piecen
119,8994,break,high,short_line,0.11,7,62,wollen.,Der Geometer Cabanis hat vor 3 Jahre das Gütchen Betsche unter
119,9007,break,high,short_line,0.37,15,41,gezogen werden.,Die Rapackische Kauf lustige Taugen nicht
119,9012,break,high,short_line,0.61,25,41,ist damit zurük gekommen.,"Lieber sind mir die Husiten, den ich werde"
119,9020,break,high,short_line,0.24,10,41,überlaßen.,Breslau den 29ten Marz 1804
119,9021,break,high,short_line+column,0.66,27,41,Breslau den 29ten Marz 1804,v Triebenfeld
120,9025,run,review,short_line,0.05,3,56,120,Cabanis ist gestern mit der guten Nachricht zurück gekommen
120,9027,break,high,short_line,0.54,30,56,daß die Husiten kaufen wollen.,"Es sind in Husinich, Rentsch und in der Gegend schon eine ziemliche"
120,9059,break,high,short_line,0.58,34,59,diesen theuren Zeiten zu erhalten.,Breslau d 2ten Aprill 1804.
120,9060,break,high,short_line,0.46,27,59,Breslau d 2ten Aprill 1804.,v Triebenfeld
122,9066,run,review,short_line,0.06,3,46,122,Beigehendes Billet habe ich heute früh erhalten — Es war
122,9077,break,high,short_line,0.32,15,46,Sylbe erhalten.,Breslau d 6ten April
122,9078,break,high,short_line+column,0.43,20,46,Breslau d 6ten April,1804.
122,9079,break,high,short_line,0.11,5,46,1804.,v Triebenfeld
123,9083,run,review,short_line,0.05,3,62,123,Gestern Abend spät erhielt ich per Estaffette beigehende Schrei¬
123,9092,break,high,short_line,0.55,34,62,zum Vergleich gegeben werden soll.,daß übrigens der Kunckel und Jentsch sich so entgegen zu handeln
123,9098,break,high,short_line,0.55,34,62,und in ihren Schrancken zu weisen.,Glenck ist gestern nicht mehr zu mich gekommen und hatt so
123,9101,break,high,short_line,0.62,38,62,in dieser Sache einen Aufschlus gaben.,Breslau den 23ten April 1804
123,9102,break,high,short_line+column,0.46,28,62,Breslau den 23ten April 1804,v Triebenfeld
124,9106,break,high,short_line+column,0.06,3,47,124,Ewr Hochfürstliche Durchlaucht
124,9107,run,review,short_line,0.64,30,47,Ewr Hochfürstliche Durchlaucht,überreiche ich anliegend die Beantwortung
124,9114,break,high,short_line,0.53,25,47,meinen Schwager retirirt.,"In meinen Schreiben so ich Kunckel mit sende, werde ich"
124,9119,break,high,short_line+column,0.55,26,47,Breslau d 24ten April 1804,v Triebenfeld
125,9123,run,review,short_line,0.1,3,29,125,Seiner Hochfürstliche
125,9125,run,review,short_line,0.38,11,29,Durchlaucht,Die Leute aus Olesnica sind mit die Gelder an
126,9137,break,high,short_line+column,0.07,3,42,126,Seiner Hochfürstliche
126,9138,break,high,short_line+column,0.5,21,42,Seiner Hochfürstliche,Durchlaucht
126,9139,run,review,short_line,0.26,11,42,Durchlaucht,Cabanis ist mit den Hussiten zurück — Es hat
126,9148,break,high,short_line,0.26,11,42,zu bringen.,Ich arbeite hier mit die Olesnicer Leute —
126,9154,break,high,short_line,0.62,26,42,weiter gethan werden soll.,Breslau den 30ten April 1804
126,9155,break,high,short_line+column,0.67,28,42,Breslau den 30ten April 1804,v Triebenfeld
127,9159,run,review,short_line,0.07,3,45,127,"Alles bitten hilft nichts, ich soll um muß zahlen"
127,9162,break,high,short_line,0.62,28,45,Groſchen Zinsen berichtiget.,Ich muß also die von Prinzen fürs Inventarium unter
127,9166,break,high,short_line,0.62,28,45,desgl Prozeß Kosten = 35 rt.,zu sammen = 910 rt.
127,9167,break,high,short_line,0.42,19,45,zu sammen = 910 rt.,"bezahlen. Meine Casse ist erschöpft, den ich habe"
127,9178,break,high,short_line+column,0.53,24,45,Durchlaucht unterstüzzen,Breslau den 2ten May 1804
127,9179,break,high,short_line+column,0.56,25,45,Breslau den 2ten May 1804,v Triebenfeld
128,9183,break,high,short_line+column,0.05,3,59,128,Durchlauchtigster Fürst
128,9184,break,high,short_line+column,0.39,23,59,Durchlauchtigster Fürst,Gnädigster Fürst und Herr!
128,9185,break,high,short_line,0.44,26,59,Gnädigster Fürst und Herr!,Wann gleich meine treue Anhänglichkeit an Ewr Hochfürstliche Durchlauc
128,9189,break,high,rubric+short_line,0.15,9,59,beheben —,1. Sind Prozeße 11 in der Zahl wo so eben Termine von einigen
128,9193,break,high,rubric+short_line,0.68,40,59,aufs beste durch Vergleich zu beendigen.,"2. Sind die Pächter bis zum Toll werde, aufgebracht und keiner"
128,9203,break,high,rubric+short_line,0.55,36,66,beide Posten wieder gewonnen werden.,3. bin ich mit Flörken und Rybbek so weit daß sie sich vergleichen wol
128,9219,break,high,rubric,0.86,57,66,veranlaßt. zu diesem Gedränge denke ich sollen sie räumen,4. werde ich mit den v. Rudnicki abschließen vor die Sache dahin einle
128,9222,break,high,rubric+short_line,0.48,32,66,ist auch sonderbar abgeschloßen.,5. Wie ich mit diese Leute fertig bin werde ich an die Verabpachtung
128,9234,run,review,short_line,0.59,36,61,neticum und überhaupt 9 Hufen frey —,Dies werde ich am Ende zu geben den nun kan alles glücklich
128,9243,run,review,short_line,0.66,40,61,dazu die Erlaubnis der Kammer erhalten —,Glenck hat an den Landrath geschrieben und spottet über mich besonders
128,9265,run,review,short_line,0.63,38,60,das erhalten was schon verlohren ist —,Geld hoffe ich soll bis Johanni ein starkes Quantum zusammen kommen.
128,9268,break,high,short_line+column,0.53,32,60,In tiefsten Respect ersterbe ich,Ewr Hochfürstliche Durchlaucht
128,9269,break,high,short_line+column,0.5,30,60,Ewr Hochfürstliche Durchlaucht,Trąbczyn den 8ten May
128,9270,break,high,short_line+column,0.35,21,60,Trąbczyn den 8ten May,1804
128,9271,break,high,short_line+column,0.07,4,60,1804,treuer Knecht
128,9272,break,high,short_line+column,0.22,13,60,treuer Knecht,v Triebenfeld
129,9276,run,review,short_line,0.06,3,52,129,Ich habe heute weder aus Berlin noch aus Frankfurth briefe.
129,9292,break,high,rubric+short_line,0.56,28,50,Menschen komt vieles an. Dem,1. könte ſelch Wesen um in Pacht ſicher zu bleiben den
129,9295,break,high,rubric+short_line,0.38,19,50,könte so ein Mensch,"2. Aus Gewinn ſolcht, ſich leicht erkaufen laßen, und dem"
129,9302,break,high,short_line,0.54,27,50,der Beſten Seite ſchildert.,Nachmittag bringe ich das was nach Südpreußen zu
129,9306,break,high,short_line,0.52,26,50,Breslau d. 15ten May 1804.,v Triebenfeld
130,9310,break,high,short_line+column,0.07,3,44,130,Durchlauchtigster Fürſt
130,9311,break,high,short_line+column,0.52,23,44,Durchlauchtigster Fürſt,Gnädigster Fürst und Herr
130,9312,run,review,short_line,0.57,25,44,Gnädigster Fürst und Herr,Vor etwan 2 Stunden bey ich hier angekommen und hörte zu
130,9336,run,review,short_line,0.66,27,41,als dann zu Ewr Durchlaucht,"dem länger in der Ungewisheit lebe wäre,"
130,9339,run,review,short_line,0.68,28,41,Johanni ist ja gar zu nahe —,Die Post will abgehen von Berlin ein mehreres
130,9343,break,high,short_line+column,0.54,22,41,Fr[ankfurt] a. d. Oder,den 17ten May
130,9344,break,high,short_line+column,0.32,13,41,den 17ten May,1804.
130,9345,break,high,short_line,0.12,5,41,1804.,treu gehorsamster Dein
130,9346,break,high,short_line+column,0.54,22,41,treu gehorsamster Dein,v Triebenfeld
131,9350,break,high,short_line+column,0.05,3,58,131,Durchlauchtigſter Fürſt
131,9351,break,high,short_line+column,0.4,23,58,Durchlauchtigſter Fürſt,Gnädigster Fürst und Herr!
131,9352,break,high,short_line,0.45,26,58,Gnädigster Fürst und Herr!,Ich bin seit gestern hier in Berlin und habe bereits alles durchspüht 
131,9355,run,review,short_line,0.69,40,58,woraus Schwindeleine und Bosheit quilt —,Alle hiesig gemahlte Aus und Ansichte sind teuflische Lügen — Ewr
131,9359,break,high,short_line,0.14,8,58,rechnen.,Jezt stehen die Sachen so — Morgen Abend / das ist den 20ten / gehe
131,9379,break,high,short_line+column,0.36,21,58,machen dies betheuert,Ewr Hochfürstliche Durchlaucht
131,9380,break,high,short_line+column,0.52,30,58,Ewr Hochfürstliche Durchlaucht,Berlin den 19 ten May
131,9381,break,high,short_line+column,0.36,21,58,Berlin den 19 ten May,1804.
131,9382,break,high,short_line,0.09,5,58,1804.,treuer Knecht
131,9383,break,high,short_line+column,0.22,13,58,treuer Knecht,v Triebenfeld
132,9387,break,high,short_line+column,0.05,3,57,132,Mein Theuerſter Freund
132,9388,run,review,short_line,0.39,22,57,Mein Theuerſter Freund,Da eben bin ich willens im Wagen zu steigen und nach Breslau zurück zu
132,9416,break,high,short_line,0.55,32,58,angemeßene tantieme geben müste.,In Fall der Herr Director Stubenrauch dies eingehen will
132,9420,break,high,short_line,0.22,13,58,die Eviction.,Hätte ich die Sache ehender so gekannt so wäre alles schon aufs
132,9423,break,high,rubric+short_line,0.57,33,58,erfährt man immer alles zu späth.,H. Glenck hat stets auf ein Kauf Geld von 500 rt. pro Hube
132,9435,break,high,short_line,0.71,41,58,Ordens Cammer an 120000 profitiren würde.,beherzigen Sie dies und suchen den würdigen guten Man den Cammer
132,9442,break,high,short_line,0.19,11,58,ordentlich.,Mit dem treuesten Herzen und der großen Anhänglichkeit bin
132,9444,break,high,short_line+column,0.26,15,58,ich unausgesezt,Ihr
132,9445,break,high,short_line+column,0.05,3,58,Ihr,Frankfurth a/d O.
132,9446,break,high,short_line,0.3,17,58,Frankfurth a/d O.,den 23 May 1804.
132,9447,break,high,short_line,0.28,16,58,den 23 May 1804.,treu ergebenster Diener
132,9448,break,high,short_line+column,0.4,23,58,treu ergebenster Diener,v Triebenfeld
133,9452,break,high,short_line+column,0.06,3,53,133,Durchlauchtigster Fürst
133,9453,break,high,short_line+column,0.43,23,53,Durchlauchtigster Fürst,Gnädigster Fürst und Herr!
133,9454,break,high,short_line,0.49,26,53,Gnädigster Fürst und Herr!,"Beinahe mögte ich über alle die fatalen Geschichte, die ich hier allew"
133,9457,break,high,rubric+short_line,0.66,35,53,und zum besten werde lenken können.,"1. Ist in allen nichts gethan, und Glenck ist nicht in Stande mir eine"
133,9459,break,high,rubric+short_line,0.55,29,53,Rt werth sicher nachzuweisen.,"2. Leixner ist heimlich in Betsche gewesen, und wegen alle den"
133,9464,break,high,rubric,0.74,39,53,und die engagirte Zahlungen nun halten.,3. Will er durch aus in keine Verbindung wegen Kaemen
133,9470,break,high,rubric+short_line,0.15,8,53,frieden.,4. will er dem mit Glenck eingeschrittenen Societaets
133,9477,break,high,rubric+short_line,0.32,18,57,Menschen in nichts,"5. Mitt den Ordens Cammer ist nichts geschehen, und daher auf"
133,9479,break,high,rubric+short_line,0.28,16,57,nichts zu zahlen,"6. An den Harlemschen Kauf ist auch nicht zu denken, den dieser"
133,9481,break,high,rubric,0.93,53,57,Plan scheint ganz in der Ideen Welt zu Hause zu sein.,7. wegen des Darlehns der 100/m rt von der Invaliden Cassen
133,9484,run,review,short_line,0.28,16,57,werden nach Aber,Um nun das lezte zu versuche gehe ich nachdem ich 3 Tage hier
133,9487,break,high,short_line,0.33,19,57,nach Berlin zurück.,"Ich werde sehen, ob ich in Assistence des Amelangs mit den"
133,9496,run,review,short_line,0.65,33,51,verwandte sich den Hals brechen —,"Übrigens, sahe es in Berlin nackisch aus — H. Beyme hatten"
133,9499,run,review,short_line,0.67,34,51,Beim Vortrag war seine Anrede kurz,Es sind dem F. H. ein Theil der Güter wieder weggen
133,9509,break,high,short_line,0.37,19,51,gebrauchen dürften.,Mein Rath ist daß E. M. Ihm in der Art entschädigen
133,9516,break,high,short_line,0.72,38,53,Entschädigungs Geschäft ist abgemacht.,"Der Alte bitte Köckritz der Ewr. durch herzlich grüßt, hat"
133,9523,run,review,short_line,0.53,28,53,seines Hern Beymes prahlen —,"Köckritz ist und bleibt ein ehrlicher Mann, wo er nur"
133,9525,run,review,short_line,0.55,29,53,mehr für bidermänner würkte —,Gewis ist es daß wan wir Krieg haben Ew Durchlaucht
133,9527,break,high,short_line,0.4,21,53,das Comando erhalten.,"Amelang gestand an, daß ihm Beyme gesagt — Müßte ich nur"
133,9545,break,high,rubric+short_line,0.67,10,15,Frankfurth,d. 23ten May
133,9547,run,review,short_line,0.27,4,15,1804,treuster Knecht
134,9552,break,high,short_line+column,0.05,3,61,134,Durchlauchtigſter Fürſt
134,9553,break,high,short_line+column,0.38,23,61,Durchlauchtigſter Fürſt,Gnädigster Fürst und Herr!
134,9554,break,high,short_line,0.43,26,61,Gnädigster Fürst und Herr!,Das von Bau Rath Glenck so gewis versicherte Anlehn bey der Invaliden 
134,9566,break,high,short_line,0.66,40,61,und daß solche in der Art übergeben sey.,den Erfolg können Ewr Hochfürstliche Durchlaucht abnehmen — das
134,9585,break,high,rubric,1.03,62,60,"und sind blos von einem gewißen Dietz, Werner, Juden Borchar",H. Lange und solchen Gesindel entworfen die weder Kopf noch
134,9595,break,high,short_line,0.65,42,65,und meine arme bedrängte Seele verpfänden.,Beyme hat gestern den Geh[eimen]. R[ath]. Am[elang]: zu sich rufen laß
134,9641,break,high,short_line,0.43,26,60,Güter verleihen zu können.,Braun wird dem Gen K[öckritz] in Zuge erhalten und auf diesen
134,9646,break,high,short_line,0.46,28,60,ein Punckt zusammen treffen.,Übrigens wird A[melang] ein Schreiben an B[eyme] und vieleicht am Köni
134,9660,break,high,short_line,0.58,38,65,verdorben — was soll ich nun anfangen?,Kontop verkaufen? was nicht den Kolzig — O Gott mein schonir Plan
134,9672,break,high,short_line,0.38,25,65,belästiget werden dürfte.,"Mich schwindelt, wan ich an den nahen Termin denke und wann auf einmah"
134,9693,break,high,short_line,0.64,43,67,potheque. Wo soll ich diese aber hernehmen.,Die Taxen von den Zagorower Gütern sind nur 124/m rthl und diese sind 
134,9707,break,high,short_line,0.64,44,68,mahl man heil. In tiefsten Respect ersterbe.,Ewr Hochfürstl Durchlaucht
134,9708,break,high,short_line+column,0.38,26,68,Ewr Hochfürstl Durchlaucht,Berl[in] d. 26ten May 1804
134,9709,break,high,short_line+column,0.38,26,68,Berl[in] d. 26ten May 1804,treuester Knecht
134,9710,break,high,short_line+column,0.23,16,68,treuester Knecht,v Triebenfeld
135,9714,break,high,short_line+column,0.03,3,117,135,Hochwohlgeborner H.
135,9715,break,high,short_line,0.16,19,117,Hochwohlgeborner H.,höchstgeehrter H Cammer Director
135,9716,run,review,short_line,0.27,32,117,höchstgeehrter H Cammer Director,Als ich von des regierenden Fürsten u Hohenlohe durch deßelben Gen[era
135,9722,run,review,short_line,0.7,82,117,"der Ursache zu bezahlen, weil ich den Käufer nachgewiesen ha",Wenn nun gleich diese Nachweisung vollständig von mir erwiesen werden 
135,9741,run,review,short_line,0.24,28,117,und erkenntlich sein werde —,"darf ich gehorsamst bitte, wie durch ein paar Zeilen zu melden: wie ho"
135,9743,break,high,salutation+short_line,0.15,18,117,und Kolno betrage?,Ich verharre mit aller Verehrung.
135,9744,break,high,short_line,0.28,33,117,Ich verharre mit aller Verehrung.,Ewer Hochwohlgeb.
135,9745,break,high,short_line,0.15,17,117,Ewer Hochwohlgeb.,gehorsamster Diener
135,9746,break,high,short_line+column,0.16,19,117,gehorsamster Diener,der
135,9747,break,high,short_line+column,0.03,3,117,der,K[abinets]. R[ath]. Werner
135,9748,break,high,short_line+column,0.22,26,117,K[abinets]. R[ath]. Werner,B[erlin] d 19t May 1804.
135,9749,break,high,short_line,0.21,24,117,B[erlin] d 19t May 1804.,neue Schönhauser Straße Nr. 13.
135,9758,break,high,short_line,0.51,50,98,"der von dH. Werner Ordre erhalten, gezahlt werden.",Das verspreche ich unter meinen Fürstl Unterschrift und Siegel zu erfü
135,9760,break,high,short_line+column,0.07,7,98,(L. S.),Friedrich Ludwig Fürst zu Hohenlohe.
135,9761,break,high,short_line,0.37,36,98,Friedrich Ludwig Fürst zu Hohenlohe.,"Euer Wohlgebohren erlauben, daß ich zu meiner vorgestrigen mündlichen "
135,9763,break,high,short_line,0.63,62,98,Kaufs und Verkaufs der Güter Kolno und Kaemen nachfolgen laß,Da meines H. Durch deshalb auf einen eiligen Verkauf ihrer Güter Kaeme
135,9774,break,high,short_line,0.36,35,98,kaufen können gefallen laßen müßen.,"Ich erwarte hierüber Ihren Befehl, wan ich etwann nochmahlen meine per"
135,9776,break,high,short_line,0.33,32,98,zu machen die Ehre haben dürfte.,Ewer Wohlgeborn
135,9777,break,high,short_line+column,0.15,15,98,Ewer Wohlgeborn,ganz ergebenster Diener
135,9778,break,high,short_line+column,0.23,23,98,ganz ergebenster Diener,Glenck
135,9779,break,high,short_line+column,0.06,6,98,Glenck,d 12t May 1804
135,9780,break,high,short_line+column,0.14,14,98,d 12t May 1804,in Golden Adler d Plaz No 32.
135,9788,break,high,short_line,0.62,48,78,aller Art in einem sehr üblen Ruf gekommen sein.,Stubenrauch
135,9789,break,high,short_line+column,0.14,11,78,Stubenrauch,Ber[lin] den 22ten May 1804.
136,9793,break,high,short_line+column,0.05,3,64,136,Durchlauchtigster Fürst
136,9794,break,high,short_line+column,0.36,23,64,Durchlauchtigster Fürst,Gnädigster Herr!
136,9795,break,high,short_line,0.25,16,64,Gnädigster Herr!,Zu den Verkauf von Kolno und Kaemen gratulire ich insofern recht
136,9813,break,high,short_line,0.66,40,61,Bernhard sagt abermahls schlecht stehen.,Ein Glück war es daß ich die Ottosche Taxa von Kaemen p aufs neue
136,9824,break,high,short_line,0.62,38,61,und nach seinem Plan würksam sein kan.,"Wegen Kölzig habe ich eine neue Batterie aufgeführt, die"
136,9831,break,high,short_line,0.45,30,67,damit es nicht übersehen wird.,"Der Groß Kanzler hat der Regierung zu Glogau befohlen, alle Gelder und"
136,9842,break,high,short_line,0.42,28,67,wenig auf diese Hülfe zähle.,Die Hypotheque von Zagorowo habe ich richtig ausgefertigt erhalten.
136,9852,run,review,short_line,0.68,40,59,Kaliszer räumte mich dies auch schon ein,"Mit Radzinski in Szetlewek bey ich soweit fertig, daß er sein Jahr"
136,9855,break,high,short_line+column,0.71,42,59,Die Berechnung mit ihm ist ohngefehr diese,Er hat zu fordern 1500 Rthl
136,9856,break,high,short_line+column,0.46,27,59,Er hat zu fordern 1500 Rthl,von 2 Jahr Intresen 112. rt.
136,9857,break,high,short_line,0.47,28,59,von 2 Jahr Intresen 112. rt.,Auslagen laut Glenck Anweisungen an Baukosten 487 rt 4 gg
136,9859,break,high,short_line,0.32,19,59,Sum: 2099 rt. 4 gg.,Er soll zahlen Pacht von Joh[anni]. 1803/4 = 1300 rt.
136,9861,break,high,short_line,0.49,29,59,dasgl. Intressen davon 56 rt.,Pacht von Joh[anni] 1804/5 = 1300 rt.
136,9862,break,high,short_line,0.63,37,59,Pacht von Joh[anni] 1804/5 = 1300 rt.,Sind 2656 rt.
136,9863,break,high,short_line,0.22,13,59,Sind 2656 rt.,Folglich hätte Ewr Durchlaucht bis 1805 zu erhalten = 557 rt.
136,9870,break,high,short_line,0.54,32,59,mit einige hundert d anzunehmen.,Gegen die Pächter Floricke p. habe ich endlich ein Solutions Decret er
136,9885,break,high,short_line,0.58,36,62,mit Propination und alle Einkünften.,Ich verlange auf 1 Jahr inch der Brauerey von Kopojno p. = 9000 rt.
136,9888,break,high,short_line,0.67,42,62,und bekommen noch baar in Casse = 3000 rt.,die dismembration soll dem ohngeachtet um keinen Augenblick
136,9903,run,review,short_line,0.14,8,59,erreicht,Mitt Drzewce und Grądzyń muß ich der Pfaffen wegen noch la¬
136,10001,break,high,short_line,0.54,33,61,räblen neidischen Menschen halte.,"Schaden soll er nicht und in allen meinen Plänen, die ich zu Ewr"
136,10009,break,high,short_line,0.64,39,61,noch gute Worte je gebeßert werden kan.,"Ich zittern nur, daß er die Zeit vertrödeln, und nicht nach Winnica[?]"
136,10020,break,high,short_line,0.37,20,54,muß die Zeit lehren.,"Ich meinerseits eile, wan der Contract hier abgeschloßen ist nach"
136,10027,break,high,short_line,0.69,37,54,Leute hier zufrieden gestellt würden.,Mit unbegränzter Treue ersterbe ich Ehrfurchtsvoll als
136,10029,break,high,short_line+column,0.58,31,54,Euer Hochfürstliche Durchlaucht,Frankfurth an der Oder
136,10030,break,high,short_line+column,0.41,22,54,Frankfurth an der Oder,d 13t Juny 1804
136,10031,break,high,short_line+column,0.28,15,54,d 13t Juny 1804,treu unterthäniger Diener
136,10032,break,high,short_line+column,0.47,25,54,treu unterthäniger Diener,v Triebenfeld
137,10036,break,high,short_line+column,0.06,3,50,137,Durchlauchtigſter Fürſt
137,10037,break,high,short_line+column,0.46,23,50,Durchlauchtigſter Fürſt,Gnädigster Herr!
137,10038,break,high,short_line,0.32,16,50,Gnädigster Herr!,"Herr Leixner, Meyer Bernhard, und Consorten sind schlechte Kerls."
137,10047,break,high,short_line,0.58,29,50,In[?] Betsche zu rückgekauft.,Noch bataillire ich mit die Schl[?] und so eben verspricht der
137,10050,break,high,short_line,0.52,26,50,20 bleibt der Wicht zurük.,"In Berlin habe ich, da Wunster die Obligation fehler"
137,10056,break,high,short_line,0.48,25,52,Ew. durch Geld vorfinden.,Die Deposition der Broniewskischen Gelder wird
137,10079,break,high,short_line,0.46,22,48,und so jeder Biderman.,Gott geleite Ewr Durchlaucht nur gesund zurück — alles
137,10082,break,high,short_line+column,0.56,27,48,wege noch als Sieger stehen,In tiefsten Respect ersterbe.
137,10083,break,high,short_line,0.6,29,48,In tiefsten Respect ersterbe.,Ewr Hochfürstliche Durchlaucht
137,10084,run,review,short_line,0.62,30,48,Ewr Hochfürstliche Durchlaucht,Frankfurth a.d. O[der] d 21ten Juny
137,10086,break,high,short_line,0.1,5,48,1804.,treuester Knecht
137,10087,break,high,short_line+column,0.33,16,48,treuester Knecht,v Triebenfeld
138,10091,break,high,short_line+column,0.07,3,42,138,Durchlauchtigſter Fürſt
138,10092,break,high,short_line+column,0.54,23,42,Durchlauchtigſter Fürſt,Gnädigster Fürst u Herr!
138,10093,break,high,short_line,0.56,24,42,Gnädigster Fürst u Herr!,In der v. Broniewskische taht ist der nochmahligen
138,10098,break,high,short_line,0.54,23,42,ersehen geruhen werden.,Ich ſaunte nicht noch einmahl alles Angeschrey
138,10113,break,high,rubric,0.89,24,27,Ehrpfängt u. Ergebenheit,E. Hochfürſtlichen Durchlaucht
139,10120,break,high,short_line+column,0.05,3,62,139,Durchlauchtigster Fürst
139,10121,break,high,short_line+column,0.37,23,62,Durchlauchtigster Fürst,Gnädigster Herr!
139,10122,break,high,short_line,0.26,16,62,Gnädigster Herr!,"Meine Ahndung, daß hier alle Bemühungen, den fameusen Vergleich rückgä"
139,10133,break,high,short_line,0.69,43,62,worin Sie gegen den Vergleich protestirten.,Man legte dies schnell bey Seite Approbirte und expedirte mit Kläger
139,10154,break,high,short_line,0.52,33,63,ohne sein vorwißen abgeschlossen.,"Leugnen könne er nicht, daß wan die Deposition erfolgt wäre."
139,10159,break,high,short_line,0.56,35,63,aber dem Fürsten hinterlaßen würde.,Übrigens sagt Melzer Wunſter habe den Vergleich geſchloßen
139,10167,break,high,rubric,1.22,66,54,hatt mit diesen eben so verkehrt als mit dem Trąbczynern pro,d. h. man klage auf Exmission hat aber weder ein Liquidum
139,10171,run,review,short_line,0.63,34,54,dies schnell aufs Reine zu bringen,von Betsche muß ich nochmals hierher gehe um Bornstedt
139,10174,break,high,short_line,0.26,14,54,Caution stelt.,Den Augenblick ist Glenck angekommen — Er weis weder
139,10191,break,high,short_line,0.63,32,51,nahm was man ihm aus Gnaden gab.,"Kurz es ist zum Todt ärgern, wan man lange mit dies"
139,10199,break,high,short_line+column,0.31,16,51,Ich ersterbe als,Ewr Hochfürstliche Durchlaucht
139,10200,break,high,short_line+column,0.59,30,51,Ewr Hochfürstliche Durchlaucht,Posen den 22ten Jul.
139,10201,break,high,short_line,0.39,20,51,Posen den 22ten Jul.,1804
139,10202,break,high,short_line+column,0.08,4,51,1804,treu unterthäniger Diener
139,10203,break,high,short_line+column,0.49,25,51,treu unterthäniger Diener,v Triebenfeld
140,10207,break,high,short_line+column,0.04,3,75,140,Durchlauchtigster Fürst
140,10208,break,high,short_line+column,0.31,23,75,Durchlauchtigster Fürst,Gnädigster Herr!
140,10209,break,high,short_line,0.21,16,75,Gnädigster Herr!,"Mein erſter Vorſaz war, Ewr Hochfürſtl. Durchlaucht durchaus keine Aud"
140,10213,break,high,short_line,0.36,27,75,mirn — die Sache ist diese.,Ehe ich hieher gieng erhielt ich das sub Litt A beigebogene Schreiben 
140,10218,break,high,short_line,0.44,33,75,Mandatarius ihm bescheiden würde.,Ich suchte u[?] Posen als dann noch den Melzer und den Pre: Braunschwe
140,10225,break,high,short_line,0.33,25,75,sub B beſagt das weitere.,Nach dieser Expedition bis ich die Deputirten welche in Breslau waren 
140,10241,break,high,short_line,0.19,12,64,stehen müße.,"daß erstens diese Sache gänzlich behoben, und daß zweitens mit"
140,10246,break,high,rubric,1.09,70,64,"Schreiben des v. Bornstädt, erfuhr auch noch von mehreren Ei",H. Glenck selbige ersucht habe von den Contract abzustehen und solche
140,10249,break,high,short_line,0.64,41,64,Warum Glenck dies thut bleibt im Rathsel.,Ich erwartete übrigens seine und Wunsters Ankunft-Glencks erfolgte vor
140,10263,break,high,short_line,0.14,10,69,zu senden.,"Sowohl die Gemeinden, als die Frankfurter bestehen darauf daß dieser"
140,10269,break,high,short_line,0.28,19,69,tract heraus giebt.,3tens besteht die Gemeinden darauf daß mit Bornstedt alles ab
140,10282,break,high,short_line,0.22,14,65,nicht ermüden.,Den Revers von Herrn v Brandenstein geruhen Ewr Hochfürstliche Durchla
140,10285,break,high,short_line,0.37,24,65,mit den Leuten abmachen.,"Glenck aber befehlen, höchst dieselbe daß er hier so fort den cedirten"
140,10288,break,high,short_line,0.62,40,65,gerichte auf alle Forderungen renuncirt.,Ich hätte Ewer Durchl. gerne mit dieser Sache verschont. Ich komme abe
140,10290,break,high,short_line,0.66,43,65,"nicht durch, den die Leute bestehen darauf.",Mit Bornstädt sieht alles schrecklich verworren aus Glenck Rochlitz
140,10296,break,high,short_line,0.49,32,65,gerne reine ausgeplündert hätte.,Der Wald ist ganz ruinirt und was die Diebe noch ein Jahrhier ge¬
140,10312,run,review,short_line,0.26,16,62,schen freundes —,"Rasend mögte ich werden wenn ich so was vor Augen bekomme, und"
140,10316,break,high,short_line,0.26,16,62,dens mehr haben.,Was mich jezt am mehrsten quält ist dies — Ewr Durchlaucht haben den
140,10324,break,high,short_line,0.26,16,62,Weisung zu gebe.,"Die Pacht Sache würde ich rechtens abmachen, und bey Gott nichts ver¬"
140,10331,break,high,short_line,0.17,10,60,zu werden.,Wegen die Holz Contracte sieht es eben so gräßlich aus — den so viel d
140,10340,break,high,short_line,0.13,8,60,wundern.,Den Augenblick erfahre ich eine neue Intrigue des Glencks — ich hatte
140,10348,break,high,short_line,0.67,40,60,daß das Geld an Broniewski erlegt würde.,"Der Jude dreht nun wieder, sagt er würde dieſ thu die"
140,10353,run,review,short_line,0.54,34,63,was sich diese Menschen erlauben —,"Wege, der Kaemener und Kulmner Dismembration kan ich auch vor der"
140,10364,run,review,short_line,0.48,30,63,Ewr Hochfürstliche Durchlaucht,Geruhen Ewr Hochfürstliche Durchlaucht die Estaffette mit allen Sachen
140,10372,break,high,short_line+column,0.35,22,63,Betsche den 26ten July,1804
140,10373,break,high,short_line+column,0.06,4,63,1804,treu unterthäniger Diener
140,10374,break,high,short_line+column,0.4,25,63,treu unterthäniger Diener,v Triebenfeld
141,10378,break,high,short_line+column,0.05,3,66,141,Durchlauchtigſter Fürſt
141,10379,break,high,short_line+column,0.35,23,66,Durchlauchtigſter Fürſt,Gnädigster Fürst und Herr!
141,10380,break,high,short_line,0.39,26,66,Gnädigster Fürst und Herr!,Durch den vielen Ärger habe ich ein arges Gallen Fieber bekommen und m
141,10382,break,high,short_line,0.45,30,66,hier in Posen das Bette hüten.,"die Sachen sind alle so verworren, daß man alle wege so viel gegenstän"
141,10391,break,high,short_line,0.48,32,66,Als Ewr Durchlaucht zu betrügen.,Und frey gestanden; so halte ich Wunstern für den ärgsten Spitzbuben —
141,10412,run,review,short_line,0.35,21,60,nach Würde abzahlen —,Dem Niederträchtigen Kerl den Wunſter bekomme ich faſt gar nicht
141,10422,break,high,short_line+column,0.53,32,60,In tiefsten Respect ersterbe als,Ewr Hochfürstliche durchlaucht
141,10423,break,high,short_line+column,0.5,30,60,Ewr Hochfürstliche durchlaucht,Posen den 4ten Aug.
141,10424,break,high,short_line,0.32,19,60,Posen den 4ten Aug.,1804
141,10425,break,high,short_line+column,0.07,4,60,1804,unterthäniger Diener
141,10426,break,high,short_line+column,0.33,20,60,unterthäniger Diener,v Triebenfeld
142,10430,break,high,short_line+column,0.05,3,61,142,Durchlauchtigster Fürst
142,10431,break,high,short_line+column,0.38,23,61,Durchlauchtigster Fürst,Gnädigster Fürst und Herr
142,10432,run,review,short_line,0.41,25,61,Gnädigster Fürst und Herr,"Meine Krankheit iſt ſo hartnäckig, daß ich forthin das Bette oder Soph"
142,10436,break,high,short_line,0.28,17,61,mich sehr schwer.,"Zu beiliegendes Schreiben sagt Bornstädt, daß er abreisen will. ver¬"
142,10442,break,high,short_line,0.64,39,61,ich beigehendes Scopptisches[?] Billet.,den Menschen ohne die Sachen abzumachen reisen laßen ist nicht gut
142,10445,run,review,short_line,0.3,18,61,Feind auf 3 Seiten,"Meine unterthänige Bitte ist, daß Ewr durchlaucht dHr. p Glenck"
142,10456,break,high,short_line,0.56,17,30,non solides fude.,Wann Ewr Hochfürstliche Durchlaucht zu mir kommen werde ich Höchst
143,10466,break,high,short_line+column,0.08,3,38,143,Durchlauchtigſter Fürſt!
143,10467,break,high,salutation+short_line,0.62,24,38,Durchlauchtigſter Fürſt!,Gnädigster Fürst und Herr!
143,10468,break,high,short_line,0.68,26,38,Gnädigster Fürst und Herr!,Ew. Hochfürstlichen Durchlaucht haben die
143,10484,break,high,short_line,0.39,15,38,mich zu nennen.,Ew. Hochfürstlichen Durchlaucht
144,10491,run,review,short_line,0.1,3,31,144,Durchlauchtigster Fürst!
144,10492,break,high,salutation,0.77,24,31,Durchlauchtigster Fürst!,Gnädigster Fürst und Herr!
144,10494,break,high,rubric,1.35,42,31,Ew. Hochfürstlichen Durchlaucht Befehl vom,31. v. h. habe ich heute erhalten.
144,10503,break,high,short_line,0.55,17,31,der ich erſterbe.,Ew hochfürstlichen Durchlaucht
144,10506,break,high,short_line+column,0.71,22,31,unterthänigster Diener,Amelang
145,10510,break,high,short_line+column,0.06,3,53,145,Durchlauchtigster Fürst
145,10511,break,high,short_line+column,0.43,23,53,Durchlauchtigster Fürst,Gnädigster Herr!
145,10512,break,high,short_line,0.3,16,53,Gnädigster Herr!,"Nachdem ich den Wage und beinahe den Hals dazu gebrochen, bin ich,"
145,10519,break,high,short_line,0.32,17,53,erfordert würden.,Mit dem Honrichs sieht es übel aus — der Mensch zahlt
145,10523,break,high,short_line,0.25,13,53,gebracht ist.,Der p Grimm will ihm sofort gerichtlich zur Zahlung an
145,10539,break,high,short_line+column,0.46,23,50,Ehrfurchtsvoll ersterbe,Ewr hochfürstliche Durchlaucht
145,10540,break,high,short_line+column,0.6,30,50,Ewr hochfürstliche Durchlaucht,Kalisz den 14ten Novbr
145,10541,break,high,short_line+column,0.44,22,50,Kalisz den 14ten Novbr,1804.
145,10542,break,high,short_line,0.1,5,50,1804.,unterthäniger Diener
145,10543,break,high,short_line+column,0.4,20,50,unterthäniger Diener,v Triebenfeld
146,10547,break,high,short_line+column,0.05,3,58,146,Durchlauchtigster Fürst
146,10548,break,high,short_line+column,0.4,23,58,Durchlauchtigster Fürst,Gnädigster Herr!
146,10549,break,high,short_line,0.28,16,58,Gnädigster Herr!,"Aus das beigebogene Schreiben des Pankratz wollen Sich Ewr Hoch,"
146,10580,run,review,short_line,0.57,32,56,v Malachowski mit verkauft hat —,Nötig wäre daß Glenck einen Revers ausstellt worin er sagt
146,10598,break,high,short_line,0.4,23,57,und am sichersten gehn.,sonsten hat man nur den Poſsen geſpielt und die Felder doch
146,10606,run,review,short_line,0.14,8,57,dorben —,so haben zum Beispiel die Geometers die Charte noch nicht
146,10612,break,high,short_line,0.44,25,57,wie er aus Trąbczyn kömt.,Der Landrath v Blomberg ist der ärgste Rabulist dem
146,10626,break,high,short_line,0.68,38,56,"nehmen, damit ich mich nicht verrathe.",wegen Przespolewski hat die Regierung Execution hierher
146,10629,break,high,rubric,0.96,54,56,Ich habe sogleich das nötige dagegen einreichen laßen.,1. hat der Przespolewski die Forderung an einen gewißen Mag¬
146,10631,break,high,rubric+short_line,0.21,12,56,nuski cedirt,2. hat Szczucki solche mit Arrest belegt
146,10632,break,high,rubric,0.71,40,56,2. hat Szczucki solche mit Arrest belegt,3. Ist das Document verlohren gegangen es kan nichts ge¬
146,10637,break,high,short_line+column,0.66,37,56,cediren? In tiefsten Respect ersterbe,Ewr Hochfürstliche Durchlaucht
146,10638,run,review,short_line,0.54,30,56,Ewr Hochfürstliche Durchlaucht,"Wegen Radzinski ist alles besorgt, die Regis¬"
146,10643,break,high,short_line+column,0.14,8,56,Trąbczyn,den 17ten 9br
146,10644,break,high,short_line+column,0.23,13,56,den 17ten 9br,1804
146,10645,break,high,short_line+column,0.07,4,56,1804,unterthänigster Diener
146,10646,break,high,short_line+column,0.39,22,56,unterthänigster Diener,v Triebenfeld
147,10650,break,high,short_line+column,0.04,3,67,147,Durchlauchtigſter Fürſt
147,10651,break,high,short_line+column,0.34,23,67,Durchlauchtigſter Fürſt,Gnädigster Herr!
147,10652,break,high,short_line,0.24,16,67,Gnädigster Herr!,"Ich habe die mühseeligste Reise, die ich in meinen Lebe gemacht, nach "
147,10662,break,high,short_line,0.51,34,67,und sie nach Breslau zu bestellen.,Da indes die Biblischen Geſezzgeber lehrten — alles zu prüfen und das 
147,10680,break,high,short_line,0.37,23,62,Grundsazz treu bleiben.,"Mit der Taxa der Güter hier geht es, bey den besten Willen des p Schen"
147,10686,break,high,short_line,0.21,13,62,alles liegen.,In tiefsten Respect ersterbe ich als
147,10687,break,high,short_line+column,0.58,36,62,In tiefsten Respect ersterbe ich als,Ewr Durchlaucht
147,10688,break,high,short_line+column,0.24,15,62,Ewr Durchlaucht,Trąbczyn den 25ten 9br
147,10689,break,high,short_line+column,0.35,22,62,Trąbczyn den 25ten 9br,1804.
147,10690,break,high,short_line,0.08,5,62,1804.,unterthänigster Diener
147,10691,break,high,short_line+column,0.35,22,62,unterthänigster Diener,v Triebenfeld
147,10703,run,review,short_line,0.69,44,64,ich mich von Glenck und Rochlitz nicht laßen,Die Menschen hier alle werden Confuse — den jezt hat Glenck hier
147,10708,run,review,short_line,0.38,24,64,Ewr Durchlaucht Intresse,Der Justiz Bürgermeister Schema bittet um baldige Verhaltungs¬
148,10717,break,high,short_line+column,0.06,3,53,148,P[ro]. M[emoria].
148,10718,break,high,short_line,0.32,17,53,P[ro]. M[emoria].,In dem Tableaux was Glenck Ewr Hochfürstliche Durchlaucht eben
148,10729,break,high,short_line,0.3,16,53,laucht erwächſt.,Wann hierzu der Olesnicer Verlust mit 48000 rt gegen den
148,10734,break,high,short_line+column,0.15,8,53,Trąbczyn,den 2ten Xbr 1804.
148,10735,break,high,short_line,0.34,18,53,den 2ten Xbr 1804.,v Triebenfeld
149,10739,break,high,short_line+column,0.05,3,59,149,Durchlauchtigster Fürst
149,10740,break,high,short_line+column,0.39,23,59,Durchlauchtigster Fürst,Gnädigster Herr!
149,10741,break,high,short_line,0.27,16,59,Gnädigster Herr!,Noch immer sehe ich die Ankunft der Oder und Nezzbrücher Leute
149,10766,break,high,short_line,0.17,10,60,hafte ich.,"Der lezthinige Ärger mit Glenck, wo mir der Mensch ins Gesicht"
149,10771,break,high,short_line,0.59,35,60,"zu hüten, ich bin noch sehr Marade.",Ubrigens haben die Wrąbczyner Unterthanen gegen ihren Contract
149,10787,break,high,short_line,0.46,26,56,"giebt, mit verkaufen will.",Die Unterthanen flehen daß Ewer Durchlaucht dies nicht gestatten
149,10795,break,high,short_line,0.62,35,56,worbenes Eigenthum entreißen wolle.,In tiefster Hochachtung ersterbe
149,10796,break,high,short_line+column,0.57,32,56,In tiefster Hochachtung ersterbe,Ewr Hochfürstliche Durchlaucht
149,10797,break,high,short_line+column,0.54,30,56,Ewr Hochfürstliche Durchlaucht,Trąbczyn
149,10798,break,high,short_line+column,0.14,8,56,Trąbczyn,den 2ten Decbr.
149,10799,break,high,short_line,0.27,15,56,den 2ten Decbr.,1804
149,10800,break,high,short_line+column,0.07,4,56,1804,unterthänigster Diener
149,10801,break,high,short_line+column,0.39,22,56,unterthänigster Diener,v Triebenfeld
150,10805,run,review,short_line,0.05,3,58,150,der Landes Altesten v. Lichnowski: schreibt d. d. 23. Nov. 1804.
150,10807,break,high,short_line,0.22,13,58,an Sr durchl:,daß er seit anderthalb Jahren vom 4 May 1803. bis 4 Nov. a. c.
150,10818,break,high,short_line,0.33,19,58,ihr zu befriedigen.,Antwort.
150,10819,break,high,short_line,0.14,8,58,Antwort.,"die Pächter hätten nicht gezahlt — er würde befriedigt werden, da"
151,10825,break,high,short_line+column,0.04,3,68,151,Durchlauchtigster Fürst
151,10826,break,high,short_line+column,0.34,23,68,Durchlauchtigster Fürst,Gnädigster Herr!
151,10827,break,high,short_line,0.24,16,68,Gnädigster Herr!,Ewr Hochfürstliche Durchlaucht beide Schreiben vom 30. Novbr und 2. Xb
151,10849,break,high,short_line,0.55,35,64,Wrąbczyn statt 1500 rt nur 1123 rt.,"Auf den Wald ist bey den niederen HolzPreisen sehr wenig zu rechnen, i"
151,10854,break,high,short_line,0.48,31,64,Schulden bezahlt werden können.,Die Taxatoren hatten anfänglich die Sache nach den Tableaux genommen
151,10858,break,high,short_line,0.41,26,64,ganze Taxa umändern müßen.,Lichnowski hatt einen Theil von die Zehn Tausend Rthl welche die
151,10876,break,high,short_line,0.47,28,60,anfertigung der Taxa halten.,Die Zinsen an Lichnowschen werden hier bezahlt — Ewr Durchlaucht
151,10881,break,high,short_line,0.52,31,60,wieder abgeführt werden können.,"Was guter Wille und menschliche Kräfte vermögen, werde ich aufbieten"
151,10884,break,high,short_line+column,0.6,36,60,In tiefſter Hochachtung erſterbe als,Ewr Hochfürstliche Durchlaucht
151,10885,break,high,short_line+column,0.5,30,60,Ewr Hochfürstliche Durchlaucht,unterthänigster Diener
151,10886,break,high,short_line+column,0.37,22,60,unterthänigster Diener,Trąbczyn
151,10887,break,high,short_line+column,0.13,8,60,Trąbczyn,den 7ten Decbr.
151,10888,break,high,short_line,0.25,15,60,den 7ten Decbr.,v Triebenfeld
151,10889,break,high,short_line+column,0.22,13,60,v Triebenfeld,1804
152,10893,break,high,short_line+column,0.05,3,61,152,Durchlauchtigster Fürst
152,10894,break,high,short_line+column,0.38,23,61,Durchlauchtigster Fürst,Gnädigster Fürst und Herr!
152,10895,break,high,short_line,0.43,26,61,Gnädigster Fürst und Herr!,Den frey-Paß auf Hohenlohische Weine werden Ewr Hochfürstliche
152,10908,break,high,short_line,0.7,43,61,Ehre das einzige Ziel aller Handlungen ist.,Der Herr K[rieges]. R[ath]. Bernhardi hat mich übrigens mit dem Gelde
152,10923,break,high,short_line,0.39,17,44,zurükziehen wird.,"Nothard hinterläßt 28000 rt. Schulden, wovon seine Gläubiger"
152,10927,break,high,short_line+column,0.68,30,44,Ewr Hochfürstliche Durchlaucht,Berlin den 7ten Januar
152,10928,break,high,short_line+column,0.5,22,44,Berlin den 7ten Januar,1805.
152,10929,break,high,short_line,0.11,5,44,1805.,treu unterthäniger Diener
152,10930,break,high,short_line+column,0.57,25,44,treu unterthäniger Diener,v Triebenfeld
153,10934,break,high,short_line+column,0.05,3,60,153,Durchlauchtigſter Fürſt
153,10935,break,high,short_line+column,0.38,23,60,Durchlauchtigſter Fürſt,Gnädigster Fürst und Herr!
153,10936,break,high,short_line,0.43,26,60,Gnädigster Fürst und Herr!,"Die Anschaffung der 25000 rt. macht mich viel Kummer, da Herr von"
153,10955,break,high,rubric,1.13,68,60,"Es soll also, wer irgend mit den Zinsen ausbleibt, oder sich",12. Jan 1805
154,10959,break,high,short_line+column,0.06,3,52,154,Durchlauchtigster Fürst
154,10960,break,high,short_line+column,0.44,23,52,Durchlauchtigster Fürst,Gnädigster Herr
154,10961,run,review,short_line,0.29,15,52,Gnädigster Herr,"Die Sache wegen Anlehn ist in besten Gange, Gott gebe daß"
154,10964,break,high,short_line,0.31,16,52,sonst gute Mann.,Alles was mir Ew Durchlaucht untern 13ten aufzutragen
154,10966,break,high,short_line,0.69,36,52,geruhet würde ich treulich besorgen.,Was übrigens Wollenhaupt von Sequestration geschwazt
154,11001,break,high,short_line,0.71,35,50,Er wird gewis ſehr klein laut ſind.,In leuteten Submission ersterben
154,11002,break,high,short_line+column,0.65,32,50,In leuteten Submission ersterben,Ewr Durchlaucht
154,11003,break,high,short_line+column,0.3,15,50,Ewr Durchlaucht,Berlin den 15ten Januar
154,11004,break,high,short_line+column,0.46,23,50,Berlin den 15ten Januar,1805
154,11005,break,high,short_line+column,0.08,4,50,1805,treuester Diener
154,11006,break,high,short_line+column,0.32,16,50,treuester Diener,v Triebenfeld
155,11010,break,high,short_line+column,0.06,3,48,155,Hochwohlgebohrner Herr
155,11011,run,review,short_line,0.46,22,48,Hochwohlgebohrner Herr,Hochzuverehrender Herr Krieges und Forst Rath!
155,11038,run,review,short_line,0.67,31,46,"Kalisz nach Trąbczyn abgereißt,",Ich empfehle mich zu fernerer Gewogenheit unterthä¬
155,11041,break,high,short_line,0.33,15,46,ehrung zu seyn.,Euer Hochwohlgebohren
155,11042,break,high,short_line+column,0.46,21,46,Euer Hochwohlgebohren,Breslau den 16ten Jan
155,11043,break,high,short_line+column,0.46,21,46,Breslau den 16ten Jan,1805.
155,11044,break,high,short_line,0.11,5,46,1805.,unterthäniger Diener
155,11045,break,high,short_line+column,0.43,20,46,unterthäniger Diener,A: Hahn
156,11049,break,high,short_line+column,0.06,3,49,156,Durchlauchtigster Fürst
156,11050,break,high,short_line+column,0.47,23,49,Durchlauchtigster Fürst,Gnädigster Herr!
156,11051,break,high,short_line,0.33,16,49,Gnädigster Herr!,"Wann ich auf irgend einer Art die 25000 rt, ohne das große"
156,11054,break,high,short_line,0.71,35,49,mit den glühendesten Eyfer bewürkt.,Nehme aber das wenigere so kostet es und die Hände
156,11061,break,high,short_line,0.67,33,49,"aber man zögert, Gott weis warum.",Ich thue gewis alles was Menschliche Kräfte vermög
156,11083,break,high,short_line,0.25,13,52,Bauer laufen.,"Solte die Schlabrendorffen unartig sein, so ist hier für"
156,11088,break,high,short_line+column,0.14,6,42,156 a),Abschrifft.
156,11089,break,high,short_line,0.26,11,42,Abschrifft.,Euer Durchlaucht haben durch den Krieges Rath v. Trieben
156,11095,break,high,short_line,0.14,6,42,würde.,Im vollen Vertrauen auf Euer mir gegebennt
156,11100,break,high,short_line,0.67,28,42,nicht Wort halten zu können.,"Ich würde, mich durch eine fernere Nachsicht"
156,11106,break,high,short_line,0.48,20,42,fortsetzen zu laßen.,Euer melde solches hierdurch ergebenst
156,11108,break,high,short_line+column,0.5,21,42,und habe die Ehren pp,Breslau 16ten Jan.
156,11109,break,high,short_line,0.43,18,42,Breslau 16ten Jan.,1805.
156,11110,break,high,short_line,0.12,5,42,1805.,Graefin von Schlabrendorff
156,11115,break,high,short_line,0.71,22,31,durchzukommen gedenkt.,Der C[?] General empfiehlt sich Ewr Durchlaucht auf das
156,11117,break,high,short_line,0.48,15,31,ehrerbietigſte.,den Frey Paß auf 120 Eignier Wein werden Ewr Durchl.
156,11121,run,review,short_line,0.52,16,31,Ewre Durchlaucht,So eben höhre ich das Bernhardi
156,11131,break,high,short_line,0.42,13,31,Verlegenheit.,Berlin d. 19ten Januar
156,11132,break,high,short_line+column,0.71,22,31,Berlin d. 19ten Januar,1805.
156,11133,break,high,short_line,0.16,5,31,1805.,unterthäniger Diener
156,11134,break,high,short_line+column,0.65,20,31,unterthäniger Diener,v Triebenfeld
157,11138,break,high,short_line+column,0.05,3,55,157,Durchlauchtigster Fürst
157,11139,break,high,short_line+column,0.42,23,55,Durchlauchtigster Fürst,Gnädigster Herr
157,11140,run,review,short_line,0.27,15,55,Gnädigster Herr,Durch die Vermittelung des bidern Generale v. Köckritz habe ich
157,11148,break,high,short_line,0.42,23,55,"discontiren, zu retten.",Glückt es jezt hier so ist alles gemacht — der Thörichten Schla¬
157,11162,break,high,short_line,0.65,28,43,"bezahlt werden, zu kündigen.",Heute hat die Sache wegen des Dahrlehns zum Vortrag kommen
157,11165,break,high,rubric,1.37,59,43,Session angieng an den Incletiarius[?] des Militair Depart.,"H. Geh[eimen]. Rath v. Köehnen, Sobald die Bitte accordirt ist nehme"
157,11170,break,high,short_line,0.44,19,43,berichtigen können.,In tiefsten Respect ersterbe
157,11171,run,review,short_line,0.65,28,43,In tiefsten Respect ersterbe,Euer Hochfürstliche Durchlaucht
157,11181,break,high,short_line+column,0.56,24,43,Berlin den 22 ten Januar,1805.
157,11182,break,high,short_line,0.12,5,43,1805.,unterthänigster Diener
157,11183,break,high,short_line+column,0.51,22,43,unterthänigster Diener,v Triebenfeld
158,11187,break,high,short_line+column,0.05,3,59,158,Durchlauchtigster Fürst
158,11188,break,high,short_line+column,0.39,23,59,Durchlauchtigster Fürst,Gnädigster Herr
158,11189,run,review,short_line,0.25,15,59,Gnädigster Herr,Endlich ist es durch Vermittelung des Verehrungswürdigen Generals
158,11190,break,high,rubric,1.1,65,59,Endlich ist es durch Vermittelung des Verehrungswürdigen Gen,"v. Köckritz gelungen, daß das Invaliden Departement nun erklärt"
158,11198,break,high,short_line,0.49,29,59,werde 50 Jahre stehen können.,Das pupille Depositorum die Wittwen Casse noch weniger die
158,11214,run,review,short_line,0.44,24,54,warteste Loos beſchied —,"Sobald ich nun das Geld erhalte zahle ich die ſehen gefordert,"
158,11217,break,high,short_line,0.51,28,54,Summa nach Abzug der Kosten.,Mit die Girard und Haukſche Sache bin ich fertig ich zahlen
158,11243,break,high,short_line,0.22,13,58,werden solte.,Die Mennonistes werde ich nach Ewer Durchlaucht Befehl bestimmt
158,11245,run,review,short_line,0.16,9,58,antworten,des Wollenhaupts Urteil wegen Dismembrierung der Güter
158,11258,break,high,short_line,0.66,25,38,früher als des Contracts.,"Den künftigen Mittwoch gehe ich von hier zurück, um in Kalisz"
158,11271,break,high,short_line+column,0.42,16,38,nach zu schicken,Berlin
158,11272,break,high,short_line+column,0.16,6,38,Berlin,den 26ten Januar
158,11273,break,high,short_line+column,0.42,16,38,den 26ten Januar,1805
158,11274,break,high,short_line+column,0.11,4,38,1805,unterthäniger Diener
158,11275,break,high,short_line+column,0.53,20,38,unterthäniger Diener,v Triebenfeld
159,11279,break,high,short_line+column,0.07,3,43,159,Durchlauchtigster Fürst
159,11280,break,high,short_line+column,0.53,23,43,Durchlauchtigster Fürst,Gnädigster Fürst und Herr
159,11281,run,review,short_line,0.58,25,43,Gnädigster Fürst und Herr,Mitt der unsäglichsten Mühe hat endlich der redliche Ame¬
159,11295,run,review,short_line,0.7,30,43,Ewr Hochfürstliche Durchlaucht,den Brief an die Herren Kuh geruhe
159,11298,run,review,short_line,0.49,21,43,treu gehorsamster Dir,"Wie war ist wohl, in Stande die Dismembration"
159,11301,break,high,short_line,0.67,29,43,Berlin den 31ten Januar 1805.,v Triebenfeld
160,11305,break,high,short_line+column,0.05,3,62,160,Durchlauchtigſter Fürſt
160,11306,break,high,short_line+column,0.37,23,62,Durchlauchtigſter Fürſt,Gnädigster Fürst und Herr!
160,11307,break,high,short_line,0.42,26,62,Gnädigster Fürst und Herr!,Es ist gränzenlos arg wie jezt alle Geschäfte hier erschwert werden.
160,11319,break,high,short_line,0.39,24,62,die Intressen risquiren.,die Geschäftsmänner nehmen 6 pct. Es ist viel jedoch bey diesen
160,11322,break,high,short_line,0.65,40,62,eine halbe Ewigkeit hindurch stehen kan.,"Mit Girard bin ich einig, dem habe ich 900 rt Intresse bezahlt"
160,11336,break,high,short_line,0.09,5,58,sein.,"Die Olesnicer Kerls müßen heraus geſchmißen werden, den die"
160,11347,break,high,short_line,0.5,29,58,den Zins jährlich zu erlegen.,In tiefste Respect ersterbe
160,11348,break,high,short_line+column,0.47,27,58,In tiefste Respect ersterbe,Ewr Hochfürstliche Durchlaucht
160,11349,break,high,short_line+column,0.52,30,58,Ewr Hochfürstliche Durchlaucht,Berlin d 2t Februar
160,11350,break,high,short_line+column,0.33,19,58,Berlin d 2t Februar,1805
160,11351,break,high,short_line+column,0.07,4,58,1805,treu gehorsamer Diener
160,11352,break,high,short_line+column,0.38,22,58,treu gehorsamer Diener,v Triebenfeld
161,11356,break,high,short_line+column,0.06,3,47,161,Durchlauchtigſter Fürſt!
161,11357,break,high,salutation+short_line,0.51,24,47,Durchlauchtigſter Fürſt!,Gnädigster Fürst und Herr!
161,11358,break,high,short_line,0.55,26,47,Gnädigster Fürst und Herr!,Ew. Hochfürstl. Durchlaucht gnädiges Schreiben von 3. fl.
161,11362,break,high,rubric,0.91,43,47,"vorlegen können u er war sehr erfreuet, daß",E. Hochfürſtl. Durchlaucht mit ſeiner Bemühung
161,11385,break,high,short_line,0.51,22,43,laucht erhalten mögen.,Ich erſterbe mit Ehrfurcht
161,11386,break,high,rubric+short_line,0.6,26,43,Ich erſterbe mit Ehrfurcht,E. Hochfürstl. Durchlaucht
161,11388,break,high,short_line+column,0.49,21,43,Berlin d. 9. Feb 1805,unterthänigſter diener
161,11389,break,high,short_line+column,0.51,22,43,unterthänigſter diener,Amelang
162,11393,break,high,short_line+column,0.05,3,57,162,Durchlauchtigster Fürst
162,11394,break,high,short_line+column,0.4,23,57,Durchlauchtigster Fürst,Gnädigster Herr!
162,11395,break,high,short_line,0.28,16,57,Gnädigster Herr!,Ein seit 14 Tagen an alle hiesige Kammern erlaßener Befehl des
162,11425,break,high,short_line,0.54,28,52,die Revision nachgeben wird.,Ich muß indes hier vor Anker liegen und die Antwort abwar¬
162,11435,run,review,short_line,0.47,26,55,und wir einigte uns wieder,"Er wünscht sehr baldigst drey branzirte Büsten, die er"
162,11443,break,high,short_line,0.45,25,55,in die Tischler Magazine.,Ich mögte dem guten Mann gerne rechtschnell damit überaschun
162,11456,break,high,short_line+column,0.58,32,55,In tiefster Hochachtung ersterbe,Ewr Hochfürstliche Durchlaucht
162,11457,run,review,short_line,0.55,30,55,Ewr Hochfürstliche Durchlaucht,Wann ich nur bald die 3 franzirte Büſte und das Lavoir
162,11460,break,high,short_line,0.51,28,55,Kalisz den 24ten Febr. 1805.,treu unterthäniger Diener
162,11461,break,high,short_line+column,0.45,25,55,treu unterthäniger Diener,v Triebenfeld
163,11465,break,high,short_line+column,0.04,3,76,163,Durchlauchtigster Fürst
163,11466,break,high,short_line+column,0.3,23,76,Durchlauchtigster Fürst,Gnädigſter Herr!
163,11467,break,high,short_line,0.21,16,76,Gnädigſter Herr!,Ewr Hochfürstliche Durchlaucht gnädiges Schreiben habe ich per Estaffe
163,11469,break,high,short_line,0.63,48,76,Olesnicern die Antwort gestern zu stellen laßen.,Morgen steht zu Trąbczyn in dieser Sache Terminus an und ich hoffte in
163,11471,break,high,short_line,0.46,35,76,die Geschichte finalisirt zu sehen.,"Die Buben sagen, daß sie gegen Ewr Durchlaucht ungern prozeßiren wolle"
163,11478,break,high,short_line,0.2,15,76,Wunsch ausfält.,Szetlewek will der von Otocki in Erbpacht nehmen — Er bietet schon 100
163,11480,run,review,short_line,0.55,42,76,bustands Geld und 1500 rt jährlichen Canon,"Glenck hat das Gut auf 40000 rt veranschlagt, er hat aber vom Trąbczyn"
163,11496,break,high,short_line,0.43,29,68,den alten Unterthanen hoffen.,Mit dem Honrichs sieht es übel aus — der Kerl zahlt nicht — Er sagt
163,11544,run,review,short_line,0.7,28,40,In tiefsten Respect ersterbe,Ewr Hochfürstliche Durchlaucht
163,11552,run,review,short_line,0.35,14,40,veräußert sein,Das Gallen Fieber hat mich wieder gepackt.
163,11556,break,high,short_line+column,0.45,18,40,Kalisz d 1ten Marz,1805
163,11557,run,review,short_line,0.1,4,40,1805,unterthänigster treuer Diener
164,11562,break,high,short_line+column,0.04,3,68,164,Durchlauchtigſter Fürſt
164,11563,break,high,short_line+column,0.34,23,68,Durchlauchtigſter Fürſt,Gnädigster Herr!
164,11564,break,high,short_line,0.24,16,68,Gnädigster Herr!,"Von Berlin ist noch keine Resolution erfolgt, ich weis nicht was ich v"
164,11572,break,high,short_line,0.44,30,68,mir von Berlin aus bescheidet.,die Chicanen mit Revision der Taxen sind ganz neu und rühren blos von 
164,11580,break,high,short_line,0.68,46,68,so muß sich auch hier ein Ausweg finden laßen.,Hier geht so weit alles nach Wunsch und ich hoffe einen schweren Klump
164,11588,break,high,short_line,0.41,26,64,500 rthl auf ewige Zeiten.,was mit Swięcia geschehen und ob mein Plan glücken wird erfahre ich he
164,11590,break,high,short_line,0.13,8,64,Nerlich.,Zum Ankauf der Gründe [me?]hhn überhaupt dismembrirt werden sollen hab
164,11595,break,high,short_line,0.06,4,64,kan.,Die Kammer hatte dem Landrath die Untersuchung übertragen und
164,11606,run,review,short_line,0.65,41,64,eine Abschrift aller dieser Verhandlungen,Mit dem Olesnicer Kerls wird sich alles sehr Gemach beheben.
164,11610,break,high,rubric,1.02,62,60,"nicht ein Jotta gewust habe) ein Edict vorhanden, nach welch",1. keinen Bauer oder unadeliche ohne besondern Königl. Consens ein ade
164,11612,break,high,rubric+short_line,0.61,37,60,Gut in Erbpacht überlaßen werden darf,2. darf selbst an Adeliche Erbpächter
164,11613,break,high,rubric,0.61,37,60,2. darf selbst an Adeliche Erbpächter,a. nicht die Jurisdiction
164,11614,break,high,rubric,0.41,25,60,a. nicht die Jurisdiction,b. nicht die Zad
164,11615,break,high,rubric,0.26,16,60,b. nicht die Zad,c. nicht das Bier und Brandwein Urbar und
164,11616,break,high,rubric,0.68,41,60,c. nicht das Bier und Brandwein Urbar und,"d. nicht die Gewalt die alte Unterthanen zu vertreiben, oder sie in"
164,11618,run,review,short_line,0.46,28,60,ihren Nahrungen zu verrücken,"mit übergeben, oder den Erbpächtern überlaßen werden"
164,11643,break,high,short_line,0.22,13,60,nommen hatte.,Vom Dombrowski erfahre ich so eben daß der Prusimskiſche
164,11658,break,high,short_line+column,0.63,38,60,mich ganz auf — Indes ersterbe ich als,Euer Durchlaucht
164,11659,break,high,short_line+column,0.27,16,60,Euer Durchlaucht,Kalisz d 4ten März 1805.
164,11660,break,high,short_line,0.4,24,60,Kalisz d 4ten März 1805.,treuer Knecht
164,11661,break,high,short_line+column,0.22,13,60,treuer Knecht,v Triebenfeld
165,11665,break,high,short_line+column,0.06,3,48,165,Hochwohlgebohrner Herr
165,11666,run,review,short_line,0.46,22,48,Hochwohlgebohrner Herr,Hochzuverehrender Herr Krieges und Forst Rath!
165,11667,break,high,salutation,0.96,46,48,Hochzuverehrender Herr Krieges und Forst Rath!,Ich habe die Ehre Euer Hochwohlgebohren noch einiges
165,11694,break,high,short_line+column,0.48,22,46,"Euer Hochwohlgebohren,",Breslau d 8ten Mertz
165,11695,break,high,short_line+column,0.44,20,46,Breslau d 8ten Mertz,1805.
165,11696,break,high,short_line,0.11,5,46,1805.,unterthäniger Diener
165,11697,break,high,rubric+short_line,0.44,20,46,unterthäniger Diener,A. Hahn
166,11701,break,high,short_line+column,0.05,3,59,166,Durchlauchtigster Fürst
166,11702,break,high,short_line+column,0.39,23,59,Durchlauchtigster Fürst,Gnädigster Herr!
166,11703,break,high,short_line,0.27,16,59,Gnädigster Herr!,Bald werde ich den Nahmen laßen Cabalen des fin. Departements doch un¬
166,11709,run,review,short_line,0.17,10,59,bettelstab,"Mir hatt er hier alles inhibiren laßen, und zu dem Ende der Cammer"
166,11716,break,high,short_line,0.68,40,59,wie bey Betsche nicht mehr gedeckt warm.,In der Voraussetzung daß dies leztere gewis der Fall
166,11719,run,review,short_line,0.68,40,59,fals die strengsten Maasregeln ergreifen,Die Commission ist heute abgegangen ich habe zwar obsiegt
166,11722,run,review,short_line,0.67,40,60,aber Geld Gesundheit sind drauf gegangen,"Ich habe indes erwiesen, daß ich nichts ohne Vorwißen des Landes Behör"
166,11724,break,high,rubric+short_line,0.2,12,60,"gethan habe,","2. daß ich stricte der Vorschrift gemäß gehandelt habe,"
166,11725,break,high,rubric,0.92,55,60,"2. daß ich stricte der Vorschrift gemäß gehandelt habe,","3. daß alles verkauft sei, daß ohne eine völlige zerrüttung"
166,11728,break,high,rubric+short_line,0.45,27,60,bration statt finden könne.,4. daß die reellesten Einkünfte des Dominii sich jezt auf 8 mahl so
166,11731,break,high,rubric+short_line,0.61,36,60,onera Publica 10 fach gedeckt wären.,5. Daß das Fürsten Durchlaucht die Einstands Gelder zu nichts andern
166,11734,break,high,rubric,0.76,45,60,"wendete, um die Güter reine zu machen und daß",6. Diese Güter ein Majorat der Fürstl Familie bleiben solten
166,11737,break,high,short_line,0.22,13,60,onirt hätten.,"die Comission hatt dies alles bewährt gefunden, und hatt die Inhibi¬"
166,11749,break,high,short_line,0.51,32,63,und dan hatt alle Noth ein Ende.,die noch einkommen sollende 180850 rt. können dann zur Tilgung
166,11767,run,review,short_line,0.44,28,63,und ich hinterlaße Bettler —,Auch trift seit einiger Zeit ein Unglück über das andere
166,11771,break,high,short_line,0.31,18,58,an 6000 rt kosten.,in einem andern bin ich Contumacirt und werde Mühe haben
166,11781,break,high,short_line,0.12,7,58,Grunde.,"Ich zittere freilich, wann ich hier weg gehe und den Leitfaden"
166,11786,break,high,short_line,0.27,16,58,größern verlust.,"Ich werde da alles hier versteht, dem Schenck und noch ein"
166,11793,break,high,short_line,0.53,31,58,In tiefer Hochachtung ersterbe.,Ewr Durchlaucht
166,11794,break,high,short_line+column,0.26,15,58,Ewr Durchlaucht,Trąbczyn den 29ten July
166,11795,break,high,short_line+column,0.39,23,58,Trąbczyn den 29ten July,1805.
166,11796,break,high,short_line,0.09,5,58,1805.,unterthäniger Diener
166,11797,break,high,short_line+column,0.34,20,58,unterthäniger Diener,v Triebenfeld
167,11801,break,high,short_line+column,0.08,3,40,167,Hochwohlgebohrner Herr
167,11802,run,review,short_line,0.56,22,40,Hochwohlgebohrner Herr,Hochzuverehrender Herr Krieges und Forst Raths
167,11811,break,high,short_line,0.48,19,40,Ordonanz abgiengen.,der alte Fürst befinden sich für Ihr Alten
167,11823,break,high,short_line,0.21,5,24,1805.,unterthäniger Diener
167,11825,run,review,short_line,0.3,7,24,A: Hahn,die Rükkunft nach Breslau
168,11830,break,high,short_line+column,0.05,3,56,168,Durchlauchtigſter Fürſt
168,11831,break,high,short_line+column,0.41,23,56,Durchlauchtigſter Fürſt,Gnädigster Herr!
168,11832,break,high,short_line,0.29,16,56,Gnädigster Herr!,Der hier Fuß hoch liegende Schnee hindert meine ganze Operationen
168,11844,break,high,rubric,1.04,58,56,Das Departement verlangt eilig noch das Refus des Minister,v. Voss und der Kammer wegen revidirung der Taxen. Dies über
168,11862,break,high,short_line,0.66,40,61,ich längst in meinen Eyfer ermüdet sein.,Herr p. Glenck macht sich hier über meine Handlungen lustig macht solc
168,11873,run,review,short_line,0.44,27,61,mit dem Complott verhindert,Alles ist in der grösten Confusion und Niemand kann weder Anfang
168,11878,break,high,short_line,0.67,29,43,vermeßungs Kosten eingeklagt.,Chwalowski verlangt 850 rt.
168,11879,break,high,short_line,0.63,27,43,Chwalowski verlangt 850 rt.,"Sprengel, was H. Glenck jezt attestirt 61 rt."
168,11881,break,high,short_line,0.44,19,43,Wollenhaupt 800 rt.,aus sind 3011 rt.
168,11882,break,high,short_line,0.4,17,43,aus sind 3011 rt.,"Schon habe die Menschen große Summen erhalten, und demohngeachtet ist"
168,11887,run,review,short_line,0.49,21,43,ich kenne den Curator,"der Chwalowski wird sich mit der Hälfte begnügen müßen,"
168,11895,break,high,short_line,0.56,24,43,daher giengen ab 600 rt.,Ferner habe er durch 4 Jahre 5 Huben Land
168,11899,break,high,short_line,0.33,14,43,facit 1200 rt.,Er müße daher noch heraus geben 400 rt.
168,11905,break,high,short_line,0.36,21,58,Leute gesucht würden.,In Ansehung der benuzten 5 Huben sagt derselbe auch daß ihm
168,11906,break,high,rubric,1.02,59,58,In Ansehung der benuzten 5 Huben sagt derselbe auch daß ihm,H. Glenck die Erlaubnis gegeben ſolche frey zu benuzzen und
168,11909,break,high,short_line,0.34,20,58,und alles zu ziehen.,"Die Wohnung will der Kerl auch nicht räumen, den er sagt so"
168,11918,run,review,short_line,0.52,30,58,finden wir hundert für einen —,"zum rasend werden, aber ist es sich mit allen diesen Buben"
168,11922,run,review,short_line,0.29,17,58,zu viel schaden —,Schenck besteht absolut auf 4 Herren Land und auf die Frey
168,11925,break,high,short_line,0.71,41,58,laucht darüber mündlichen Vortrag machen.,Mit unbegränzter Treue ersterbe als
168,11926,break,high,short_line+column,0.6,35,58,Mit unbegränzter Treue ersterbe als,Ewr Durchlaucht
168,11927,break,high,short_line+column,0.26,15,58,Ewr Durchlaucht,Trąbczyn
168,11928,break,high,short_line+column,0.14,8,58,Trąbczyn,den 31ten März 1805
168,11929,break,high,short_line+column,0.33,19,58,den 31ten März 1805,unterthäniger Diener
168,11930,break,high,short_line+column,0.34,20,58,unterthäniger Diener,v Triebenfeld
169,11934,break,high,short_line+column,0.05,3,58,169,Durchlauchtigster Fürst
169,11935,break,high,short_line+column,0.4,23,58,Durchlauchtigster Fürst,Gnädiger Herr
169,11936,run,review,short_line,0.22,13,58,Gnädiger Herr,Der Minister v Voss hat in dem despotischensten Ausdrücken alle Revidi
169,11943,run,review,short_line,0.36,21,58,Licht entgegen sezzen,"der Dismembration ist an ist eingegeben, der President schickt"
169,11948,run,review,short_line,0.12,7,58,wißen —,Mit dH. Meierowitz habe ich wie figura zeigt abgeschloßen und
169,11956,run,review,short_line,0.32,18,56,20000 rt Kauf Geld,Szetlewek will Radzinski sich nicht entgehen laßen.
169,11966,break,high,short_line,0.32,18,56,medium festsezzen.,beide facienden Frage also schon baar Geld 14000 rt ohne die
169,11969,break,high,short_line,0.34,19,56,Prozeße aufgehoben.,Mit die Olesnicer werde ich bald fertig werden — ich habe
169,11983,break,high,short_line,0.29,14,48,Sind 50000 rt.,Annehmer und Leute die in Dismembrations
169,11985,run,review,short_line,0.69,33,48,Plan paßen sind überflüßig da und,"die Hölle müßte plazzen, wan ich hier nicht"
169,11990,break,high,short_line,0.54,26,48,von den Ankäufern eingeht.,Solte man in Berlin also das Attest des Landraths nicht
169,12024,break,high,short_line+column,0.64,32,50,Ich ersterbe als Ewr Durchlaucht,Kalisz den 10ten Mertz 1805.
169,12025,break,high,short_line,0.56,28,50,Kalisz den 10ten Mertz 1805.,treuer dein
169,12026,break,high,short_line+column,0.22,11,50,treuer dein,v Triebenfeld
170,12030,break,high,short_line+column,0.06,3,54,170,Hochwohlgebohrner Herr
170,12031,run,review,short_line,0.41,22,54,Hochwohlgebohrner Herr,Hochzuverehrender Herr Krieges und Forst Rath!
170,12064,break,high,short_line,0.15,7,46,ehrung:,Euer Hochwohlgebohren
170,12065,break,high,short_line+column,0.45,21,46,Euer Hochwohlgebohren,Breslau d 19ten Merz
170,12066,break,high,short_line+column,0.43,20,46,Breslau d 19ten Merz,1805
170,12067,break,high,short_line+column,0.09,4,46,1805,unterthäniger Diener
170,12068,break,high,rubric+short_line,0.43,20,46,unterthäniger Diener,A. Hahn
171,12072,break,high,short_line+column,0.08,3,38,171,Hochwohlgebohrner Herr
171,12073,run,review,short_line,0.57,22,38,Hochwohlgebohrner Herr,Hochzuverehrender Herr Krieges und Forst Rath
171,12092,break,high,short_line,0.5,17,34,gesprochen haben.,Heute marschirte das Regiment Hohen¬
171,12100,break,high,short_line,0.12,4,34,ren.,"Euer Hochwohlgebohren,"
171,12101,break,high,short_line+column,0.65,22,34,"Euer Hochwohlgebohren,",Erfurt d. 24. Nov.
171,12102,break,high,short_line,0.53,18,34,Erfurt d. 24. Nov.,1805
171,12103,break,high,short_line+column,0.12,4,34,1805,unterthäniger Diener
171,12104,break,high,rubric+short_line,0.59,20,34,unterthäniger Diener,A. Hahn
172,12108,break,high,short_line+column,0.05,3,58,172,Durchlauchtigster Fürst
172,12109,break,high,short_line+column,0.4,23,58,Durchlauchtigster Fürst,Gnädigster Fürst und Herr!
172,12110,break,high,short_line,0.45,26,58,Gnädigster Fürst und Herr!,Seit gestern bin ich hier in Trąbczyn um das dismembrations Geschäft
172,12119,run,review,short_line,0.7,40,58,bey der Gelegenheit sagt er dem H v Voss,In Ansehung der Ewr Epl. eingesandten Landrath Protocolle
172,12133,break,high,short_line,0.72,48,67,wenigen Fällen nur gegen die Norm gehandelt ist.,Nahmens des Collegii bitte ich Ewr um Verzeihung zugleich aber gelobe 
172,12137,break,high,short_line,0.31,21,67,rectificiren p. p. p.,"das ist doch alles was ein ehrlicher Mann thun kan, und mit seiner Gen"
172,12142,run,review,short_line,0.12,8,67,geſpielt,"Mit den Olesnicern denke ich bald fertig zu werden, den heute ist Mona"
172,12146,break,high,short_line,0.33,22,67,mit die 3 Bube werden.,"wegen Szetlewek werde ich morgen einen warmen Tag haben, Gott gebe"
172,12148,break,high,short_line,0.4,27,67,Glück wie in andern Fällen.,Heute habe auch wieder die Winnickische Erbe geklagt und ver¬
172,12161,break,high,short_line+column,0.69,23,34,Trąbczyn den 28ten März,1805.
172,12162,break,high,short_line,0.15,5,34,1805.,treu unterthänigster Diener
173,12167,break,high,short_line+column,0.04,3,69,173,Durchlauchtigſter Fürſt
173,12168,break,high,short_line+column,0.33,23,69,Durchlauchtigſter Fürſt,Gnädigster Herr!
173,12169,break,high,short_line,0.23,16,69,Gnädigster Herr!,"Der Bau Rath Glenck hat dem Criminal rath Grimm versichert, daß die zw"
173,12173,break,high,short_line,0.58,40,69,ich den Schlüßel an mich genommen hätte.,Ich habe sogleich dem alten Tietz und dem Justiz Bürgermeister Schenck
173,12184,break,high,short_line,0.48,33,69,der Schleifen viel Verdruß haben.,Von Amelang habe ich heute Briefe — er ſchreibt ich ſolle nur die Taxe
173,12202,break,high,short_line,0.26,18,70,angehen zu dürfen.,"Glückt nur wie es nun den Anschein hat, alles so gewinnen wir"
173,12203,break,high,rubric,0.87,61,70,"Glückt nur wie es nun den Anschein hat, alles so gewinnen wi",1. den lezt gemeldeten Plus von Olesnica Szetlewek Wittow p. v 50000 r
173,12204,break,high,rubric,1.03,72,70,1. den lezt gemeldeten Plus von Olesnica Szetlewek Wittow p.,2. durch der Dismembration baar. 200000 rt.
173,12205,break,high,rubric,0.61,43,70,2. durch der Dismembration baar. 200000 rt.,3. das noch zu hoffende Anlehen ein 100000 rt.
173,12207,break,high,short_line,0.21,15,70,sind 350000 rt.,Mit dieses Summschen[?] kan den doch mancher Beer gelöset und wie ich 
173,12213,break,high,short_line,0.42,27,65,ich das Ziel errungen habe.,"Wegen Szetlewek würde ich noch diese Woche alles beendigen, und dadurc"
173,12218,break,high,short_line,0.29,19,65,schaffen zu können.,"zur Propination habe ich viel Pächter, ich werde den ders meiste giebt"
173,12229,break,high,rubric+short_line,0.49,32,65,Indes sind mir 2 Punckte lästig.,1. 5. Huben Land ist zu viel.
173,12230,break,high,rubric,0.45,29,65,1. 5. Huben Land ist zu viel.,2. daß er den Actuarius oder Protocoll führer ernennen will
173,12237,break,high,short_line,0.45,20,44,aus nicht einräumen.,Alsdann behielten Sie sich vor in Zukunft die Protocoll führer
173,12243,break,high,short_line,0.29,13,44,zu versorgen.,Ich werde den alles leiten daß sich Mono: Schein dabey beruhiget
173,12247,break,high,short_line,0.56,25,44,Jezt hatt Schenck 200 rt.,Grimm 400 rt.
173,12248,break,high,short_line,0.29,13,44,Grimm 400 rt.,die Sporteln so Ewr Durchlaucht erhalten
173,12251,break,high,short_line,0.29,13,44,thut 1000 rt.,NB bis jetzt hat Schenck alle Sporteln genommen
173,12254,break,high,short_line,0.45,20,44,auf 2 Pferde 120 rt.,Für 2 Huben Land den Zins 30 rt.
173,12255,break,high,short_line,0.72,32,44,Für 2 Huben Land den Zins 30 rt.,thut 950 rt.
173,12256,break,high,short_line,0.27,12,44,thut 950 rt.,folgen Gari[?] 50 r.
173,12257,break,high,short_line,0.45,20,44,folgen Gari[?] 50 r.,"Die Schreib Materialien muße vor hoher bezahlt werden, auch muste"
174,12261,run,review,short_line,0.05,3,64,174,"der Actuarius stets apparte gelohnt, und bey jeden Act ge¬"
174,12272,break,high,short_line,0.58,37,64,hundert das jährl. Überschus bleiben.,"Stets werde ich, wo irgend was durch meinen guten Willen bewürkt werck"
174,12281,run,review,short_line,0.58,37,64,Käufer und dem Förster Peltzold sagen,"Ewr Durchlaucht wären, was die Zeit lehren würde, bey Schweinern"
174,12287,break,high,short_line,0.71,42,59,sie schrecklich gezüchtiget werden sollte.,ich hoffe dies wird würken und die Kerls wurden nicht so ganz unge-
174,12290,run,review,short_line,0.54,32,59,herum irrenden Ritter gefürchtet,Habe Ewr Durchlaucht den im Lichnowski die 1390 rt geschickt
174,12292,break,high,short_line,0.61,36,59,ich habe es dem Manne fest zugesagt.,"Einige Leute harren meiner in Trąbczyn, welche etliche Huben Land"
174,12298,break,high,short_line,0.22,13,59,stehen laßen.,dem Amelangsche Brief sende ich zurück — Geruhe Ewer Durchlaucht
174,12300,break,high,short_line,0.49,29,59,dem Patron doch zu schreiben.,"""Daß Sie gewis auf die 100/m ich bey so sufficienter Sicher¬"
174,12312,break,high,short_line+column,0.62,29,47,"aus gemittelt werden würden.""",das wird das auch würken.
174,12313,break,high,short_line,0.53,25,47,das wird das auch würken.,Von Neuigkeiten hört man hier gar nichts ich seyn hier als säße ich
174,12316,break,high,short_line,0.26,12,47,Knechte mit.,Mein Cousin der Obrist von Wiesolowski ist aus Rußland hier
174,12325,break,high,short_line,0.66,31,47,über 300/m Mann Mobil da stehn.,Gott gebe daß ich wegen Eure Durchlaucht Gesundheit nur erwünschte
174,12328,break,high,short_line+column,0.34,16,47,Euer Durchlaucht,Lassen Euer durchlaucht doch
174,12329,break,high,short_line+column,0.6,28,47,Lassen Euer durchlaucht doch,noch 3 Stück Büste von der
174,12330,break,high,short_line+column,0.55,26,47,noch 3 Stück Büste von der,Grüße wie diese sind mache.
174,12331,break,high,short_line,0.57,27,47,Grüße wie diese sind mache.,"und befohlen, die solche hergeschieden"
174,12334,break,high,short_line+column,0.4,19,47,Kalisz d 13ten Marz,1805
174,12335,break,high,short_line+column,0.09,4,47,1805,treu unterthäniger Diener
174,12336,break,high,short_line+column,0.53,25,47,treu unterthäniger Diener,v Triebenfeld
175,12340,break,high,short_line+column,0.07,3,43,175,Hochwohlgebohrner Herr
175,12341,run,review,short_line,0.51,22,43,Hochwohlgebohrner Herr,Hochzuverehrender Herr Krieges und Forst Rath!
175,12359,break,high,short_line,0.24,5,21,1805.,unterthäniger Diener
175,12360,break,high,rubric,0.95,20,21,unterthäniger Diener,A. Hahn
176,12364,break,high,short_line+column,0.07,3,40,176,Hochwohlgebohrner Herr
176,12365,run,review,short_line,0.55,22,40,Hochwohlgebohrner Herr,Hochzuverehrender Herr Krieges und Forst Rath!
176,12417,break,high,short_line+column,0.65,21,32,Euer Hochwohlgebohren,Breslau den 4ten August
176,12418,break,high,short_line+column,0.71,23,32,Breslau den 4ten August,1805
176,12419,break,high,short_line+column,0.12,4,32,1805,unterthäniger diener
176,12420,break,high,rubric+short_line,0.62,20,32,unterthäniger diener,A. Hahn
177,12424,break,high,short_line+column,0.04,3,68,177,Durchlauchtigster Fürst
177,12425,break,high,short_line+column,0.34,23,68,Durchlauchtigster Fürst,Gnädigster Fürst und Herr
177,12426,run,review,short_line,0.37,25,68,Gnädigster Fürst und Herr,Hier ist dermalen wenig abzumachen den alles iezt wegen der Mobilmachu
177,12442,break,high,short_line,0.13,9,68,vom Hofe.,An H. M[inister] v Voss gieng gestern von Potsdam aus ein Befehl daß e
177,12456,break,high,short_line,0.28,19,68,mobil gemacht wird.,Der Kayser hat nun eine entre vue zwischen ihr und unsern König vorges
177,12465,break,high,short_line,0.44,30,68,als von diesen Vorsaz abgehen.,"General Ruchel geht morgen nach Ost Preußen ab, eben so soll General"
177,12475,break,high,short_line,0.58,7,12,stehen.,"Friedrichsfeld,"
177,12480,break,high,short_line,0.58,7,12,Adelow.,= Drzewce.
177,12491,break,high,rubric,1.25,76,61,Verzeichnis der etablirten neuen Dörfer und der dem Dominio ,1. in der Zagorower Herrschaft sind dismembrirt
177,12492,break,high,rubric,0.77,47,61,1. in der Zagorower Herrschaft sind dismembrirt,a. bey Grądzyń
177,12493,break,high,rubric,0.23,14,61,a. bey Grądzyń,1. Collonie vom 1650 Morgen besezt mit 39 wirthe heiß Klein Ingelfinge
177,12494,break,high,rubric,1.16,71,61,1. Collonie vom 1650 Morgen besezt mit 39 wirthe heiß Klein ,b. auf Drzewce
177,12495,break,high,rubric,0.23,14,61,b. auf Drzewce,2. Collonie von 960 Morgen besezt mit 18 wirthe heiß Alexandrow
177,12496,break,high,rubric,1.03,63,61,2. Collonie von 960 Morgen besezt mit 18 wirthe heiß Alexand,3. Collonie von 1200 Morgen besezt mit 40 M wirthe heiß Augustinow
177,12497,break,high,rubric,1.08,66,61,3. Collonie von 1200 Morgen besezt mit 40 M wirthe heiß Augu,4. Collonie von 1221 Morgen besezt mit 40 M wirthe heiß Emilienhain
177,12498,break,high,rubric,1.1,67,61,4. Collonie von 1221 Morgen besezt mit 40 M wirthe heiß Emil,5. Collonie von 600 Morgen besezt mit 20 M wirthe heiß Adolphsberg
177,12499,break,high,rubric,1.08,66,61,5. Collonie von 600 Morgen besezt mit 20 M wirthe heiß Adolp,c. bey Kopojno
177,12500,break,high,rubric,0.23,14,61,c. bey Kopojno,6. Collonie von 1830 Morgen besezt mit 31 wirthe heiß Friedrichsfelde
177,12501,break,high,rubric,1.13,69,61,6. Collonie von 1830 Morgen besezt mit 31 wirthe heiß Friedr,7. Collonie von 1590 Morgen besezt mit 40 wirthe heiß Ludwigslust
177,12502,break,high,rubric,1.07,65,61,7. Collonie von 1590 Morgen besezt mit 40 wirthe heiß Ludwig,8. Collonie von 720 Morgen besezt mit 24 wirthe heiß Sophienthal
177,12503,break,high,rubric,1.05,64,61,8. Collonie von 720 Morgen besezt mit 24 wirthe heiß Sophien,9. Collonie von 1530 Morgen besezt mit 35 wirthe heiß Adelowo
177,12505,break,high,rubric,1.56,95,61,An Alte Pohl[e]n[?]. einzden 1230 Morgen besezt mit 20 wirth,d. bey Trąbczyn
177,12506,break,high,rubric,0.25,15,61,d. bey Trąbczyn,10. Collonie von 1524 Morgen besezt mit 40 wirthe heiß Justinsau
177,12507,break,high,rubric,1.05,64,61,10. Collonie von 1524 Morgen besezt mit 40 wirthe heiß Justi,11. Collonie von 1274 Morgen besezt mit 34 wirthe heiß Kaschubowe
177,12508,break,high,rubric,1.07,65,61,11. Collonie von 1274 Morgen besezt mit 34 wirthe heiß Kasch,12. Collonie von 1866 Morgen besezt mit 60 wirthe heiß Furstenfelde
177,12510,break,high,rubric,1.2,73,61,Collonie von 538 Morgen besezt mit 8 wirthe heiß das ehemali,13. Collonie von 1266 Morgen besezt mit 42 wirthe heiß Klein Schrotzbe
177,12512,break,high,rubric,1.03,63,61,Collonie von 300 Morgen besezt mit 8 wirthe heiß die alte Hü,14. Collonie von 1632 Morgen besezt mit 54 wirthe heiß Hellendorff
177,12513,break,high,rubric,1.08,66,61,14. Collonie von 1632 Morgen besezt mit 54 wirthe heiß Helle,15. Collonie von 476 Morgen besezt mit 25 wirthe heiß Stetten[i?]feld.
177,12515,break,high,short_line+column,0.52,32,61,Summa Morg. 21407 und 578 Wirthe,bey Trąbczyn bleibt
177,12516,break,high,rubric+short_line,0.31,19,61,bey Trąbczyn bleibt,1. Vorwerck v. 724 Morgen
177,12517,break,high,rubric,0.41,25,61,1. Vorwerck v. 724 Morgen,2. bey Marianton 60 Morgen (= 784 Morg.)
177,12519,break,high,short_line,0.57,35,61,Wald Bleibt bey Trąbczyn 1500 Morg.,bey Kopojno 832 Morg.
177,12520,break,high,short_line,0.34,21,61,bey Kopojno 832 Morg.,bey Grądzyń 1126 Morg.
177,12521,break,high,short_line,0.36,22,61,bey Grądzyń 1126 Morg.,bey Wrąbczyn 333 Morg. (= 3791 Morg.)
177,12522,break,high,short_line+column,0.61,37,61,bey Wrąbczyn 333 Morg. (= 3791 Morg.),= 4575 Morgen
177,12523,break,high,short_line+column,0.21,13,61,= 4575 Morgen,Außerden habe die alten Unterthl.
177,12524,break,high,short_line,0.54,33,61,Außerden habe die alten Unterthl.,Ihre Weide und Holzklazze[?] Con¬
177,12526,break,high,short_line,0.33,20,61,tractmäßig bestimmt.,Gelder
177,12530,break,high,short_line,0.51,32,63,der Rest nach Breslau geschickt!,"Radzinski soll und muß diese Tage 6000 rt erlegen, sonst erhält"
177,12541,break,high,short_line,0.68,43,63,als nach der Erndte wieder zusammen kommen.,Hier ist auch wieder befohlen der Prusimska ihre 20000 rt zubezahlen
177,12542,break,high,rubric,1.08,68,63,Hier ist auch wieder befohlen der Prusimska ihre 20000 rt zu,H. Weigel soll und muß die ihm noch kommende 23000 rt haben
177,12545,run,review,short_line,0.56,35,63,Das ist noch einesumme von 68000 rt,Es sollen diese und noch über hundert Tausend uf mehr einkommen
177,12547,run,review,short_line,0.63,40,63,Nur weis Gott wenn dies geschehen wird —,Wenn ich nur recht bald die approbirte Contracte / den die
177,12558,break,high,short_line,0.2,13,66,zu vernehmen.,v Triebenfeld
177,12578,run,review,short_line,0.71,26,36,bisher zu rare gewesen dem,habe ich noch nicht sprechen können.
177,12584,break,high,short_line,0.6,22,36,Berlin den 24ten Sept.,1805
177,12585,break,high,short_line+column,0.11,4,36,1805,unterthänigster Diener
177,12586,break,high,short_line+column,0.6,22,36,unterthänigster Diener,v Triebenfeld
178,12590,break,high,short_line+column,0.07,3,44,178,Hochwohlgebohrner Herr
178,12591,run,review,short_line,0.51,22,44,Hochwohlgebohrner Herr,Hochzuverehrender Herr Krieges und Forst Rath!
178,12607,break,high,salutation,0.82,21,26,Triebenfeld geſchikt.,Ich habe die Ehre mit vollkommenster Verehrung
178,12609,break,high,short_line,0.47,12,26,zu beharren.,Euer Hochwohlgebohren
178,12614,break,high,short_line,0.2,5,26,1805.,unterthäniger Diener
179,12619,break,high,short_line+column,0.05,3,65,179,Durchlauchtigster Fürst
179,12620,break,high,short_line+column,0.35,23,65,Durchlauchtigster Fürst,Gnädigster Fürst und Herr!
179,12621,break,high,short_line,0.4,26,65,Gnädigster Fürst und Herr!,Ewr Hochfürstliche Durchlaucht höchst gnädige Schreibe von 19 und 27te
179,12628,break,high,short_line,0.46,30,65,wie alle Sachen gediehen sind.,Ich habe nachdem ich auf den Gütern alles geordnet hatte mich wieder
179,12631,break,high,short_line,0.35,23,65,möglich zu finaliſiren.,Die Dismembration ist wie Ewr Durchlaucht wißen sehr ehrenvoll genehmi
179,12650,break,high,short_line,0.33,20,60,gezahlt werden wird.,Ein Glück war es daß ich eben zu dieſer Zeit hier eintraft den eben
179,12663,break,high,short_line,0.46,28,60,überhaupt erforderlich sind.,Die ganze Summa ist wie die Designation es besagt
179,12675,break,high,short_line,0.69,38,55,Pochammer diese Sache betreiben solle.,"Mitt diesen habe ich mich nur geeiniget, Ew. will alles besorg"
179,12726,break,high,short_line,0.67,48,72,seine Pracheregen[?] im Gedächtnis zu revociren.,"Den Zweck hat er erreicht, daß ich ihm nun sehen und sprechen müße — M"
179,12751,run,review,short_line,0.41,26,64,es ja sofort zu cassiren —,Santomisl ist ein Pertinenz von der Herrschaft Betsche die an¬
179,12767,run,review,short_line,0.42,27,64,Vortheile anstreiben würden,Überden ist es auch wieder reichtlich einen bürgerlichen jezt Dominial
179,12783,run,review,short_line,0.68,45,66,sich kein Grundherr fur die Ewigkeit vergiebt,"Was die 30000 rt anbetrift, so sehe ich noch keine Möglichkeit ein wie"
179,12795,break,high,short_line,0.65,43,66,Eyfer Ihre Wünsche alle Wege zu realisiren.,Mit erster Post werde ich höchst denenselben das weitere hierüber
179,12813,break,high,short_line,0.23,14,62,Gnüge bekannt.,Hilft mir aber Gott jezt daß ich das Darlehn erhalte alle
179,12823,break,high,short_line+column,0.53,33,62,"In tiefsten Respect ersterbe, als",Ewr Durchlaucht
179,12824,break,high,short_line+column,0.24,15,62,Ewr Durchlaucht,Erhalte ich die Tressor Scheine so
179,12825,break,high,short_line+column,0.55,34,62,Erhalte ich die Tressor Scheine so,werde ich trachte diesen und jene
179,12826,break,high,short_line+column,0.53,33,62,werde ich trachte diesen und jene,was abzureisen — Geruhen ihm durchl.
179,12827,break,high,short_line,0.58,36,62,was abzureisen — Geruhen ihm durchl.,"mir noch einige Blaugeabs zu Briefen zu sehen, mit / ergebenster den /"
179,12829,break,high,short_line+column,0.31,19,62,Berlin d. 1 ten May,1806.
179,12830,break,high,short_line,0.08,5,62,1806.,treu gehorsamster Diener
179,12831,break,high,short_line+column,0.39,24,62,treu gehorsamster Diener,v Triebenfeld
179a,12835,break,high,short_line+column,0.1,6,58,179 a),Abschrift.
179a,12836,break,high,rubric+short_line,0.17,10,58,Abschrift.,A.
179a,12841,break,high,rubric+short_line,0.52,30,58,Tit. I An beständigen Gefälle.,1. von den Alten Unterthanen in beiden Herrschaften laut Praestations 
179a,12842,break,high,rubric,1.74,101,58,1. von den Alten Unterthanen in beiden Herrschaften laut Pra,2. An Erbzinsen von den Dismembrirten Grundstücke laut Praestations Ta
179a,12844,break,high,rubric+short_line,0.48,28,58,Tit. II. An Erbpachts Canon.,1. von Olesnica = 2000 rt.
179a,12845,break,high,rubric,0.45,26,58,1. von Olesnica = 2000 rt.,2. vom Ignaz v. Radzinski auf Szetlewek = 1500 rt.
179a,12847,break,high,rubric+short_line,0.66,38,58,Tit. III von Pacht und Arende Stücken.,1. Von Martin Honrichs für das Vorwerck Trąbczyn = 3000 rt.
179a,12848,break,high,rubric,1.02,59,58,1. Von Martin Honrichs für das Vorwerck Trąbczyn = 3000 rt.,2. Vom Tomas v. [p?] Glinicki für das Vorwerck Swiątniki = 1500 rt.
179a,12849,break,high,rubric,1.16,67,58,2. Vom Tomas v. [p?] Glinicki für das Vorwerck Swiątniki = 1,3. für Marianton = 150 rt.
179a,12850,break,high,rubric,0.45,26,58,3. für Marianton = 150 rt.,4. vom v Niedźwiecki für das Vorwerk Kopojno = 2125 rt.
179a,12851,break,high,rubric,0.95,55,58,4. vom v Niedźwiecki für das Vorwerk Kopojno = 2125 rt.,5. Vom Forst Inspector Tietz für das Vorwerck Drzewce = 1800 rt.
179a,12852,break,high,rubric,1.1,64,58,5. Vom Forst Inspector Tietz für das Vorwerck Drzewce = 1800,6. vom Honrichs und Niedźwiecki für die Propination = 4560 rt.
179a,12853,break,high,rubric,1.07,62,58,6. vom Honrichs und Niedźwiecki für die Propination = 4560 r,"7. Für Mühlen Zinsen in Trąbczyn, Kopoyno, Wrąbczyn und Swięcia = 222 "
179a,12855,break,high,short_line,0.48,28,58,8 für 2 Ziegelegen = 870 rt.,Summa 40260 Rthl 14 g. 11 d
179a,12856,run,review,short_line,0.47,27,58,Summa 40260 Rthl 14 g. 11 d,"Alle Ausgaben sie mögen Nahmen habe, wie sie wollen, haben"
179a,12864,break,high,short_line,0.43,25,58,Kalisz d 28ten Merz 1806.,Mencke
179a,12865,break,high,short_line+column,0.1,6,58,Mencke,v Hellen
179a,12866,break,high,short_line+column,0.14,8,58,v Hellen,revidirt und in Calculo richtig
179a,12867,break,high,short_line+column,0.53,31,58,revidirt und in Calculo richtig,Mündel.
179a,12871,break,high,rubric,1.47,67,46,Sämtliche Passiva seine Durchlaucht des Herrn Fürsten zu Hoh,1. An der Gräfin Schlabrendorff sind auf Johanni zu zahlen 25000 rt.
179a,12872,break,high,rubric,1.49,68,46,1. An der Gräfin Schlabrendorff sind auf Johanni zu zahlen 2,2. An Weigel in Breslau des gleichen 27000 rt.
179a,12873,break,high,rubric,1.01,46,46,2. An Weigel in Breslau des gleichen 27000 rt.,3. An den Juden Meyer Bernhard auf Drzewce für Glenck 5600 rt.
179a,12874,break,high,rubric,1.36,62,46,3. An den Juden Meyer Bernhard auf Drzewce für Glenck 5600 r,4. An den Gerard und Haugt auf Swięcia 18000 rt.
179a,12875,break,high,rubric,1.05,48,46,4. An den Gerard und Haugt auf Swięcia 18000 rt.,5. An Zerboni auf Szetlewek 10000 rt.
179a,12876,break,high,rubric,0.81,37,46,5. An Zerboni auf Szetlewek 10000 rt.,6. An Eysenhardt steht Szetlewek 10000 rt.
179a,12877,break,high,rubric,0.92,42,46,6. An Eysenhardt steht Szetlewek 10000 rt.,7. An den Juden modo Glenck steht auf Olesnica 20000 rt.
179a,12878,break,high,rubric,1.23,56,46,7. An den Juden modo Glenck steht auf Olesnica 20000 rt.,8. An Glenck eben dem Juden Meyer Bernhard steht auf Swięcia 5000 rt.
179a,12879,break,high,rubric,1.52,69,46,8. An Glenck eben dem Juden Meyer Bernhard steht auf Swięcia,9. An Lichnowski steht auf Trąbczyn. 42000 rt.
179a,12880,break,high,rubric,1.01,46,46,9. An Lichnowski steht auf Trąbczyn. 42000 rt.,10. Für Grotowski des gleichen 20000 rt.
179a,12881,break,high,rubric,0.88,40,46,10. Für Grotowski des gleichen 20000 rt.,11. Für Seehausen des gleichen 5000 rt.
179a,12882,break,high,rubric,0.86,39,46,11. Für Seehausen des gleichen 5000 rt.,12. Für Secher Tost[?] eben so 8000 rt.
179a,12883,break,high,rubric,0.86,39,46,12. Für Secher Tost[?] eben so 8000 rt.,13. eine Protestation für die Prusimska do 8333 rt.
179a,12884,break,high,rubric,1.12,51,46,13. eine Protestation für die Prusimska do 8333 rt.,14. Für die Invaliden Casse auf samt Zagorower Güter 50000 rt.
179a,12885,break,high,rubric,1.36,62,46,14. Für die Invaliden Casse auf samt Zagorower Güter 50000 r,15. Für Oppenheimer des g. 110000 rt.
179a,12887,break,high,short_line,0.35,16,46,Summa 363933 rt.,Hierzu die Curländische Schuld mit 300000 rt.
179a,12893,break,high,short_line,0.49,36,73,Entwurf des Memorials an Sr. Majest.,Allerdurchlauchtigster p p.
179a,12894,break,high,short_line,0.37,27,73,Allerdurchlauchtigster p p.,Berlin den 25ten April 1806.
179a,12895,break,high,short_line,0.38,28,73,Berlin den 25ten April 1806.,Wann E[wr]. K[önigliche]. M[ajestät]. mit Allerhöchst Dero Aufmerksamk
179a,12901,break,high,short_line,0.15,11,73,diget wird.,"Allerhöchst denenselben ist bekannt, mit welchen Anstrengung der Herr "
179a,12911,break,high,rubric+short_line,0.67,49,73,Detaxations Acten docirt und nachgewiesen werden.,1. daß die beiden Herrschaften einen reinen Ertrag von 40260 rt gewähr
179a,12916,break,high,rubric+short_line,0.32,23,73,in der Provinz sichern.,"2. wird speciele dargethan werden, daß sämtliche Passiva des H. Fürste"
179a,12920,break,high,short_line,0.29,21,73,NB a 4 pct. 27920 rt.,ad a 3 pct. 20940 rt. jährl.
179a,12921,break,high,short_line,0.38,28,73,ad a 3 pct. 20940 rt. jährl.,"Unter Voraussetzung dieses Nachweises, wünscht der Herr Fürst auf dies"
179a,12923,break,high,rubric,0.82,60,73,"von 698000 rt in Tresor scheinen zu erhalten, und stipulirt,","1. die Depuration der Güter damit, dergestalt, daß das Capital zur"
179a,12925,break,high,rubric+short_line,0.55,40,73,"ersten und alleinigen Hypotheque haftet,",2. die Verzinsung zu .... pro Cent.
179a,12927,break,high,rubric+short_line,0.34,25,73,NB kommt darauf an was rt,H. [?]. R. B. sagen wird ob 4 oder 3 pct.
179a,12928,break,high,rubric,0.56,41,73,H. [?]. R. B. sagen wird ob 4 oder 3 pct.,"3. die Anlegung eines Amortisations Fonds aus den Revenuen, und"
179a,12935,run,review,short_line,0.54,38,70,ein reines Eidei kommt Vermögen bleibt,"Allen Maasregeln die auf die strenge Ausführung dieser Bedingung, auch"
179a,12937,break,high,rubric,1.17,82,70,im Fall des Ablebens zweckken submittirt sich dH. Fürst unei,"4. die Verabfolgung der Tresor scheine in Succession, höchsten Orts zu"
179a,12939,run,review,short_line,0.41,29,70,"menden Ratis geschehen laßen,","Auf wird dieser Betrag von Tresor Scheinen, noch vermindert werden kön"
179a,12949,break,high,short_line,0.17,12,70,gesezt wird.,Ich bin bereit mich zu diesem allerunterthänigsten Vortrag durch in Hä
179a,12958,break,high,short_line,0.34,24,70,400000 rttl Guarantiren.,Ich ersterbe in tiefster Submission
179a,12959,break,high,rubric+short_line,0.5,35,70,Ich ersterbe in tiefster Submission,E. P. M.
179a,12961,break,high,short_line,0.31,22,70,allerunterthänigst pp.,v Triebenfeld
179a,12968,break,high,short_line,0.65,14,22,alles getilgt.,umstehende Tabelle
180,12990,break,high,short_line+column,0.04,3,74,180,Durchlauchtigster Fürst
180,12991,break,high,short_line+column,0.31,23,74,Durchlauchtigster Fürst,"Gnädigster Fürst und Herr,"
180,12992,run,review,short_line,0.35,26,74,"Gnädigster Fürst und Herr,",Ewr Hochfürstliche Durchlaucht gnädige Schreiben von 8ten und 18ten Ap
180,13003,break,high,short_line,0.39,29,74,Gelder auf kurze Zeit borgen.,"Da indes jezt die Betſchen Sache völlig beendiget ist, ſo müßen die Le"
180,13010,break,high,short_line,0.45,33,74,werden soll ist nichts zu nehmen.,"Was die in 2 te Schreiben gerügte Sache mit der Michaelis betrift, so "
180,13014,break,high,short_line,0.36,21,59,Unterthanen bezahlen.,Die Geschichte von dem Müller in Posen wofür 1 rt 7 g bezahlt werden
180,13019,break,high,short_line,0.17,10,59,vorkommen.,des v Raven Schreiben ist eine Büberey ähnlich — den Consens wird er
180,13029,break,high,short_line,0.51,30,59,des Anlehns beſprochen werden.,"Traurig ist es daß sich alles so lange schleppt, so hat man"
180,13034,break,high,short_line,0.44,26,59,umsonst sizzen und harren.,"Gott gebe daß die Sache nur einmahl beendigt würde, den ich sezge-"
180,13037,break,high,short_line,0.56,33,59,In tiefster Hochachtung ersterbe.,Ewr Durchlaucht
180,13038,break,high,short_line+column,0.25,15,59,Ewr Durchlaucht,Berlin den 8ten May
180,13039,break,high,short_line+column,0.32,19,59,Berlin den 8ten May,1806
180,13040,break,high,short_line+column,0.07,4,59,1806,treuester Knecht auf
180,13041,break,high,short_line+column,0.34,20,59,treuester Knecht auf,v Triebenfeld
182,13047,break,high,short_line+column,0.05,3,62,182,Durchlauchtigſter Fürſt
182,13048,break,high,short_line+column,0.37,23,62,Durchlauchtigſter Fürſt,Gnädigster Fürst und Herr!
182,13049,break,high,short_line,0.42,26,62,Gnädigster Fürst und Herr!,In diesen Augenblick erhalte ich Ewr Hochfürstliche Durchlaucht höchst
182,13065,break,high,rubric,0.94,58,62,An dHerrn Geheimen Cabinets Rath Beyme und an dH. Minister,v. Voss habe ich Nahmens Ewr Durchlaucht auf die beiden lezten
182,13073,break,high,short_line,0.36,20,56,Sache geleitet wird.,"Morgen früh oder heute, den es ist ganz Uhr in der Nacht"
182,13086,break,high,short_line,0.56,31,56,für H. Pochammer ausfüllen kan.,den das Aufgabet solte so nicht statt finden — ich hatte
182,13101,break,high,short_line,0.65,34,52,der erste der die Hand ausstreckt.,"Grattenauer ist würklich verrückt, dem kan ich zu"
182,13118,run,review,short_line,0.37,19,52,angewiesen werden —,Solte er Eure Durchlaucht würklich mit solchen Anträge kommen
182,13120,break,high,short_line,0.67,35,52,ſogerühm Sie ihm nur kurz zu ſagen.,"daß er sich wegen seines Gehalts, wenn er was zu forcken"
182,13133,break,high,short_line,0.38,20,52,terkommen zu suchen.,"Ich ſtehe dafür daß, wenn Ewr Durchlaucht aus einem solchen Tone"
182,13136,break,high,short_line+column,0.54,28,52,In tiefsten Respect ersterbe,Ewr Durchlaucht
182,13137,run,review,short_line,0.29,15,52,Ewr Durchlaucht,Berlin d. 16 t. May morgendt zu [3?] uhr
182,13139,break,high,short_line+column,0.08,4,52,1806,treu gehorsamster diener
182,13140,break,high,short_line+column,0.46,24,52,treu gehorsamster diener,v Triebenfeld
183,13144,run,review,short_line,0.05,3,66,183,Es ist hier ein Pasquill unter den Titel Preußischer Charaktüre erschi
183,13147,run,review,short_line,0.5,33,66,keit komt in Ihrer Geschichte vor,Es heißt der Fürst braucht viel Geld er hat einen Geschäfts von in der
183,13152,run,review,short_line,0.26,17,66,gearbeitet hat. —,"Ich hatte daß Buch mitgeschickt, aber selbst die Französische Behörde"
183,13157,break,high,short_line,0.67,44,66,[...]n stehen ihm meine Pistolen zu dienste.,der biedere Köckritz wird auch grausam mitgenommen
184,13161,run,review,short_line,0.08,3,38,184,In der Eile sind anliegende Blanquets
185,13195,break,high,short_line+column,0.04,3,75,185,Durchlauchtigſter Fürſt
185,13196,break,high,short_line+column,0.31,23,75,Durchlauchtigſter Fürſt,Gnädigſter Fürſt und Herr!
185,13197,break,high,short_line,0.35,26,75,Gnädigſter Fürſt und Herr!,Mitt der nur denklichsten Sehnsucht sehe ich die von Ewr Hochfürstlich
185,13206,break,high,short_line,0.55,41,75,mir das allerbaldigste gelangen zu laßen.,Was die Eingriffe des Würtembergschen Haßes in Ewr Hochfürstliche Durc
185,13211,break,high,short_line,0.65,49,75,würksam sein. Erfahrung macht wie man sagt weise.,Vor ein paar Stunden hatte ich die Ehre mit dem Herrn Presidenten v Hä
185,13219,break,high,short_line,0.44,33,75,ein hohes Alter erreichen können.,Wann ich das Glück habe alles nach Wunsche abzumachen dan bin ich viel
185,13223,break,high,short_line+column,0.36,27,75,erſterbe ich ehrfurchtsvoll,Ewr Hochfürstliche Durchlaucht
185,13224,break,high,short_line+column,0.4,30,75,Ewr Hochfürstliche Durchlaucht,Berlin
185,13225,break,high,short_line+column,0.08,6,75,Berlin,den 20ten May 1806
185,13226,break,high,short_line+column,0.24,18,75,den 20ten May 1806,treu gehorsamster Diener
185,13227,break,high,short_line+column,0.32,24,75,treu gehorsamster Diener,v Triebenfeld
186,13231,break,high,short_line+column,0.04,3,72,186,Lieber Freund!
186,13232,break,high,short_line,0.19,14,72,Lieber Freund!,Die Sache mit H Weigelt ist so gut als abgemacht — Er schickte mir ges
186,13240,run,review,short_line,0.53,38,72,2 Wein Trauben — Alles andere habe ich,ich bin darum expresse herein gekommen — Solten Sie heute mein Billet 
186,13243,break,high,short_line+column,0.1,7,72,Breslau,den 29ten Aug.
186,13244,break,high,short_line,0.19,14,72,den 29ten Aug.,1810.
186,13245,break,high,short_line,0.07,5,72,1810.,Ihr wahrer Freund und Diener
186,13246,break,high,short_line+column,0.39,28,72,Ihr wahrer Freund und Diener,v Triebenfeld
187,13250,break,high,short_line+column,0.05,3,58,187,Durchlauchtigſter Fürſt
187,13251,break,high,short_line+column,0.39,23,58,Durchlauchtigſter Fürſt,Gnädigsten Fürst und Herr!
187,13252,break,high,short_line,0.44,26,58,Gnädigsten Fürst und Herr!,"Die Vollmachten und Blanquets sind eingegangen, ich habe von erstem"
187,13258,break,high,short_line,0.72,42,58,"Weigel, die Schlabrendorff und Lichnowski.",Lezterer muß mich auf eine Schweinersche Hypotheque die
187,13262,break,high,short_line,0.36,21,58,gewünschten 30000 rt.,Schlimm ist es daß der Hypothequen Schein der Zagorower und
187,13266,break,high,short_line,0.67,39,58,indes nach und nach alles machen laßen.,"Mein einziges Bestreben ist den Oppenheimer, der voriges Jahr"
187,13271,break,high,short_line,0.23,12,52,rük bekomme.,Der Schuft hatte selbst zu fordern auf Olesnica. 20000 rt.
187,13274,break,high,short_line,0.47,24,52,dem Lichnowski 36000 rt.,dem Meyer Bernhard 7600.
187,13275,break,high,short_line,0.47,24,52,dem Meyer Bernhard 7600.,Sind 113600 rt.
187,13276,break,high,short_line,0.29,15,52,Sind 113600 rt.,Von diesen allen hatt er nur 32000 rt an Lichnowchen bezahlt
187,13280,break,high,short_line,0.5,26,52,Proxeneticum mit 11000 rt.,Bin ich nun mit Weigel um den andern auseinander
187,13286,break,high,short_line,0.47,24,52,andere Gestallt gewinnt.,"Heute gehe ich nach Betsche u. dorten alles zu ordnen, besonders"
187,13293,break,high,short_line,0.59,35,60,daß Ewr Durch ex nexu gesezt wären.,von Betsche gehe ich nach Kalisz und Trąbczyn arrangere dorten
187,13299,break,high,short_line,0.64,38,60,laucht gewünschte Summa nach Öhringen.,die Constellationen sind übrigens jezt sehr böse und man wünscht
187,13312,break,high,short_line,0.55,33,60,Ewr Durchlaucht Sachen nachgehen.,Mit unbegränzter Verehrung verharre ich als
187,13314,break,high,short_line+column,0.25,15,60,Ewr Durchlaucht,Berlin den 17ten Juny
187,13315,break,high,short_line+column,0.35,21,60,Berlin den 17ten Juny,1806.
187,13316,break,high,short_line,0.08,5,60,1806.,treu unterthäniger Diener
187,13317,break,high,short_line+column,0.42,25,60,treu unterthäniger Diener,v Triebenfeld
188,13321,break,high,short_line+column,0.05,3,61,188,Durchlauchtigſter Fürſt
188,13322,break,high,short_line+column,0.38,23,61,Durchlauchtigſter Fürſt,Gnädigster Herr!
188,13323,break,high,short_line,0.26,16,61,Gnädigster Herr!,"In Berlin ist es mir am Ende beßer gelungen, als ich es geglaubt habe,"
188,13329,break,high,short_line,0.54,33,61,200000 rt wieder Flott zu machen.,"Die Ge Schlabrendorff werde ich in der Art zahlen, daß ich auf eine"
188,13333,break,high,short_line,0.66,40,61,"wolte, die aber jezt noch stehen können.","Ist dies alles besorgt den sind Ewer Durchlaucht bald aufs rein,"
188,13336,break,high,short_line,0.43,26,61,Intressen fortzahlen will.,Die verdammten kleinen SchuldPosten drüken nur am mehrsten den dieſen
188,13360,break,high,short_line,0.47,28,60,erkleckliche Summa erhalten.,"Grattenauer ist eine faule falsche Bestie — Er thut nichts,"
188,13371,break,high,short_line,0.33,18,54,ſchen aufzufinden.,Gott gebe mir daß in Trąbczyn alles glücklich und gut geht —
188,13373,break,high,short_line+column,0.43,23,54,Ehrfurchts ersterbe als,Ewr Durchlaucht
188,13374,break,high,short_line+column,0.28,15,54,Ewr Durchlaucht,Breslau d. 25ten Juny
188,13375,break,high,short_line+column,0.39,21,54,Breslau d. 25ten Juny,1806.
188,13376,break,high,short_line,0.09,5,54,1806.,treu gehorſamſter Diener
188,13377,break,high,short_line+column,0.44,24,54,treu gehorſamſter Diener,v Triebenfeld
189,13382,run,review,short_line,0.65,22,34,Hochwohlgebohrner Herr,Hochzuverehrender Herr Krieges und Forst Rath.
189,13409,break,high,short_line,0.17,6,36,hoffe.,"Koschentin wirdmal zu thun geben,"
189,13422,break,high,rubric+short_line,0.53,15,28,Klein Althammer,d. 19ten Julii
189,13424,break,high,short_line,0.18,5,28,1806.,unterthänigster diener
189,13425,break,high,rubric,0.77,22,28,unterthänigster diener,A. Hahn
190,13429,run,review,short_line,0.07,3,40,190,Nachträglich soll ich Euer Hochwohlgebohren auf des
190,13466,break,high,rubric,0.9,37,41,"Auszug, aus dem Schreiben des Glencks",d. d. 22ten Mrz 1806.
190,13510,break,high,short_line+column,0.67,26,39,Mit unbegrenzter Verehrung,Öhringen
190,13511,break,high,short_line+column,0.21,8,39,Öhringen,d 10ten April
190,13512,break,high,short_line+column,0.33,13,39,d 10ten April,1806.
190,13513,break,high,short_line,0.13,5,39,1806.,A Hahn
191,13517,break,high,short_line+column,0.05,3,61,191,Durchlauchtigster Fürst
191,13518,break,high,short_line+column,0.38,23,61,Durchlauchtigster Fürst,Gnädigster Herr
191,13519,run,review,short_line,0.25,15,61,Gnädigster Herr,Nachdem ich hier 5 Wochen am sezzigen Gallen haben gelegen und dem Tod
191,13523,run,review,short_line,0.25,15,61,Berlin anfangen,"dort gieng ich einige Tage vor Johanni mit der Verſicherung ab, daß ic"
191,13528,run,review,short_line,0.41,25,61,gegen Jura cessa bezahlen,ferner dem Grotowski den Rest gegen Adirung seiner Instrumente 20000 r
191,13530,break,high,short_line,0.13,8,61,abgeben.,Endlich den Haugt auf eben der act wegen seine Forderungen v 18000 rt.
191,13532,break,high,short_line,0.62,38,61,und dem Secher Thoss[?] mit 8000 Rthl.,so auch die Prusimska mit 8000 Rthl
191,13533,break,high,short_line+column,0.57,35,61,so auch die Prusimska mit 8000 Rthl,befriedigen.
191,13534,break,high,short_line,0.2,12,61,befriedigen.,"dem Zerboni, Eysenhardt und Seehausen solte der alten Sr. Radzinski mi"
191,13537,break,high,short_line,0.41,25,61,nur immer Chicanen macht.,Es war mir noch mein Kummer bey die Gräfin Schlabrendorff Euch das
191,13543,break,high,short_line,0.46,28,61,dies muß zusammen 311000 rt.,betragen und mehr Schulden haben Sie hier nicht den alle andern
191,13553,break,high,short_line,0.27,19,70,nichts bekannt war.,"In Betsche theilte ich den den Leute die Nachricht mit, berechnete mic"
191,13560,break,high,short_line,0.49,34,70,an 22000 rt bezahlt werden solten.,Ich eilte also was möglich war nach Kaliz und bewies durch die mir
191,13573,break,high,short_line,0.22,15,70,gegangen wären.,"Im alten Bauren welche auf Zinsen gesezt, waren aufgehört und hatte tr"
191,13587,run,review,short_line,0.67,37,55,schule zu thun sey — Seine Anwort war,"die Sache seinen Lauf zu laßen, und es der Regierung an"
191,13590,break,high,short_line,0.4,22,55,zeß am Hals zu werfen.,"frage: Haben Sie in der Floricke, Rybbeckschen und Szczuckischen Sache"
191,13592,break,high,short_line,0.2,11,55,so gerathe.,Aut.: Nem aber es läßt sich nicht anders thun
191,13595,break,high,short_line,0.49,27,55,die Sache aufs reine kommt.,Aut.: Ja so um 2 bis 3 Jahr.
191,13596,break,high,short_line,0.51,28,55,Aut.: Ja so um 2 bis 3 Jahr.,Frage: Versteht der Herr Rußisch
191,13597,break,high,short_line+column,0.58,32,55,Frage: Versteht der Herr Rußisch,Er: Nein!
191,13598,break,high,short_line,0.16,9,55,Er: Nein!,Ich: Na so will ichs ihm zeigen. Bey mir sprit man solchen
191,13601,break,high,short_line,0.27,15,55,handelt allein.,Hierauf gieng ich nach Trąbczyn forderte dem Pächter Honrichs mit
191,13603,break,high,short_line,0.36,20,55,seinem Contract vor.,"Auf die Frage, Ob er die eben fällige Pacht Summa mit"
191,13612,break,high,short_line,0.3,18,60,fing an zu bitten.,"Hierauf gab ich nach, daß, wenn er sofort den Pacht Contract"
191,13639,break,high,short_line,0.35,19,55,Maulaffe von Söhne.,dort halten die Bauren einen großen Theil der Herrschaftl
191,13655,break,high,short_line,0.13,7,55,werden.,In diesem Abord erschienen auch alle Bauren und erklärten daß
191,13692,break,high,short_line,0.43,29,67,die Ewigkeit separirt würden.,Dieser ersehen in der Gestalt des zermaltesten Wichts und auch das Wer
191,13697,break,high,short_line,0.62,45,72,und der Todt befreit uns von diesen Heuchler.,Nachdem auch dies glüklich abgemacht war gieng ich dem Pächter wieder 
191,13701,run,review,short_line,0.69,50,72,er gab also den Contract auf und zog scheinig ab —,"Ich lies das biß ihm Getreide abscheynen und für 260 rt verkaufen, und"
191,13708,run,review,short_line,0.51,37,72,procediren Rath balde um gut Wetter —,seine Rechnungen betrugen auch an 6000 rt. Er bis sie aber bis auf
191,13719,break,high,short_line,0.51,37,72,finden sich nach und nach wieder ein.,Auch der Alte heimtückische Tietz der Drzewce gepacht hat verspricht d
191,13723,break,high,short_line,0.42,30,72,Zeit zugesichert haben sollen.,Ich war nicht was davon ist geruhen Ewr Durchlaucht mich darüber
191,13742,break,high,short_line,0.18,11,62,verstattet.,"Weigens werde ich sobald ich gewiße zurück, und wenn ich wo möglich"
191,13746,run,review,short_line,0.24,15,62,zusammen bringe,Der berüchtigte Glenck der wieder mich und Euer Durchlaucht
191,13750,run,review,short_line,0.66,41,62,kommen mit seiner Banden alle Käufer ab —,Er hält sich hier schon über 6 oder 7 Wochen auf — Er hatt sich
191,13755,break,high,short_line,0.29,18,62,Pläne zuvereiteln.,Er hatt zur Erreichung seines Zweck des Pasquille
191,13766,break,high,short_line,0.34,19,56,Abend das Pasquils.,Der Inhalt ist so dumm und abgeschmackt als der Kerl
191,13771,break,high,short_line,0.62,35,56,er wieder her weil Niemand da wäre.,Der Wicht biethet sein Gut aus und will selbst dis membaren
191,13778,run,review,short_line,0.27,15,56,betrogen würden,"Mann redet mich zu der Kedl den fiscus zu denunciiren, oder ihm wenigs"
191,13782,run,review,short_line,0.64,36,56,also Ewr Durchlaucht Ermessen anheim,"Übrigens geruhen Sie mir gnädigster Herr zu sagen, ob man"
191,13786,break,high,short_line,0.71,40,56,sich desfals allein mit Ewr Durchlaucht.,die restierenden Zinsen sollen schon über 400 rt betragen und
191,13794,break,high,short_line,0.6,34,57,wohnenden Komorniks genommen hatt.,"Die Vögten selbst ist mit 4000 rt. durchaus bezahlt, die 300"
191,13804,run,review,short_line,0.42,24,57,werden soll nichts übrig,Ich fürchte sehr daß Ewr Durchlaucht um diesen Schwedenstrei¬
191,13808,break,high,short_line,0.37,21,57,Voigten verkauft hat.,"Nun hat Ihnen der Kerl so garstig indigirt, daß Sie ihm für"
191,13813,break,high,short_line,0.6,34,57,4000 geben und ihren laufen laßen.,Mitt die Olesnicer Kerls hat der Menschherr Durchlaucht
191,13825,break,high,short_line,0.41,15,36,zufrieden sein.,Da übrigens der fäule Schenck wie er sagt crepiren
191,13839,run,review,short_line,0.44,16,36,Euer Durchlaucht,Den Augenblick erhalte ich voraus
191,13843,run,review,short_line,0.71,26,36,360000 rt zu erhalten sind,o wenn ich doch erst reisen
191,13845,break,high,short_line+column,0.71,26,36,könte. Ich bin heut wieder,sehr krank —
191,13846,break,high,short_line+column,0.33,12,36,sehr krank —,d 7ten Aug.
191,13847,break,high,short_line,0.3,11,36,d 7ten Aug.,Trąbczyn
191,13848,break,high,rubric+short_line,0.22,8,36,Trąbczyn,d. 6ten Aug
191,13850,break,high,short_line,0.14,5,36,1806.,treu gehorsamster Diener
191,13851,break,high,short_line+column,0.66,24,36,treu gehorsamster Diener,v Triebenfeld
192,13855,break,high,short_line+column,0.05,3,64,192,Mein lieber Freund
192,13856,run,review,short_line,0.28,18,64,Mein lieber Freund,Es liegen in Berlin 360000 rt die mir zugesagt sind. Nur liege ich hie
192,13863,run,review,short_line,0.7,45,64,crepiren muß den hört alle herrlichkeit auf —,Glenck seyt hier hatt sich mit die Olesnicer Hollenbrände zusammen
192,13892,break,high,short_line,0.3,14,46,ausgesezt bin.,Ihr
192,13893,run,review,short_line,0.06,3,46,Ihr,Über die ganze Koschentiner Sache muß ich mein
192,13898,run,review,short_line,0.43,20,46,ist mir verdächtig —,Gut ausgewichen — die Pro Memoria der Koschentiner
192,13900,break,high,short_line+column,0.71,33,46,Officianten geben hinreichende[?],richtung.
192,13901,break,high,short_line,0.19,9,46,richtung.,beigehendes Pasquile hat Glenck auf mich
192,13907,break,high,short_line+column,0.17,8,46,Trąbczyn,d 12ten Aug
192,13908,break,high,short_line+column,0.24,11,46,d 12ten Aug,1806
192,13909,break,high,short_line+column,0.09,4,46,1806,Unterthaniger Freund und dien
192,13910,break,high,short_line+column,0.62,29,46,Unterthaniger Freund und dien,v Triebenfeld
192,13915,break,high,rubric,0.75,44,59,Gestern ist das Urteil an die Kerls gekommen,1. der Fenſe darf die Kerls nicht exmittiren
192,13916,break,high,rubric,0.75,44,59,1. der Fenſe darf die Kerls nicht exmittiren,2. er soll die auf Olesnice haftende Schulden löschen
192,13917,break,high,rubric,0.9,53,59,2. er soll die auf Olesnice haftende Schulden löschen,3. soll er den Consens nachſuchen.
192,13918,break,high,rubric,0.58,34,59,3. soll er den Consens nachſuchen.,4. Wann der gegeben ist die Erbverpachtung im Hypothequen Buch eintrag
192,13919,break,high,rubric,1.34,79,59,4. Wann der gegeben ist die Erbverpachtung im Hypothequen Bu,6. aber ist der Giese abgewiesen daß ihm der Fürst nicht ehender bishe
193,13928,break,high,short_line+column,0.04,3,70,193,Durchlauchtigster Fürst
193,13929,break,high,short_line+column,0.33,23,70,Durchlauchtigster Fürst,Gnädigster Fürst und Herr!
193,13930,break,high,short_line,0.37,26,70,Gnädigster Fürst und Herr!,Ewr Hochfürstliche Durchlaucht gnädiges Schreiben erhalte ich so eben 
193,13941,run,review,short_line,0.54,38,70,Ich richte mein Augenmerk ſehr dahin —,"Die Pohlnische Güter Angelegenheiten werden sich gut enden, die Dąbska"
193,13947,run,review,short_line,0.54,38,70,der Prefect Decretirt hat ein Schelm —,"Er ist über 10000 rt schuldig. — Mann hatt ihm immer gehen laßen, weil"
193,13957,run,review,short_line,0.32,19,60,nichts wißen lies —,Garczynski Läß Heckern unter Assistence des Gerichts angestelten
193,13961,break,high,short_line+column,0.22,13,60,werden können,In tiefsten Respect ersterben
193,13962,break,high,short_line+column,0.49,29,60,In tiefsten Respect ersterben,Ewr Hochfürstliche Durchlaucht
193,13963,break,high,short_line+column,0.5,30,60,Ewr Hochfürstliche Durchlaucht,Kontop den 10ten April
193,13964,break,high,short_line+column,0.37,22,60,Kontop den 10ten April,1810.
193,13965,break,high,short_line,0.08,5,60,1810.,treu gehorsamster Diener
193,13966,break,high,short_line+column,0.4,24,60,treu gehorsamster Diener,v Triebenfeld
194,13970,break,high,short_line+column,0.04,3,67,194,Durchlauchtigster Fürst
194,13971,break,high,short_line+column,0.34,23,67,Durchlauchtigster Fürst,Gnädigster Herr!
194,13972,break,high,short_line,0.24,16,67,Gnädigster Herr!,"Ewr Hochfürstliche Durchlaucht habe ich bereits angezeigt, daß ich nac"
194,13975,break,high,short_line,0.4,27,67,neuer Kummer hier gefeßelt.,"Es ist die Sache wegen der Invaliden Casse, diese erhält keine Zinſen,"
194,13987,break,high,short_line,0.69,46,67,gebracht — Es wird aber diese Tage erscheinen.,Hinter dieſer Schuz wahr werde ich auch mit der Invalide Geschichte
194,13991,break,high,short_line,0.21,14,67,Gelder sorgen.,Gelänge es mit Weigel so erhält der daſer auch ſeine Befriedigung
194,14001,break,high,short_line,0.63,42,66,"ben, daß alles mit ihm in Richtigkeit sey.","Er hat den Honrichs angestellt ihm bisher protegirt, die Ober Prefectu"
194,14005,break,high,short_line,0.65,43,66,Honrichs oder von Brzechffa bezahlt werden.,Das weitere werde ich Eure Durchlaucht mündlich vorzutragen die Ehre
194,14007,break,high,short_line,0.54,36,66,haben. In tiefsten Respect ersterbe.,Ewr Hochfürstliche Durchlaucht
194,14008,break,high,short_line+column,0.45,30,66,Ewr Hochfürstliche Durchlaucht,Kontop
194,14009,break,high,short_line+column,0.09,6,66,Kontop,d 22ten Aprilis
194,14010,break,high,short_line+column,0.23,15,66,d 22ten Aprilis,1810
194,14011,break,high,short_line+column,0.06,4,66,1810,treu unterthäniger diener
194,14012,break,high,short_line+column,0.38,25,66,treu unterthäniger diener,v Triebenfeld
195,14016,break,high,short_line+column,0.04,3,67,195,Durchlauchtigſter Fürſt
195,14017,break,high,short_line+column,0.34,23,67,Durchlauchtigſter Fürſt,Gnädigster Fürst und Herr
195,14018,run,review,short_line,0.37,25,67,Gnädigster Fürst und Herr,Ewr Hochfürstliche Durchlaucht kan ich in diesem Augenblick noch nicht
195,14020,break,high,short_line,0.69,46,67,melden weil Gr Strachwitz noch nicht hier ist.,dem H. Flesch habe ich mit Kummer und Unwillen erst heute zu sprechen 
195,14026,break,high,short_line,0.57,38,67,"ich nicht kenne, mit abgemacht werden.",Übrigens muß ich dem Ge Strachwitz der d. 23 in Breslau eintreffen sol
195,14030,break,high,short_line,0.67,45,67,und deren Werth auf 900000 rt angegeben wird.,Zackraw[Zastrow?] hört nicht dazu das will der Gr für sich behalten — 
195,14036,break,high,short_line,0.64,43,67,"und buſen Freund iſt, verarbeitet ihm heut.",die Resultate werde ich ganz gehorsamst melden —
195,14037,run,review,short_line,0.72,48,67,die Resultate werde ich ganz gehorsamst melden —,der Krieg zwischen Frankreich Österreich und den Türcken hält man hier
195,14046,break,high,short_line,0.52,34,65,rt Contribution will fallen laßen.,"Hardenberg tritt wieder, wie man hier sagt, auf, und wird eine große R"
195,14050,run,review,short_line,0.58,38,65,"das ganze System scheint zu schwanken,",das Prinzchen aus von und zum Moraste ist hier noch verhaßter als
195,14053,run,review,short_line,0.54,35,65,Herzen gewonnen und wird vergöttert,Übrigens erzählte mein Whode gestern hier in Gegenwart mehrerer Mensch
195,14059,break,high,short_line+column,0.55,36,65,werde ich höhren woher er dies hat —,Alle Briefe und Sachen habe ich abgegeben.
195,14060,break,high,short_line,0.65,42,65,Alle Briefe und Sachen habe ich abgegeben.,In tiefster Hochachtung ersterbe.
195,14061,break,high,short_line,0.51,33,65,In tiefster Hochachtung ersterbe.,Ewr Hochfürstliche Durchlaucht
195,14062,break,high,short_line+column,0.46,30,65,Ewr Hochfürstliche Durchlaucht,das Moratorium ist auf 2 Jahre
195,14063,break,high,short_line+column,0.46,30,65,das Moratorium ist auf 2 Jahre,verlängert
195,14064,break,high,short_line+column,0.15,10,65,verlängert,Breslau d 22t May
195,14065,break,high,short_line+column,0.26,17,65,Breslau d 22t May,1810.
195,14066,break,high,short_line,0.08,5,65,1810.,treu unterthänigster Dier
195,14067,break,high,short_line+column,0.38,25,65,treu unterthänigster Dier,v Triebenfeld
196,14071,break,high,short_line+column,0.06,3,51,196,Durchlauchtigster Fürst
196,14072,break,high,short_line+column,0.45,23,51,Durchlauchtigster Fürst,"Gnädigster Fürst und Herr,"
196,14073,run,review,short_line,0.51,26,51,"Gnädigster Fürst und Herr,",Um nicht wie ein Dieb heute aufs Rath haus geführt und eingesperrt
196,14083,run,review,short_line,0.53,27,51,das Breslausche Rath Haus —,Aus Noth muß ich nun meine Mühle fürs halbe Geld
196,14113,run,review,short_line,0.37,18,49,Geheim Nachrichten,was wird aus uns werden? Hardenberg heiß es wohnt
196,14121,break,high,short_line,0.53,26,49,und unser Haus vernichten.,Die Holländische Anleihe ist auseinander gegangen weil
196,14124,break,high,short_line,0.08,4,49,kan.,Wegen die 35000 rt Geschäfte wird der Profeßor
196,14132,break,high,short_line+column,0.53,26,49,Respects woll ersterbe ich,Ewr durchlaucht
196,14133,break,high,short_line+column,0.31,15,49,Ewr durchlaucht,Morgen gehe ich zum Leus Praefat[?]
196,14134,break,high,short_line+column,0.71,35,49,Morgen gehe ich zum Leus Praefat[?],Zychlinski —
196,14135,break,high,short_line+column,0.24,12,49,Zychlinski —,Schwarzwald bey Miedzibor[?]
196,14136,break,high,rubric+short_line,0.57,28,49,Schwarzwald bey Miedzibor[?],d. 25ten May 1810.
196,14138,break,high,short_line+column,0.41,20,49,unterthäniger Diener,v Triebenfeld
197,14142,break,high,short_line+column,0.05,3,63,197,Durchlauchtigſter Fürſt
197,14143,break,high,short_line+column,0.37,23,63,Durchlauchtigſter Fürſt,Gnädigster Fürst und Herr!
197,14144,break,high,short_line,0.41,26,63,Gnädigster Fürst und Herr!,Mein Richter kömt so eben von Berlin mit der frohen Nachricht zurück
197,14153,run,review,short_line,0.59,37,63,best möglichst im Geleis zu bringen —,Übrigens ist die Geld Noth hier größer als bei uns und ich kan nichts 
197,14161,run,review,short_line,0.13,8,63,Verehrer,Ich würde jetzt mit der Trąbczyner Sache furiore vorschreiten auch
197,14169,break,high,short_line+column,0.4,8,20,Ollabock,den 31ten May
197,14170,break,high,short_line+column,0.65,13,20,den 31ten May,1810.
197,14171,break,high,short_line,0.25,5,20,1810.,treu unterthäniger Diener
197,14176,run,review,short_line,0.45,29,65,des Köckritzes ist — der sagt,Was macht Du für ein Hollo — Lahr schwört hoch und theuer er weis von
197,14183,break,high,short_line,0.28,18,65,zu beruhigen p. p.,"Ich bin nun bis zur höchsten Gewisheit überzeugt, daß das eine Büberey"
198,14191,break,high,short_line+column,0.05,3,56,198,Durchlauchtigſter Fürſt
198,14192,break,high,short_line+column,0.41,23,56,Durchlauchtigſter Fürſt,Gnädigster Fürst und Herr!
198,14193,break,high,short_line,0.47,26,56,Gnädigster Fürst und Herr!,Ewr Durchlaucht Sachen in Pohlen von woher ich vorgeſtern zurückkehrte
198,14195,break,high,rubric+short_line,0.4,22,56,sind bestens geordnet.,1. Trąbczyn erhalten Ewr Durchlaucht bis höchstens Micheli zurück —
198,14196,break,high,rubric,1.21,67,56,1. Trąbczyn erhalten Ewr Durchlaucht bis höchstens Micheli z,2. Die Sequestration ist gänzlich aufgehoben
198,14197,break,high,rubric,0.79,44,56,2. Die Sequestration ist gänzlich aufgehoben,"3. Die Rechnungen des Honrichs des Frankiewitz, für welche beyde"
198,14205,break,high,rubric,0.92,51,56,"mögen nicht hinreicht, bezahlen — Unterdes habe ich","4. Nachgegeben, daß Hecker als Administrator angestellt werden"
198,14211,break,high,short_line,0.32,18,56,gleich erscheinen.,"Trąbczyn beut frohe Aussichte dar, den der Pächter Smidkows¬"
198,14221,break,high,rubric,1.08,69,64,Ich hoffe das haben meine beiden Geister Lubinski und Woyda ,6. Meine Sachen sind arangirt — Richter ist eben vorgestern hier
198,14223,run,review,short_line,0.39,25,64,von Berlin eingetroffen —,"Köckritz hat sich überaus brav und artig benommen, so Tismar und"
198,14225,run,review,short_line,0.61,39,64,Jeder — ich bin vollkommen zu frieden —,"Köckritz schreibt daß er alle die Colon nasche Papiere selbst, am Ewer"
198,14228,break,high,short_line,0.45,29,64,etwas efectuirt werden mögte.,Über Ewr Durchlaucht eigene Angelegenheiten schweigt er ganz
198,14236,run,review,short_line,0.23,15,64,stens zu melden,Er hat Richtern mit dem Worten gesagt — Dein Herr hat viel
198,14249,break,high,short_line,0.08,5,65,sein.,Es sey indes wie ihm wolle und ein jeder erlaube sich Lusterwärts zu s
198,14253,run,review,short_line,0.32,21,65,fürchterlich wecken —,den um der Colonnaschen Sache muß ich höllische Steigriemen paßiren.
198,14258,run,review,short_line,0.17,11,65,ihm Glück —,"Hardenberg kömt, wie Köckritz schreibt in völliger Activiteet und wird"
198,14265,run,review,short_line,0.14,9,65,hindert —,von Rhoden werden Ewer durchlaucht wohl schon wegen die 35000 rt.
198,14267,break,high,short_line,0.68,44,65,"völlige Nachricht haben, und beruhiget sein.",Grevenitz muß Ewr Durchlaucht auch geschrieben haben. Er wird gewis
198,14272,break,high,short_line+column,0.35,23,65,Ehrfurchtsvoll ersterbe,Ewr Hochfürstliche Durchlaucht
198,14273,break,high,short_line+column,0.46,30,65,Ewr Hochfürstliche Durchlaucht,Zwey Divisionen marschiren von uns gegen die
198,14274,break,high,short_line+column,0.68,44,65,Zwey Divisionen marschiren von uns gegen die,Türkken — wer wird die Comandiren?
198,14275,break,high,short_line,0.52,34,65,Türkken — wer wird die Comandiren?,Morgen eile ich nach Kontop d 12ten gehn ich noch Streiten und von da 
198,14277,break,high,short_line+column,0.17,11,65,Kąntwicz[?],8tn Juny 1810.
198,14278,break,high,short_line,0.22,14,65,8tn Juny 1810.,treuester Knecht
198,14279,break,high,short_line+column,0.25,16,65,treuester Knecht,v Triebenfeld
199,14283,break,high,short_line+column,0.03,3,88,199,"Durchlauchtigster Fürst,"
199,14284,break,high,short_line+column,0.27,24,88,"Durchlauchtigster Fürst,",Gnädigster Fürst und Herr!
199,14285,break,high,short_line,0.3,26,88,Gnädigster Fürst und Herr!,Vor etwan eine Stunde bin ich hier angelangt. Meines erhobenen Durchla
199,14288,run,review,short_line,0.25,22,88,was ich hier vorfand —,Das erste ist beigehender Brief von T. — Nach diesen Brück der König m
199,14292,run,review,short_line,0.18,16,88,geleitet werde —,Nacht ein hier liegendes Billet des H v M — glaubt man daß auch Harden
199,14298,break,high,short_line,0.41,36,88,Waßer auf unsere Räder leiten solle.,"Da ich nun nicht nach Berlin gehe, so werde ich, wann ich es in der We"
199,14307,break,high,short_line,0.23,20,88,Post zu Füßen legen.,"Ewr Durchlaucht wohlwollen empfehlen ich mich, der schönsten jezt lebe"
199,14310,break,high,short_line+column,0.18,16,88,Euer Durchlaucht,Breslau den 19 August Nachts 12 Uhr
199,14311,break,high,short_line+column,0.4,35,88,Breslau den 19 August Nachts 12 Uhr,1810.
199,14312,break,high,short_line,0.06,5,88,1810.,treu unterthänigster Diener
199,14313,break,high,short_line+column,0.31,27,88,treu unterthänigster Diener,v Triebenfeld
200,14317,break,high,short_line+column,0.04,3,80,200,Durchlauchtigster Fürst
200,14318,break,high,short_line+column,0.29,23,80,Durchlauchtigster Fürst,Gnädigster Fürst und Herr!
200,14319,break,high,short_line,0.33,26,80,Gnädigster Fürst und Herr!,Ewr Hochfürstliche Durchlaucht höchst gnädiges Schreiben mit die Hause
200,14325,run,review,short_line,0.26,21,80,seiner dorten harrt —,"dem Herrn v Seegebarth kan wohl weiter nichts gesagt werden, als daß E"
200,14331,break,high,short_line,0.2,16,80,dahin verweisen.,"Meine Eile war vergeblich der faule Brufurt ist nicht gekommen, ich mu"
200,14354,break,high,short_line,0.65,51,79,Ihre vorzüglichste Gläubiger damit abfinden könten.,Ich erwarte begierig und die Antwort.
200,14355,break,high,short_line,0.47,37,79,Ich erwarte begierig und die Antwort.,Das der König kommt wißen Ewr Durchlaucht nun längst ich begreife nur 
200,14361,break,high,short_line,0.61,48,79,wäre daß Er sich mit Ewr Durchlaucht sehen will.,was ich erfahre sende ich sie Expresse
200,14362,run,review,short_line,0.48,38,79,was ich erfahre sende ich sie Expresse,"Der Prinzeß Emilie und dem Erlauchten braven, Albert empfehle ich mich"
200,14364,break,high,short_line+column,0.35,28,79,erbietigste und ersterbe als,Ewr Hochfürstliche Durchlaucht
200,14365,break,high,short_line+column,0.38,30,79,Ewr Hochfürstliche Durchlaucht,Breslau d 27tn Aug.
200,14366,break,high,short_line,0.24,19,79,Breslau d 27tn Aug.,1810
200,14367,break,high,short_line+column,0.05,4,79,1810,unterthängst treuer Diener
200,14368,break,high,short_line+column,0.33,26,79,unterthängst treuer Diener,v Triebenfeld
201,14372,break,high,short_line+column,0.03,3,89,201,Durchlauchtigster Fürst
201,14373,break,high,short_line+column,0.26,23,89,Durchlauchtigster Fürst,Gnädigster Fürst und Herr!
201,14374,break,high,short_line,0.29,26,89,Gnädigster Fürst und Herr!,Weigel ist nun fest entschloßen die für die Zagorower Herrschaft anzuh
201,14378,break,high,short_line,0.57,51,89,"alles in dieser Sache einschlagende, zu Conferiren.",Ewr Durchlaucht melde ich dieses frohe Ereignis damit Sie einmahl ruhi
201,14382,run,review,short_line,0.66,59,89,Ihnen in kurzen aller desfalßige Kummer fremd werden soll —,"der Plan ist der — die hiesigen Kaufläute, NB die Reichen, sind in ein"
201,14388,break,high,short_line,0.43,38,89,Ihre andere Schulden völlig zu tilgen.,"Gott gebe dazu seinem Seegen und Gedeihen, ich will ihm nach den gelin"
201,14391,break,high,short_line,0.54,48,89,als Sie es denken die ernäußchstete Nachrichten.,Arbeiten die Gnädigster Fürst aber auch daß der Plan mit F[ürst]. Augu
201,14397,break,high,short_line+column,0.17,15,89,Hochachtung als,Ewr Hochfürstliche Durchlaucht
201,14398,break,high,short_line+column,0.34,30,89,Ewr Hochfürstliche Durchlaucht,Breslau d 29tn August
201,14399,break,high,short_line+column,0.24,21,89,Breslau d 29tn August,1810.
201,14400,break,high,short_line,0.06,5,89,1810.,Unterthäniger treuer Diener
201,14401,break,high,short_line+column,0.3,27,89,Unterthäniger treuer Diener,v Triebenfeld
202,14405,break,high,short_line+column,0.05,3,66,202,Lieber Freund
202,14406,run,review,short_line,0.2,13,66,Lieber Freund,Vater Weigel ist sehr zu frieden von mich gegangen. Er hat die ganze S
202,14414,run,review,short_line,0.53,35,66,Er gefiel sich sehr hier — Er sagte,"""Ach Herr v T[riebenfeld]. Sie werden von vielen verkannt, und es blei"
202,14427,break,high,short_line,0.52,34,66,wird ſie aber auch dafür ſeegenen.,Lebte meine gute Frau die würde Ihnen erst danken — Inzwischen
202,14430,run,review,short_line,0.64,42,66,"ein bieder Mann und der Ort wunder schön.""","Ich weis daß Sie Lieber Freund sich freuen, wan die Sache glücklich ge"
202,14434,break,high,short_line,0.18,12,66,gethan wird.,Ihr
202,14435,break,high,short_line+column,0.05,3,66,Ihr,"Gebe nur Gott, daß ich eilig die 2 Freystelle"
202,14436,run,review,short_line,0.68,45,66,"Gebe nur Gott, daß ich eilig die 2 Freystelle","verkaufe den geht es gleich nach kohlen, und das er sich zu verkauffen"
202,14438,break,high,short_line+column,0.44,29,66,d 20ten Aug 10 von Schweinern,aufruchtiger Freund und der
202,14439,break,high,short_line+column,0.41,27,66,aufruchtiger Freund und der,v Triebenfeld
203,14443,break,high,short_line+column,0.05,3,57,203,Durchlauchtigſter Fürſt
203,14444,break,high,short_line+column,0.4,23,57,Durchlauchtigſter Fürſt,Gnädigster Fürst und Herr!
203,14445,break,high,short_line,0.46,26,57,Gnädigster Fürst und Herr!,Ewr Hochfürstliche Durchlaucht übermache ich angebogen daß Exposée
203,14456,break,high,short_line,0.56,32,57,untadelhaft vor mitem zu können.,Wegen Schweinern ſtehe ich mit dem Kaufmann Wiener ſo wie
203,14464,break,high,short_line+column,0.53,30,57,Ewr Hochfürstliche Durchlaucht,Schweinern den 2ten August.
203,14465,break,high,short_line,0.47,27,57,Schweinern den 2ten August.,1810
203,14466,break,high,short_line+column,0.07,4,57,1810,treu unterthänigster Diener
203,14467,break,high,short_line+column,0.47,27,57,treu unterthänigster Diener,v Triebenfeld
203,14472,break,high,short_line,0.69,33,48,weis auch nicht eine Sylbe davon.,Seit einiger Zeit hat mir Fischbach beigehende Taxen vom Güter
203,14481,run,review,short_line,0.58,28,48,bleibt zu Gute = 310000 Rthl,Die Zagorower Güter sollen tragen circa 27000 rt wäre am
203,14483,break,high,short_line,0.42,20,48,Werth von 540000 rt.,darauf stehen Schulden
203,14484,break,high,rubric+short_line,0.46,22,48,darauf stehen Schulden,1. die Invaliden Casse 50000 rt
203,14485,break,high,rubric,0.65,31,48,1. die Invaliden Casse 50000 rt,2. die Oppenheimerscher nebst rücksten Interessen 115000 rt.
203,14486,break,high,rubric,1.25,60,48,2. die Oppenheimerscher nebst rücksten Interessen 115000 rt.,3. Weigelt 50000 rt.
203,14487,break,high,rubric,0.42,20,48,3. Weigelt 50000 rt.,4. Seher Thos 8000 rt.
203,14488,break,high,rubric,0.46,22,48,4. Seher Thos 8000 rt.,5. Onera perpetua circa 1200 rtl. Gut Capit. — 24000 rt.
203,14490,break,high,short_line,0.48,23,48,thut Capital 247000 rt.,bleib an Werth gut 293000 rt.
203,14491,break,high,short_line,0.6,29,48,bleib an Werth gut 293000 rt.,Es wurden also die Knobelsdorffschen Güter einen höheren Wertschoben v
203,14498,break,high,short_line+column,0.52,25,48,Noch bemerke ich umstehen,v Triebenfeld
203,14504,run,review,short_line,0.14,9,65,gedeckt —,Vieleicht nimt dann noch Knobelsdorff die Trąbczyner Güter mit dem
203,14507,break,high,short_line,0.37,24,65,dem Prozeß vollends aus.,Geruhen Ewr Durchlaucht aber ja gründlich Ihre Meinung über alles
204,14514,break,high,short_line+column,0.05,3,63,204,Durchlauchtigster Fürst
204,14515,break,high,short_line+column,0.37,23,63,Durchlauchtigster Fürst,Gnädigster Fürst und Herr!
204,14516,break,high,short_line,0.41,26,63,Gnädigster Fürst und Herr!,Durch Ewr Durchlaucht Schreiben an dH. R. R. Heyne. „ daß Sie Weigel o
204,14528,run,review,short_line,0.59,37,63,Geleis zu bringen. Der Himmel gebe es,Haben Ewr Durchlaucht doch die einzige Gnade und sagen mich aufrichtig
204,14530,break,high,short_line,0.54,34,63,was eigentlich gethan werden soll.,"Wollen Sie Koschentin an Stösseln zurück geben, dem muß ich zwar verst"
204,14537,break,high,short_line+column,0.63,40,63,In tiefster Hochachtung ersterbe ich als,Ewr Durchlaucht
204,14538,break,high,short_line+column,0.24,15,63,Ewr Durchlaucht,Breslau den 6ten Septbr.
204,14539,break,high,short_line,0.38,24,63,Breslau den 6ten Septbr.,1810.
204,14540,break,high,short_line,0.08,5,63,1810.,unterthäniger Diener
204,14541,break,high,short_line+column,0.32,20,63,unterthäniger Diener,v Triebenfeld
205,14545,break,high,short_line+column,0.04,3,74,205,Durchlauchtigster Fürst
205,14546,break,high,short_line+column,0.31,23,74,Durchlauchtigster Fürst,Gnädigster Fürst und Herr!
205,14547,break,high,short_line,0.35,26,74,Gnädigster Fürst und Herr!,Heute früh um 5 Uhr reisete Köckritz ab ich begleitete ihm bis in sein
205,14550,run,review,short_line,0.24,18,74,nochmals zu Gnaden,was den Tausch Handel anbetrift so betreibe ich den mit Kopf und Herze
205,14566,break,high,short_line,0.53,39,74,und außer Landes gezogen werden können.,"Die wittwen Cassen Bank, Seehandlung, Pupillen Depositoria und alle Pr"
205,14585,run,review,short_line,0.7,53,76,Mann leidet nur kurze Zeit den geht die Sache beßer —,"Den Augenblick war der ehrliche Lombardini bey mich, Er wird einzusetz"
205,14587,run,review,short_line,0.53,40,76,"schicken, nun kan ich freier schreiben —","Vor der Hand noch dies — Labage ist nach Paris geschickt, und soll für"
205,14592,run,review,short_line,0.64,49,76,treulich was für Nuzzen daraus zu ziehen sey wird,"der Schweden Krieg bietet frohe Aussichten, dar, den das Eysen wird zu"
205,14594,break,high,short_line,0.37,28,76,hohe Preise verkauft werden.,Nun herzig und Ihnen edelster der Menschen und allen Fürsten Kindern a
205,14609,break,high,short_line+column,0.55,36,66,Mitt unbegränzter Verehrung erſterbe,Ewr Hochfürstliche Durchlaucht
205,14610,break,high,short_line+column,0.45,30,66,Ewr Hochfürstliche Durchlaucht,Breslau d 11ten Sept.
205,14611,break,high,short_line,0.32,21,66,Breslau d 11ten Sept.,1810.
205,14612,break,high,short_line,0.08,5,66,1810.,treu unterthäniger Diener
205,14613,break,high,short_line+column,0.38,25,66,treu unterthäniger Diener,v Triebenfeld
206,14617,break,high,short_line+column,0.05,3,65,206,Durchlauchtigſter Fürſt
206,14618,break,high,short_line+column,0.35,23,65,Durchlauchtigſter Fürſt,Gnädigster Fürst und Herr!
206,14619,break,high,short_line,0.4,26,65,Gnädigster Fürst und Herr!,"Lombardini iſt nun dort geweſen, und Ewr Hochfürſtlich Durchlaucht wiß"
206,14641,run,review,short_line,0.63,39,62,ich nur das Schema von Eberhard hätte —,Glückt der Tausch und der ſchnelle Abſaz der Güter den lachen Sie
206,14643,run,review,short_line,0.53,33,62,im Voraus — Es wird alles gehen —,Selbst Freund K[öckritz]: Prophezirt mit unsere Regi: ein seeliges End
206,14650,run,review,short_line,0.48,30,62,Plane alles voreiten zu können,"Nach meinem Plan soll Cabanis, eidlich beweisen wir viel Gründe zu"
206,14652,run,review,short_line,0.29,18,62,Zagorowo gehören —,"2tens sollen alle Contracte hin gelegt werden, was davon verurbeachtet"
206,14655,break,high,rubric+short_line,0.56,35,62,"worauf Knobelsdorff, so sehr sieht.",3. Was irgends bezahlt ist und was noch aussteht — dies soll jeder
206,14657,break,high,rubric+short_line,0.58,36,62,Erbpächter und Collonist agnosciren.,4. Mit Honrichs sich aus ander sezzen damit Knobelsdorff ein Unter¬
206,14659,run,review,short_line,0.24,15,62,kommen findet —,Iſt dies erwirt den Kan kein Teufel gegen der Sache was einwenden.
206,14666,run,review,short_line,0.41,12,29,versteinen —,Nochmals theuerster Erhabenster Fürst sein Sie ruhig laßen Sie
206,14670,run,review,short_line,0.31,9,29,Verehrung,Ewr Hochfürstlichen durchlaucht
206,14672,break,high,short_line+column,0.24,7,29,Breslau,d 16ten Sept
206,14673,break,high,short_line+column,0.41,12,29,d 16ten Sept,1810
206,14674,run,review,short_line,0.14,4,29,1810,treu unterthänigster Diener
207,14679,break,high,short_line+column,0.04,3,74,207,Abschrift
207,14680,break,high,short_line+column,0.12,9,74,Abschrift,Kalisz am 30ten Septr 1810.
207,14681,break,high,short_line,0.36,27,74,Kalisz am 30ten Septr 1810.,Pro Memoria
207,14682,run,review,short_line,0.15,11,74,Pro Memoria,"Ewr p haben wir die Ehre ganz unterthänigst zu berichten, daß wir jetz"
208,14715,break,high,short_line+column,0.04,3,82,208,Durchlauchtigster Fürst
208,14716,break,high,short_line+column,0.28,23,82,Durchlauchtigster Fürst,Gnädigster Fürst und Herr!
208,14717,break,high,short_line,0.32,26,82,Gnädigster Fürst und Herr!,"Noch habe ich die Reise nach Pohlen nicht antreten können, der Mangel "
208,14724,run,review,short_line,0.37,30,82,den wäre das Glück über groß —,Übrigens muß ich in Ewr Durchlaucht Angelegenheiten oft den Leidens Ke
208,14733,break,high,short_line,0.17,14,82,Ausdruck fort.,"""Er habe wieder an ihm oder an mir, noch weniger auf meiner Ordre das"
208,14737,run,review,short_line,0.45,37,82,"tigen, die Thüre und an mich zurück.""","Dies hat mich sehr wahr gethan, und ich bitte Ewer durchlaucht dem Lom"
208,14750,run,review,short_line,0.33,26,79,ohne Grund ist das nicht —,Labaye der in Paris Leinwand und Eysen für die noch zu zahlende Contri
208,14753,break,high,short_line,0.29,23,79,wird steht zu erwarten.,"Von Dessau ab ist die Elbe mit tra[?]g[?] Jagern besezt, so von Magdeb"
208,14759,break,high,short_line,0.3,24,79,zum Bruche kommen würde.,Übrigens fängt es mit den F[eld]. M[arschall] Kalckreuth an zu hinken.
208,14761,break,high,short_line+column,0.71,56,79,Mann glaubt es wird sich im kurzen wieder vieles anderen,In tiefsten Respect ersterbe
208,14762,break,high,short_line+column,0.35,28,79,In tiefsten Respect ersterbe,Euer Hochfürstliche Durchlaucht
208,14763,break,high,short_line+column,0.39,31,79,Euer Hochfürstliche Durchlaucht,Breslau
208,14764,break,high,short_line+column,0.09,7,79,Breslau,den 5ten 8br
208,14765,break,high,short_line+column,0.15,12,79,den 5ten 8br,1810
208,14766,break,high,short_line+column,0.05,4,79,1810,unterthänigster treuer Diener
208,14767,break,high,short_line+column,0.37,29,79,unterthänigster treuer Diener,v Triebenfeld
209,14771,run,review,short_line,0.12,3,25,209,Durchlauchtigster Fürst
209,14780,break,high,short_line+column,0.28,7,25,Breslau,16ten 8br.
209,14781,break,high,short_line,0.4,10,25,16ten 8br.,1810.
209,14782,break,high,short_line,0.2,5,25,1810.,unterthänigster Diener
210,14787,break,high,short_line+column,0.05,3,61,210,Durchlauchtigster Fürst
210,14788,break,high,short_line+column,0.38,23,61,Durchlauchtigster Fürst,Gnädigster Fürst und Herr
210,14789,run,review,short_line,0.41,25,61,Gnädigster Fürst und Herr,So eben erhalte ich Ewr Durchlaucht drey Schreiben wogegen Höchſt Sie 
210,14791,break,high,short_line,0.56,34,61,drey von mir erhalten haben müßen.,"Die Geschäfte sind hier von dem Belange, daß sie mir fast alle Sinne r"
210,14796,break,high,short_line,0.52,32,61,kenne ich sie und es geht beßer.,"Mann ſezt hier Termin in einer Sache an, man nimt aber dann die"
210,14815,break,high,short_line,0.64,42,66,kannten von mir — Er hat 100 # angenommen.,Zwey Assoren die alte Freunde des Referendarius Sommers sind haben
210,14824,break,high,short_line,0.62,41,66,Die 2t Sache ist mit die Olesnicer Buben.,Ich muß die Kerls heraus haben den schon sind sie schuldig — 16000 rt 
210,14827,run,review,short_line,0.58,38,66,Der Rest des Einstands Geldes 10000 rt,Hierzu die Intressen und Kosten mit wenigstens 5000 rt
210,14829,run,review,short_line,0.21,14,66,Summa 39270 rt,Sie saßen im Genus alles was sie aus dem Dorfe zogen gaben sie den
210,14863,break,high,short_line,0.54,29,54,den Code Napoleon frey steht.,"Ich habe einen andern, aber bereits in Petto, der zahlt voraus"
210,14869,break,high,short_line,0.28,15,54,sofort 7000 rt.,die alten Hauländer auf den mit sie eingeschrittenen Contract
210,14878,break,high,short_line,0.28,15,54,Summa 44000 rt.,Dies könte wenn alles glücklich gingen bis Neujahr
210,14886,break,high,short_line+column,0.54,29,54,In tiefer Submission ersterbe,Herr Durchlaucht
210,14887,break,high,short_line+column,0.3,16,54,Herr Durchlaucht,Kalisz den 13ten Novbr.
210,14888,break,high,short_line,0.43,23,54,Kalisz den 13ten Novbr.,1810
210,14889,break,high,short_line+column,0.07,4,54,1810,unterthäniger Diener
210,14890,break,high,short_line+column,0.37,20,54,unterthäniger Diener,v Triebenfeld
211,14894,break,high,short_line+column,0.06,3,50,211,Durchlauchtigſter Fürſt
211,14895,break,high,short_line+column,0.46,23,50,Durchlauchtigſter Fürſt,Gnädigster Fürst und Herr!
211,14896,break,high,short_line,0.52,26,50,Gnädigster Fürst und Herr!,Der Herr von Knobelsdorff war hier und hat sich von
211,14908,break,high,rubric,1.0,50,50,Gewinne ich hier den soll alle Noth ein Ende haben,H. v Knobelsdorff halte ich für einen überaus rechtschaft
211,14914,break,high,short_line+column,0.32,16,50,Ewer Durchlaucht,Klein Öhringen den 29t Novbr
211,14915,break,high,short_line+column,0.56,28,50,Klein Öhringen den 29t Novbr,1810
211,14916,break,high,short_line+column,0.08,4,50,1810,treuer Knecht
211,14917,break,high,short_line+column,0.26,13,50,treuer Knecht,v Triebenfeld
212,14921,break,high,short_line+column,0.06,3,53,212,Durchlauchtigster Fürst
212,14922,break,high,short_line+column,0.43,23,53,Durchlauchtigster Fürst,gnädigster Herr!
212,14923,break,high,short_line,0.3,16,53,gnädigster Herr!,"Eine arge Krankheit, woran ich noch nicht gewesen bin hat mich"
212,14940,break,high,short_line,0.34,18,53,um dies zu seinen.,Nach den neuen Edicten soll jeder ins Land gezogene
212,14950,break,high,short_line,0.43,23,54,sollen verlohren gehen.,"Ich habe denen Collonisten versprochen, wann sie durch 3 Jahre"
212,14982,break,high,short_line,0.41,20,49,rung aufgehoben ist.,das Minus entsteht durch die wenigern Zinsen den da rechnen
212,14986,break,high,short_line,0.51,25,49,Quantum jährige 11000 Rt.,Steuern p und Gehalte circa 4000 rt.
212,14988,break,high,short_line+column,0.14,7,49,= 15000,Einkünfte 22140
212,14989,break,high,short_line+column,0.31,15,49,Einkünfte 22140,bleiben Ewer Durchlaucht 7140 rt.
212,14990,break,high,short_line,0.67,33,49,bleiben Ewer Durchlaucht 7140 rt.,Indes treten nach Jahren durch absorbirung des Capitals wieder 5000 rt
212,14992,break,high,short_line,0.71,35,49,So auch das 1/3 Zinsen mit 4250 rt.,Da werde den Ertrag 16390 rt. sein
212,14993,run,review,short_line,0.69,34,49,Da werde den Ertrag 16390 rt. sein,"Die 7140 Rthl könne, aber erst wie gesagt von Johanni an gerechnet wer"
212,15004,run,review,short_line,0.6,25,42,Fürsten Sacken wird leben,sey doch daß keine Jahr für Ewr Durchlaucht besser als
212,15006,break,high,short_line+column,0.24,10,42,das alte —,In tiefen Respect ersterbe
212,15007,break,high,short_line+column,0.62,26,42,In tiefen Respect ersterbe,Ewr Hochfürstliche Durchlaucht
212,15008,break,high,short_line+column,0.71,30,42,Ewr Hochfürstliche Durchlaucht,Swiątniki
212,15009,break,high,short_line+column,0.21,9,42,Swiątniki,den 1ten Januar
212,15010,break,high,short_line+column,0.36,15,42,den 1ten Januar,1811
212,15011,break,high,short_line+column,0.1,4,42,1811,treu unterthänige diener
212,15012,break,high,short_line+column,0.57,24,42,treu unterthänige diener,v Triebenfeld
213,15016,break,high,short_line+column,0.04,3,74,213,Durchlauchtigster Fürst
213,15017,break,high,short_line+column,0.31,23,74,Durchlauchtigster Fürst,Gnädigster Fürst und Herr!
213,15018,break,high,short_line,0.35,26,74,Gnädigster Fürst und Herr!,"Von meiner Krankheit bin ich geheilt, meine erste Reiſe war nach Konin"
213,15047,break,high,rubric+short_line,0.36,23,64,Die Bedeutendesten sind,1. Mitt Niedźwiecker wegen 6000 rt.
213,15049,break,high,rubric,0.76,49,64,hier zweifle ich daß mann zu einem deiner erhält.,2. Mitt Nossalski wegen 3000 Rthl
213,15051,break,high,rubric,0.84,54,64,"dieser wird in wenig Tagen gewonnen, und der ist reich",3. Mitt die 3. Olesnicer Buben um circa 33000 rt
213,15055,break,high,rubric+short_line,0.56,36,64,Geld und den jährl. Zins mit 2000 r.,"4. Mit dem Wrąbczyner Bauren um rückständigen Zins, 1200."
213,15063,break,high,rubric,0.9,58,64,dies beträgt für 9 ganze und 2 halb Bauer Stellen 20000 rt,5. Schwebt schon lange Prozeß mit die Kopojner Skokumer und
213,15075,break,high,rubric+short_line,0.34,21,61,Zins höher als jezt —,7. mit 8 Hauländer die an 5000 rt. Einkaufs Gelder schuldig sind 5000 
213,15079,break,high,rubric+short_line,0.23,14,61,leer ausgehen.,8. mit den Rybbeck zu Drzewce wegen 225 rt
213,15082,break,high,rubric,1.11,68,61,zahlt den 1 April dieses Jahres bey Verlust seiner Haabe die,9. Mit dem Müller Mex[?] aus Swięcia wegen 500 Rthl
213,15085,break,high,rubric,0.92,56,61,halten weil der Mio[?] in 4 Wochen zu zahlen verspricht.,10. 29 Prozeße mit den Collonisten welche 39000 rt
213,15092,run,review,short_line,0.69,42,61,und gehen ein Geheim mit ihre Haabe fort —,Noch stehen viele Einkaufs Gelder und Zinsen unter gute Menschen
213,15102,run,review,short_line,0.33,20,61,Johanni ab fließen —,48467 rt wurden gewis bis Johanni eingehen — worin noch einen Theil vo
213,15123,run,review,short_line,0.33,23,70,von diese Güter haben —,Hier hat man alle Tage neue Gerüchte die sich aber selten bestätig
213,15135,break,high,short_line+column,0.44,31,70,Swiątniki den 27ten Januar 1811,unterthänigster
213,15136,break,high,short_line+column,0.21,15,70,unterthänigster,v Triebenfeld
214,15140,break,high,short_line+column,0.04,3,67,214,Durchlauchtigſter Fürſt
214,15141,break,high,short_line+column,0.34,23,67,Durchlauchtigſter Fürſt,Gnädigſter Fürſt und Herr!
214,15142,break,high,short_line,0.39,26,67,Gnädigſter Fürſt und Herr!,An den Todes Fall der Frau Fürstin Sacken nehme ich den lebhaftesten A
214,15158,break,high,short_line,0.69,46,67,Weigel auf gleiche Art abgefunden werden wird.,Gott werde ich in Stillen auf meinen Knien danken mann jene Wucherer
214,15161,break,high,short_line,0.6,40,67,Gemeinen Verfügung zufrieden sein müßen.,Jezt bleibt es noch die Sache die Revenuen bestimmt auszuwirken und fe
214,15164,break,high,short_line,0.66,46,70,damit ein gründlicher Etat formirt werden kan.,Die Erbpächter zahlen durchaus nichts — die desfalßigen Prozeße schweb
214,15168,break,high,short_line,0.27,19,70,werker anlegen muß.,Bier und Brandwein Urbar wird schon für Ewr Durchl. vom 1ten July admi
214,15210,run,review,short_line,0.4,30,75,hier ein ruhiges Arzt finden —,Sonsten habe ich das Personale vermindert um wohlfeile Menschen für Ew
214,15220,break,high,rubric+short_line,0.27,17,64,Ohrfeigen dulden.,"d. 28ten gehn ich nach Berlin und den 12ten Aug. bin ich wieder hier, "
214,15228,break,high,short_line,0.61,39,64,Ihnen wohl selbst persönlich zu kösten.,In tiefsten Respect ersterbe.
214,15229,break,high,short_line,0.46,29,64,In tiefsten Respect ersterbe.,Ewr Durchlaucht
214,15230,break,high,short_line+column,0.24,15,64,Ewr Durchlaucht,Kalisz den 21ten July
214,15231,break,high,short_line+column,0.33,21,64,Kalisz den 21ten July,1811.
214,15232,break,high,short_line,0.08,5,64,1811.,unterthäniger treuer Diener
214,15233,break,high,short_line+column,0.43,27,64,unterthäniger treuer Diener,v Triebenfeld
215,15237,break,high,short_line+column,0.05,3,60,215,P[ro]. M[emoria].
215,15238,break,high,rubric+short_line,0.28,17,60,P[ro]. M[emoria].,ad 1. sind mir die 1000 rt von dem Herrn Stallmeister Bally richtig ge
215,15242,break,high,rubric+short_line,0.68,41,60,was fals ich Execution hatte befriediget.,ad 2. Sage ich den tief gerührtesten darfür die an meine Kinder gesand
215,15248,break,high,rubric+short_line,0.13,8,60,bringen.,"ad 3. So ist der Honrichs, Hawich und Cabanis hier gewesen. des Hon¬"
215,15260,break,high,rubric+short_line,0.17,10,60,sagt — was,"ad 4. die Lage der Zagorower und Trąbczyner Güter betrifft, so muß"
215,15267,break,high,short_line,0.56,34,60,fals der Prozeß in Berlin schwebt.,Indes würden die Intressen darin circa 5100 Rt. Jahr betragen
215,15272,run,review,short_line,0.66,40,60,"die Zinsen nicht ausgehändiget werden —""",Der Nachweis des Honrichs und Cabanis besagt 13610 rt.
215,15274,break,high,short_line,0.51,31,60,die jahrlich Intressen 5100 rt.,Nach diesen würden 8510 bleiben —
215,15275,run,review,short_line,0.55,33,60,Nach diesen würden 8510 bleiben —,des Friedens Richter Grafen Kwilecki liegt diese Sache jezt vor
215,15285,break,high,short_line,0.47,29,62,eingehen alles decken werden.,"Übrigens aber wird es nothwendig sein, denen beiden Richter sowohl in"
215,15289,run,review,short_line,0.2,12,62,treten muß —,dem Stenger habe ich müßen gehen laßen. Er war mir zu kostbar
215,15298,run,review,short_line,0.11,7,62,wolte —,Die Dąbska hatt sich ohne alle Decrete und Urtels in Posses der
215,15315,break,high,short_line,0.49,30,62,berüchtigten Herr zu erhalten.,Es ist dies üben der Rath des Grafen Kwilecki der mir
215,15324,run,review,short_line,0.25,14,57,Kaemener Güter,"Wegen den Jeremiaden des Grotowski, Lichnowski, Zerboni"
215,15328,run,review,short_line,0.58,33,57,auch den Kummer für die Zukunft —,"Ich glaube, daß wann der Fürst die Güter zurück erhält so sein"
215,15337,break,high,short_line,0.49,28,57,Credit zugleich hergestellt.,Übrigens bleibt jenes Sr Durchlaucht von mir vor 3 Jahren gegebene
215,15344,break,high,short_line,0.37,21,57,dieselbe bleibe wird.,Die dis membragion bleibt wie sie in jenes Tableau
215,15354,run,review,short_line,0.67,38,57,bekannt und die dorfür etablirt würden,Ich gebe zu daß jezt kein Zulauf von Collonisten ist aber kehrt
215,15360,run,review,short_line,0.43,23,53,mit dem bemerken erläst,"""daß Er durchlaucht auf die vielfachen dringenden bitten"
215,15367,break,high,short_line+column,0.7,37,53,gute Groschen oder statt hundert rthl,Sechß und Sechßig rthl 16 gg sehr
215,15368,break,high,short_line+column,0.62,33,53,Sechß und Sechßig rthl 16 gg sehr,"prompt berichtigten pp"""
215,15369,run,review,short_line,0.43,23,53,"prompt berichtigten pp""",Dieſes iſt ein nothwendiges Übel es muß aber geſchehen weil ſonſten
215,15380,break,high,short_line,0.13,7,53,können.,"In Betsche stehen bedeutende Reste, als der jährliche Canon von"
215,15412,break,high,short_line,0.65,35,54,hier die Trąbczyner Sache bemerken.,"""daß die Dąbska mit der Bitte, die Trąbczyner"
215,15423,run,review,short_line,0.15,8,54,"werden.""","Dies ist den doch wohl der reden deste[?] Beweis, daß die"
215,15439,break,high,short_line,0.34,16,48,zu ziehen könte.,"Was meine Hinkunft nach Schlawenschitz betrift, so"
215,15454,break,high,short_line,0.48,23,48,nicht darben zu dürfen.,Was die Collonnasche Sache betrift so ist dies nur
215,15458,break,high,short_line+column,0.69,33,48,"angefangen, und muß nun ehrenvoll",beendiget werden.
215,15459,break,high,short_line,0.36,17,48,beendiget werden.,Gerne wäre ich desfals von einen Pole zum
215,15480,break,high,short_line,0.45,17,38,Ziele zu bringen.,Beyme sagt es mannge bey der Sache die
215,15485,break,high,short_line,0.58,22,38,der Form gefehlt ware.,Er gäbe auch zu daß Reibniz und die Com¬
215,15497,run,review,short_line,0.42,16,38,einwenden können,Die Königin wünscht das man hier die Beweiß
215,15502,run,review,short_line,0.33,15,46,handeln könne —,wegen den Verkauf der Südpreussischen Güter
215,15506,run,review,short_line,0.59,27,46,nichts was bindet zu sagt —,Brzechffa ist jezt mächtig er kan schaden und
215,15530,break,high,short_line+column,0.63,29,46,Gegen ich selbst sogleich hin,v Triebenfeld
216,15534,break,high,short_line+column,0.05,3,66,216,"Durchlauchtigſter Fürſt,"
216,15535,break,high,short_line+column,0.36,24,66,"Durchlauchtigſter Fürſt,",Gnädigſter Fürſt und Herr!
216,15536,break,high,short_line,0.39,26,66,Gnädigſter Fürſt und Herr!,"Aller wahrſcheinlichkeit nach, und beſonders den Verſicherungen mehrer"
216,15559,break,high,short_line,0.36,24,68,conservirt wißen wollen.,"Solte dies der Fall sein, so dringe ich, da die jezzigen Gesezze für d"
216,15564,run,review,short_line,0.49,33,68,die Wrąbczyner entschieden sein —,"Wegen die Reste ſchweben eine Menge Prozeße, ich zweifle aber daß"
216,15568,run,review,short_line,0.09,6,68,mein —,Das Mehreste habe ich jezt zu schaffen mit Hecker und diese ganze Brut
216,15588,break,high,short_line+column,0.3,9,30,gegeben —,Blizanow
216,15589,break,high,short_line+column,0.27,8,30,Blizanow,d 29ten July 1811.
216,15590,break,high,short_line,0.6,18,30,d 29ten July 1811.,unterthänigster Diener
217,15595,break,high,short_line+column,0.07,3,44,217,Hochwohlgebohrner Herr
217,15596,run,review,short_line,0.49,22,44,Hochwohlgebohrner Herr,Insonders Hochzuehrender Herr Lieutenant!
217,15603,break,high,short_line,0.63,28,44,gegenwärtigen zu belästigen.,"daß ich Schleßen und Brau verlassen müßen,"
217,15625,break,high,short_line,0.23,10,44,zu machen.,"Der hiesige Franzosische Gesante, bei dem voriges"
217,15648,break,high,short_line,0.17,7,42,könten.,Wie werde die Wohltaten vergeßen so ich durch
217,15651,break,high,short_line,0.62,26,42,kann und wird nie sterben.,Ist denn noch keine Sententz aus den ersten
217,15658,break,high,short_line,0.5,21,42,triebonal besagt hat?,Neues wolle Ihnen gerne mit fielen allein
217,15674,break,high,short_line+column,0.63,19,30,Ew Hochwohlgebohren,Berlin
217,15675,break,high,rubric+short_line,0.2,6,30,Berlin,g. 15ten August
217,15677,break,high,short_line+column,0.13,4,30,1811,Stalauer Str:
217,15678,break,high,short_line,0.43,13,30,Stalauer Str:,Nr 13
217,15679,run,review,short_line,0.17,5,30,Nr 13,gantz gehorsamtreuer Sud[?] a[?] dien
218,15684,break,high,short_line+column,0.04,3,68,218,Durchlauchtigſter Fürſt
218,15685,break,high,short_line+column,0.34,23,68,Durchlauchtigſter Fürſt,Gnädigſter Fürſt und Herr!
218,15686,break,high,short_line,0.38,26,68,Gnädigſter Fürſt und Herr!,"Was hier in Ewr Durchlaucht Güter gethan, und in der Folge zu erwarten"
218,15689,break,high,short_line,0.38,26,68,Resultate vorlegen können.,Einen Anschlag habe ich entworfen und ihm Cabanis ausfertigen laßen — 
218,15693,break,high,short_line,0.35,24,68,betrachtet werden könne.,Im Fall hier durchlaucht einen desfals mit dem Herrn v. Heuthausen und
218,15697,break,high,short_line,0.64,44,68,nach unſern Wünſchen in der Sache entrirten.,Der Plan ist eigentlich mit dem Gen[eral]. Gr[af]: Wartensleben auf Sc
218,15700,break,high,short_line,0.45,31,68,und es blieben reine 115000 rt.,Wann dagegen die Zagorower Gute mit einen Werth von 560000 rt angenomm
218,15730,break,high,short_line,0.65,47,72,Medicinal Rath Gumperts in Unterhandlung steht.,Übrigens würde ich mit glühenden Eyfer bemüht sein noch vor der Überga
218,15744,run,review,short_line,0.32,23,72,Instanz schon cassirt —,Fürst das war eine Erinnerung der Unterredung die mich beinahe
218,15746,run,review,short_line,0.61,44,72,zum Wahnsinn brachte — O meine arme Kinder —,Ich habe nach Ihrer Art die Fenster schreiben gezählt — jezt wieder
218,15748,run,review,short_line,0.14,10,72,zur Sachen,"In Betſchen iſt auch viel zu thun, dorten ſtehen an 20000 rt in Reſs d"
218,15766,run,review,short_line,0.58,36,62,mein schönes Kontop zum Teufel ist —,"Niemanden habe ich der eifschilft, was ich anwerbe, daß arbeiten soll["
218,15771,break,high,short_line+column,0.69,43,62,Anhänglichkeit und der tiefsten Hochachtung,Ewr Hochfürstliche Durchlau
218,15772,break,high,short_line+column,0.43,27,62,Ewr Hochfürstliche Durchlau,der Stern aus Norden leuchtet
218,15773,break,high,short_line+column,0.46,29,62,der Stern aus Norden leuchtet,mündlich das mehrere
218,15774,break,high,short_line+column,0.32,20,62,mündlich das mehrere,Blizanow
218,15775,break,high,short_line+column,0.13,8,62,Blizanow,d 21tn 7br 1811
218,15776,break,high,short_line+column,0.24,15,62,d 21tn 7br 1811,treu unterthäniger Diener
218,15777,break,high,short_line+column,0.4,25,62,treu unterthäniger Diener,v Triebenfeld
219,15781,break,high,short_line+column,0.04,3,71,219,Durchlauchtigſter Fürſt
219,15782,break,high,short_line+column,0.32,23,71,Durchlauchtigſter Fürſt,Gnädigſter Fürſt und Herr!
219,15783,break,high,short_line,0.37,26,71,Gnädigſter Fürſt und Herr!,"Wann Ewr Durchlaucht den eingeſandten Plan genehmigen ſolten, ſo bitte"
219,15792,break,high,short_line,0.72,51,71,sich im ruhigen Possess der Majorate sezzen können.,"Gott im Himmel würde ich danken, wan mann die hiesigen Güter auf eine "
219,15798,break,high,short_line,0.34,24,71,ſteten Ziele zu bringen.,Das brint von der Ambassade ist verhallt — Am mehrsten war die Nachfra
219,15804,run,review,short_line,0.54,38,71,"tigkeit widerfahren, die mir gebührt —",Um balde Antwort bitte ich nochmahls und ersterbe ehrfurchtsvoll
219,15806,break,high,short_line+column,0.21,15,71,Ewr Durchlaucht,Blizanow d 30ten 7br
219,15807,break,high,short_line+column,0.28,20,71,Blizanow d 30ten 7br,1811
219,15808,break,high,short_line+column,0.06,4,71,1811,treu gehorsamster Diener
219,15809,break,high,short_line+column,0.34,24,71,treu gehorsamster Diener,v Triebenfeld
220,15813,break,high,short_line+column,0.04,3,76,220,Durchlauchtigster Fürst
220,15814,break,high,short_line+column,0.3,23,76,Durchlauchtigster Fürst,Gnädigster Fürst und Herr!
220,15815,break,high,short_line,0.34,26,76,Gnädigster Fürst und Herr!,Ewr Hochfürstliche Durchlaucht Höchst verehrtes Schreiben hat man nach
220,15837,run,review,short_line,0.69,47,68,Die Sache käme dann folgendermaaßen zu stehen —,"bey Zagorower blieben nach den Anschlag, außer die Reste an 35000 rt"
220,15839,break,high,short_line,0.43,29,68,bey Konstad blieben 80000 rt.,Folglich bliebe auf die Zagorower Güter eine Hypotheque von 270000 rt.
220,15842,run,review,short_line,0.34,23,68,für 350000 rt Quittiren,Wolte indes Weigel und Stössel ohne Constad gleich die Zagorower Güter
220,15845,run,review,short_line,0.56,38,68,"ren bekommen, so wäre es nach besage —",Koschentin könte dan als Majorat für Prinz Alexander genommen werden.
220,15856,run,review,short_line,0.65,44,68,Er wird in Kalisz bey den Termin erforderten,Von den Resten möchte ich noch gerne etwas Baurrretten — dan beyte[?] 
220,15867,break,high,short_line+column,0.16,5,31,Brieg,den 31ten 8br
220,15868,break,high,short_line+column,0.42,13,31,den 31ten 8br,1811.
220,15869,break,high,short_line,0.16,5,31,1811.,treu unterthäniger Diener
221,15874,break,high,short_line+column,0.05,3,64,221,Durchlauchtigster Fürst
221,15875,break,high,short_line+column,0.36,23,64,Durchlauchtigster Fürst,Gnädigster Fürst und Herr!
221,15876,break,high,short_line,0.41,26,64,Gnädigster Fürst und Herr!,"Ewr Durchlaucht befohlen, daß Ihnen von die Zagorower Güter 18000 rt g"
221,15884,break,high,short_line,0.56,36,64,rower Güter an Stösseln eingeleitet.,Der Graf Leopold v Wartensleben ist mit dem jungen Stössel bey mir
221,15888,break,high,short_line,0.48,31,64,Das Werk in Geleise zu bringen.,Mein Plan ist der Sub Litt A und der Wartenslebensche Sub B
221,15892,break,high,short_line,0.33,21,64,um Heymen zu stimmen.,König ist zugleich zu Ge Sendralzki gereiset der vieleicht mit mir
221,15918,break,high,short_line,0.38,15,40,Sind 190000 rt.,Stössel muß wie der Plan sub A zeigt die
221,15926,break,high,short_line,0.55,22,40,des beträgt 470000 rt.,Dieſe werden gedeckt.
221,15927,break,high,rubric+short_line,0.53,21,40,Dieſe werden gedeckt.,1. Für Zagorowo 300000 rt.
221,15928,break,high,rubric,0.65,26,40,1. Für Zagorowo 300000 rt.,"2. Für Weigel dort eingetragen, 52500 rt."
221,15929,break,high,rubric,1.02,41,40,"2. Für Weigel dort eingetragen, 52500 rt.",3. durch Blizanow oder Pielen 100000 rt.
221,15930,break,high,rubric,1.0,40,40,3. durch Blizanow oder Pielen 100000 rt.,4. durch Zuzahlung der 17500 rt.
221,15932,break,high,short_line,0.38,15,40,Sind 470000 rt.,Wann dies alles glücklich geht um beendigt ist dann komme
221,15938,run,review,short_line,0.5,20,40,August lästig fält —,Mit traunster Anhänglichkeit und der tiefsten Ehrfurcht
221,15940,break,high,short_line+column,0.2,8,40,ersterbe,Ewr Durchlaucht
221,15941,run,review,short_line,0.38,15,40,Ewr Durchlaucht,Die Papiere geruhen Ew. Durchlaucht
221,15944,break,high,short_line+column,0.55,22,40,den Augenblick erhalte,ich am Schreiben ich muß
221,15945,break,high,short_line+column,0.6,24,40,ich am Schreiben ich muß,wider nach Neisse
221,15946,break,high,short_line+column,0.42,17,40,wider nach Neisse,Blizanow
221,15947,break,high,short_line+column,0.2,8,40,Blizanow,d 20ten 9br 1811.
221,15948,break,high,short_line,0.42,17,40,d 20ten 9br 1811.,treu unterthänigſten Knecht
221,15949,break,high,short_line+column,0.68,27,40,treu unterthänigſten Knecht,v Triebenfeld
222,15953,break,high,short_line+column,0.05,3,64,222,Durchlauchtigster Fürst
222,15954,break,high,short_line+column,0.36,23,64,Durchlauchtigster Fürst,Gnädigster Fürst und Herr!
222,15955,break,high,short_line,0.41,26,64,Gnädigster Fürst und Herr!,Daß der Baron Stössel Willens ist die Zagorower Güter für seine Forder
222,15966,break,high,short_line,0.48,31,64,auch kein Geld um keine Pferde.,Ich schicke dieſemnach auch noch dieſen Bothen und bitte um ſchleunige
222,15970,break,high,short_line,0.59,38,64,ob Höchſt Sie einen andern Plan haben?,So weit ich Ewr Durchlaucht Laage kenne und so viel bisher Verstand
222,15983,break,high,short_line+column,0.31,15,49,Ewr Durchlaucht,Blizanow d. 1ten Xbr
222,15984,break,high,short_line+column,0.41,20,49,Blizanow d. 1ten Xbr,1811
222,15985,break,high,short_line+column,0.08,4,49,1811,ganz gehorſamſter treuer Diener
222,15986,break,high,short_line+column,0.63,31,49,ganz gehorſamſter treuer Diener,v Triebenfeld
222,15989,break,high,short_line,0.28,17,61,P[ro]. M[emoria].,Ich hatte diesem Brief schon gesiegelt und den Bothen übergebenden läs
222,15996,run,review,short_line,0.52,32,61,des eiligstem schreiben mögten —,"""daß Sie von jeher gesonnen gewesen wären Koschentin zu erhalten"
222,16007,run,review,short_line,0.66,40,61,"diese Sachen im Unterhandlung zu sezzen""","Ich bin nun ganz ganz rest überzeugt, daß diese Geschichte zu Stande"
222,16018,break,high,short_line,0.34,21,62,die froheste Zukunft.,Übrigens schreibt mir Köck[ritz]: ich soll bald bald nach Berlin
222,16021,run,review,short_line,0.24,15,62,noch gut werden,Mein ältester Sohn der in 2 ten Schluſe zuſaren Regiment diente
222,16026,break,high,short_line+column,0.65,40,62,vielleicht — In der c Sache nur mündlich,v Triebenfeld
223,16030,break,high,short_line+column,0.06,3,47,223,"Hochwohlgebohrner Herr,"
223,16031,run,review,short_line,0.49,23,47,"Hochwohlgebohrner Herr,",Hochzuehrender Herr Krieges und Forst Rath!
223,16085,run,review,short_line,0.69,37,54,wig nur noch mehr die schon zu großen,Objekte von Gütern vermehren; nicht gerne
223,16295,break,high,short_line+column,0.61,33,54,der ich verbleibe Ew. Hochwohlben,Schlawenschitz den 4. Xbr 1811.
224,16299,break,high,short_line+column,0.05,3,58,224,Hochwohlgeb.
224,16300,break,high,short_line,0.21,12,58,Hochwohlgeb.,"Leider mußte ich bis heute Ew Hlr. Toten warten lassen, dem ich das er"
224,16321,break,high,rubric+short_line,0.09,5,58,seyn:,1. er will gerne seine Güter Seliz und Modzewo vor 110/m
224,16323,break,high,rubric+short_line,0.34,20,58,"im Handel anbringen,","2. dann möchte er das kleine Gut Goła wies, was jetzt"
224,16324,break,high,rubric,0.91,53,58,"2. dann möchte er das kleine Gut Goła wies, was jetzt","H. v Johnson besitzt, und worin er 6000 rt hat, mit"
224,16326,break,high,rubric+short_line,0.12,7,58,angeben,3. sodann will er ein der Generalis gehöriges Capital
224,16335,break,high,short_line,0.71,37,52,sische Besitzungen zugeben zu können.,"Dabei äußerte man sind noch, daß wann wider des alten"
224,16366,run,review,short_line,0.11,6,55,machen,Dieses ist was ich über diesen Gegenstand zu sagen vermag
224,16419,break,high,short_line,0.12,7,58,wollen.,Geruhen die Sich von meiner wahren Anhänglichkeit stets
226,16427,break,high,short_line+column,0.05,3,65,226,Durchlauchtigster Fürst
226,16428,break,high,short_line+column,0.35,23,65,Durchlauchtigster Fürst,Gnädigster Fürst und Herr!
226,16429,break,high,short_line,0.4,26,65,Gnädigster Fürst und Herr!,Ewr Hochfürstliche Durchlaucht Höchst verehrtes Schreiben habe ich neb
226,16454,run,review,short_line,0.34,21,62,= Herzogthum Warschau,"= Wann ihm / Stösseln / dies genehm wäre, so würde er er"
226,16457,run,review,short_line,0.42,26,62,= die Güter zu besichtigen,"Ob und was Ewr Durchlaucht zu thun gemeint sind, stelle ich lediglich"
226,16460,run,review,short_line,0.21,13,62,zu belehren —,"Das übrigens jezt aus den Gütern keine Gelder zu ziehen, sind ist nich"
226,16476,run,review,short_line,0.39,26,66,stets allein stehen lies —,"Haben indes Ewr Durchlaucht jemanden der es beßer als ich versteht,"
226,16488,run,review,short_line,0.12,8,66,zurück —,Übrigens verlangt die Prefectus die Original Urkunde von den Zagorower
226,16494,break,high,short_line,0.44,14,32,mit zu senden.,"Schlüßlich frage ich gehorsamst an, ob der Prozeß wegen den"
226,16500,break,high,short_line+column,0.47,15,32,Ewr Durchlaucht,Blizanow
226,16501,break,high,short_line+column,0.25,8,32,Blizanow,den 20ten Decbr. 1811
226,16502,break,high,short_line+column,0.66,21,32,den 20ten Decbr. 1811,unterthänigster
226,16503,break,high,short_line+column,0.47,15,32,unterthänigster,v Triebenfeld
227,16507,break,high,short_line+column,0.05,3,64,227,"Durchlauchtigster Fürst,"
227,16508,break,high,short_line+column,0.38,24,64,"Durchlauchtigster Fürst,",Gnädigster Fürst und Herr!
227,16509,break,high,short_line,0.41,26,64,Gnädigster Fürst und Herr!,"Ob zwar der lezte Bote noch nicht zurück ist, und Ew. Durchl. erleucht"
227,16515,break,high,short_line,0.5,32,64,Herrschaft auf 6. Jahre pachten.,"Er biethet jährlich 20,000 — 25,000 rt. Er will die 3. Vorwerke für"
227,16530,break,high,short_line,0.49,32,65,und einen Contract zu schließen.,Ganz gehorsamst bemerke ich daß es wegen dem bevorstehenden Krieg und
227,16536,run,review,short_line,0.69,45,65,"bezahlt werden könten. Ich will soll, und auß",1ten. Die Podothen mit diein — 1200. rt. bezahlen
227,16537,break,high,rubric,0.75,49,65,1ten. Die Podothen mit diein — 1200. rt. bezahlen,2. die neuen exorbitanten lieferungen
227,16539,break,high,rubric,0.74,48,65,nach Warschau hin mit 1240. rt. 8 g. berichtigen,3. Interessen an die Invaliden Casse — 1250 rt. senden
227,16540,break,high,rubric,0.83,54,65,3. Interessen an die Invaliden Casse — 1250 rt. senden,4. An Weigel 1250 rt. ſchikenlaßen
227,16541,break,high,rubric,0.52,34,65,4. An Weigel 1250 rt. ſchikenlaßen,5. alte Podatten[?] und sonstige Kosten 1730 rt. bemühtiger
227,16546,break,high,short_line,0.66,43,65,risquire ich nicht mit der Invaliden Casse?,"Der Herr Prefect von Brzechffa ist jezt so gut und nimmt sich, da"
227,16561,break,high,short_line,0.45,29,64,tin frey gemacht werden soll?,Im ersten Falle würde ich zwar Ev. Durchlaucht alles nur denklich
227,16578,break,high,short_line,0.58,33,57,kann ich von hier noch nicht weg.,Übrigens iſt der Reichstag in Warschau ſehr stürmisch be¬
227,16582,run,review,short_line,0.54,31,57,"Mann hat ſtarke Reden gehalten,",Zum heut angetrettenen Neuenjahr wünsche Ew. Durchlaucht
227,16585,break,high,short_line+column,0.7,40,57,dauerhafteste Gesundtheit — und ersterbe,Ew Hochfürstliche Durchlaucht
227,16586,break,high,short_line+column,0.51,29,57,Ew Hochfürstliche Durchlaucht,Blizanow
227,16587,break,high,short_line+column,0.14,8,57,Blizanow,d 4. Jan.
227,16588,break,high,short_line,0.16,9,57,d 4. Jan.,1812
227,16589,break,high,short_line+column,0.07,4,57,1812,treu unterthänigſter Diener
227,16590,break,high,rubric+short_line,0.47,27,57,treu unterthänigſter Diener,v. Triebenfeld
228,16594,break,high,short_line+column,0.06,3,52,228,P[ro]. M[emoria].
228,16595,break,high,short_line,0.33,17,52,P[ro]. M[emoria].,"Ew Durchleucht verfehle ich nicht, über den Erfolg meiner Sen¬"
228,16598,break,high,short_line,0.67,35,52,Bericht unterthänigſt abzuſstatten.,"Der Herr General ist allerdings noch geneigt, den projectirten"
228,16604,break,high,short_line,0.29,15,52,mann in Berlin.,"Was den erſten anbetrift, ſo befindet ſich der Herr Ge¬"
228,16620,break,high,short_line,0.37,17,46,abgemacht werden.,"Wenn hiezu noch der Umstand tritt, daß wegen"
228,16629,break,high,short_line,0.7,32,46,Ew Durchleucht Mißbilligung hat.,Schlawenschitz den 17 Januar
228,16630,break,high,short_line+column,0.61,28,46,Schlawenschitz den 17 Januar,1812.
228,16631,break,high,short_line,0.11,5,46,1812.,Sommer
229,16635,break,high,short_line+column,0.04,3,67,229,Durchlauchtigſter Fürſt
229,16636,break,high,short_line+column,0.34,23,67,Durchlauchtigſter Fürſt,Gnädigster Fürst und Herr!
229,16637,break,high,short_line,0.39,26,67,Gnädigster Fürst und Herr!,"Ewr Hochfürstliche Durchlaucht kan ich an den wichtigen Tag, der ein"
229,16647,break,high,short_line,0.72,48,67,von nun an allen Kummer und Sorgen fremd werden.,Dies ſind die Zubegriffe meines treuenſten Wunſches an dieſen wichtige
229,16673,break,high,short_line,0.36,20,56,nal Urkunden zurück.,"der Parobeck erfolgt und wenn es glückt, so bringen wir"
229,16675,break,high,short_line,0.5,28,56,einen noch größern Hund mit.,In tiefster Ehrfurcht ersterbe.
229,16676,break,high,short_line,0.55,31,56,In tiefster Ehrfurcht ersterbe.,Ewr Hochfürstliche Durchlaucht
229,16677,break,high,short_line+column,0.54,30,56,Ewr Hochfürstliche Durchlaucht,Blizanow
229,16678,break,high,short_line+column,0.14,8,56,Blizanow,den 27ten Januar 1812
229,16679,break,high,short_line+column,0.38,21,56,den 27ten Januar 1812,treu unterthänigster Diener
229,16680,break,high,short_line+column,0.48,27,56,treu unterthänigster Diener,v Triebenfeld
230,16684,break,high,short_line+column,0.07,3,45,230,Hochwohlgebohrner Herr
230,16685,run,review,short_line,0.49,22,45,Hochwohlgebohrner Herr,Hochzuehrender Herr Krieges und Forst Rath!
230,16802,break,high,short_line,0.48,21,44,stets bleiben werden.,Ew Hochwohlgebohren
231,16806,break,high,short_line+column,0.05,3,58,231,Hochwohlgebohrner
231,16807,break,high,short_line+column,0.3,17,58,Hochwohlgebohrner,hochzuverehrender Herr und Freund!
231,16808,break,high,short_line,0.59,34,58,hochzuverehrender Herr und Freund!,"Vor einigen Wochen war ich eigener Geschäfte waren im Kalisz,"
231,16823,break,high,short_line,0.3,17,58,Ewr. Hochwohlgeb.,Breslau d 9ten Januar 1812
231,16824,break,high,short_line+column,0.45,26,58,Breslau d 9ten Januar 1812,ergebener Freund u. Diener
231,16825,break,high,rubric+short_line,0.45,26,58,ergebener Freund u. Diener,C. F. Weigel
232,16829,break,high,short_line+column,0.06,3,49,232,Durchlauchtigster Fürst
232,16830,break,high,short_line+column,0.47,23,49,Durchlauchtigster Fürst,Gnädigster Fürst und Herr
232,16831,run,review,short_line,0.51,25,49,Gnädigster Fürst und Herr,daß Ewer Durchlaucht jemand hergeschikt haben der
232,16842,break,high,rubric,1.06,52,49,alte Rückständen vom 1808 die der Sequestor mit 2000,d. Causirt hat zu erhalten. Brzechffa hat declarirt
232,16857,break,high,short_line,0.28,13,47,leiden müßen.,Die Herrlichen Casse hat nun auf Execution auf
232,16866,run,review,short_line,0.6,28,47,mit Brzechffa erhält übrig —,"Mein und Brzechffas Plan ist, wan ich gewesen, nach"
232,16875,break,high,short_line,0.42,22,52,Schläfen wird bezahlt.,Ewr Durchlaucht ſchreiben dem H. Sommer die 300 rt.
232,16890,run,review,short_line,0.48,25,52,eine Erklärung ge[bey?] —,"""daß der Krieges und Först Rath v Triebenfeld die Quest"
232,16904,run,review,short_line,0.68,32,47,"Execution beitreiben laßen kan.""",dieses von hier durchlaucht gerichten ausgestellt bitte ich mir
232,16913,break,high,short_line,0.17,8,47,treffen.,Was die mir gnädigst zugesandte Brieges P[i/r?]ecz[?] an
232,16917,break,high,short_line,0.57,27,47,ihm zu bezahlen übernommen.,In tiefsten Respect erstorben
232,16918,break,high,short_line+column,0.62,29,47,In tiefsten Respect erstorben,Ewr Hochfürstliche Durchlaucht
232,16919,break,high,short_line+column,0.64,30,47,Ewr Hochfürstliche Durchlaucht,Kopojno
232,16920,break,high,rubric+short_line,0.15,7,47,Kopojno,d. 16t Juny 1811
232,16922,break,high,short_line+column,0.4,19,47,unterthänigster der,v Triebenfeld
233,16926,break,high,short_line+column,0.05,3,62,233,Durchlauchtigster Fürst
233,16927,break,high,short_line+column,0.37,23,62,Durchlauchtigster Fürst,Gnädigster Fürst und Herr
233,16928,run,review,short_line,0.4,25,62,Gnädigster Fürst und Herr,"Der H. p. Sommer hat mich lezthin gesagt, daß sich bey Ewr Durch"
233,16934,break,high,short_line,0.47,29,62,derung sofort abfinden könne.,Mein Rath ist dem v. Sobottendorff Drzewce auf 18 Jahre zuver¬
233,16954,break,high,short_line,0.48,28,58,noch lange wird warte müßen.,Im Fall Ewr Durchlaucht diesen Vorschlag genehmigen und
233,16963,break,high,short_line,0.71,41,58,ſo hatte ich hier einen ebenmäßigen Plan.,"Ich würde Weigeln schreiben, und anrathen das Vorwerk Kopojno"
233,16988,break,high,short_line,0.29,15,52,bezahlen müßen.,von den Zinsen würde den höchsten nach Abzug der Bayonner
233,17015,break,high,short_line+column,0.31,15,49,Ewr Durchlaucht,Blizanow den 26ten Juny
233,17016,break,high,short_line+column,0.47,23,49,Blizanow den 26ten Juny,1812
233,17017,break,high,short_line+column,0.08,4,49,1812,gehorsamster Diener
233,17018,break,high,short_line+column,0.39,19,49,gehorsamster Diener,v Triebenfeld
234,17022,break,high,short_line+column,0.07,3,44,234,Anfang 2
234,17023,run,review,short_line,0.18,8,44,Anfang 2,Wie ich mit d Weigel stehn sehen Ew Durchlaucht aus
234,17073,break,high,short_line,0.35,16,46,Revenuen ziehen.,"Mir durch die Sache muß gehen, Ich schreibe"
234,17108,break,high,short_line+column,0.1,4,42,Ewig,Ewr Durchlaucht
234,17109,break,high,short_line+column,0.36,15,42,Ewr Durchlaucht,Blizanow den 6ten July 1812
234,17110,break,high,short_line+column,0.64,27,42,Blizanow den 6ten July 1812,treuer Knecht
234,17111,break,high,short_line+column,0.31,13,42,treuer Knecht,v Triebenfeld
235,17115,break,high,short_line+column,0.07,3,45,235,Durchlauchtigſter Fürſt
235,17116,break,high,short_line+column,0.51,23,45,Durchlauchtigſter Fürſt,Gnädigster Fürst und Herr!
235,17117,break,high,short_line,0.58,26,45,Gnädigster Fürst und Herr!,Mein Bothe ist 2 Tage aufgehalten und komt da
235,17151,break,high,short_line+column,0.59,23,39,Ehrfurchtsvoll verharre,Ewr Durchlaucht
235,17152,break,high,short_line+column,0.38,15,39,Ewr Durchlaucht,Blizanow
235,17153,break,high,short_line+column,0.21,8,39,Blizanow,d 18ten July 1812
235,17154,break,high,short_line+column,0.44,17,39,d 18ten July 1812,unterthänigſter
235,17155,break,high,short_line+column,0.38,15,39,unterthänigſter,v Triebenfeld
236,17159,break,high,short_line+column,0.06,3,50,236,Durchlauchtigster Fürst
236,17160,break,high,short_line+column,0.46,23,50,Durchlauchtigster Fürst,Gnädigster Herr!
236,17161,break,high,short_line,0.32,16,50,Gnädigster Herr!,Der gute alte Weigel ist hier gewesen. Er hatt mir
236,17168,break,high,short_line,0.5,25,50,laucht gewiß vorteilhaft.,"Der Herr v. Sobottendorff kan beruhiget sein, auch seine"
236,17176,break,high,short_line,0.52,26,50,ist ein elender bösewicht.,Übrigens höhre ich so eben eine traurige Nachricht
236,17186,run,review,short_line,0.28,8,28,Ihrige —,Gott wolle dies verhühten und dem Cosmar zum Lügener
236,17188,break,high,short_line,0.46,13,28,werden laßen.,Nur die Documente und um den Brief an den Prefecten
236,17191,run,review,short_line,0.53,15,28,Ewr Durchlaucht,Hrn Weigel will kaufen
236,17200,break,high,rubric+short_line,0.28,8,28,Blizanow,d. 11ten July
236,17202,break,high,short_line+column,0.14,4,28,1812,unterthäniger diener
236,17203,break,high,short_line+column,0.7,20,28,unterthäniger diener,v Triebenfeld
237,17207,break,high,short_line+column,0.05,3,63,237,Durchlauchtigſter Fürſt
237,17208,break,high,short_line+column,0.37,23,63,Durchlauchtigſter Fürſt,Gnädigster Fürst und Herr!
237,17209,break,high,short_line,0.41,26,63,Gnädigster Fürst und Herr!,"Ewr Hochfürstliche Durchlaucht, schrieb ich lezthin durch einen Bothen"
237,17234,break,high,rubric+short_line,0.2,6,30,Kalisz,d. 29ten April
237,17236,run,review,short_line,0.13,4,30,1813,unterthänigster Diener
238,17241,break,high,short_line+column,0.04,3,68,238,Hochwohlgl Herr
238,17242,break,high,short_line+column,0.22,15,68,Hochwohlgl Herr,Hochzuehrender Herr Krieges und Forst Rath!
238,17243,break,high,short_line,0.64,43,68,Hochzuehrender Herr Krieges und Forst Rath!,"Dero Bothe kam heute Vormittag erſt an, er entschuldigt ſich damit"
238,17311,run,review,short_line,0.67,40,60,Dresden ankomt. Wie ich heute höre waren,Die beiden Monarchen bereits nach Altenburg abgegangen
238,17331,break,high,short_line+column,0.44,23,52,züglicher Hochschätzung,Euer Hochwohlgebl.
238,17332,break,high,short_line,0.34,18,52,Euer Hochwohlgebl.,Schlawenschitz
238,17333,break,high,short_line+column,0.27,14,52,Schlawenschitz,7ten May 1813
238,17334,break,high,short_line+column,0.25,13,52,7ten May 1813,treu ergebenster Freund und Diener
238,17335,run,review,short_line,0.65,34,52,treu ergebenster Freund und Diener,F[riedrich]. L[udwig]. F[ürst]. zu Hohenlohe
239,17339,break,high,short_line+column,0.05,3,60,239,Durchlauchtigster Fürst
239,17340,break,high,short_line+column,0.38,23,60,Durchlauchtigster Fürst,Gnädigster Fürst und Herr
239,17341,run,review,short_line,0.42,25,60,Gnädigster Fürst und Herr,Mein Podagra behinderte mich vorgestern bis nach Neisse zu kommen
239,17364,break,high,short_line,0.1,6,62,Gutes.,Von hier unß alles fort und auf seinen Posten morgen geht auch
239,17377,break,high,short_line+column,0.24,15,62,Ewr Durchlaucht,Neisse
239,17378,break,high,short_line+column,0.1,6,62,Neisse,19 Juny 1813
239,17379,break,high,short_line+column,0.19,12,62,19 Juny 1813,unterthäniger Diener
239,17380,break,high,short_line+column,0.32,20,62,unterthäniger Diener,v Triebenfeld
240,17384,break,high,short_line+column,0.04,3,71,240,Durchlauchtigſter Fürſt
240,17385,break,high,short_line+column,0.32,23,71,Durchlauchtigſter Fürſt,Gnädigſter Fürſt und Herr!
240,17386,break,high,short_line,0.37,26,71,Gnädigſter Fürſt und Herr!,"Ganz gewiß ist es und bis zur höchsten evidenz erwieſen, daß Österreic"
240,17396,break,high,short_line,0.25,18,71,alles so gut geht?,K[öckritz]: Worüber?
240,17397,break,high,short_line,0.28,20,71,K[öckritz]: Worüber?,"Mitt nun es steht alles sehr gut, der stolze Nap[oleon]: hatt den Waff"
240,17399,run,review,short_line,0.1,7,71,müßen —,"K[öckritz]: Herr! ich müste aus den Tollhause entlaufen ſind, wenn ich"
240,17408,run,review,short_line,0.55,39,71,H[ardenberg]: Nun machen Sie es beßer —,K[öckritz]: ich kan die klugen Herrn nicht überſchreien.
240,17414,run,review,short_line,0.65,44,68,an der Spitze da würde es doch beßer gehen —,"Wie es mit der Verpflegung ferner hin werden wird, ist ein problem — d"
240,17419,run,review,short_line,0.4,27,68,allein wie das enden soll —,"General Zastrow ist wieder sehr wohl gelitten, Er wird die Landwehr Co"
240,17427,break,high,short_line+column,0.46,31,68,Ehrfurchtsvoll verharre ich als,Euer Hochfürstliche Durchlaucht
240,17428,break,high,short_line+column,0.46,31,68,Euer Hochfürstliche Durchlaucht,Neustadt
240,17429,break,high,short_line+column,0.12,8,68,Neustadt,den 20ten Juny
240,17430,break,high,short_line+column,0.21,14,68,den 20ten Juny,1813.
240,17431,break,high,short_line,0.07,5,68,1813.,unterthänigſter Diener
240,17432,break,high,short_line+column,0.33,22,68,unterthänigſter Diener,v Triebenfeld
241,17436,run,review,short_line,0.05,3,57,241,Dem Herrn General Gneisenau fande ich bey meiner geſtergnen
241,17442,break,high,short_line,0.6,34,57,als Ewr Durchlaucht jezt glaubten.,Übrigens haben sich die Sachen hier wieder geändert — General
241,17447,break,high,short_line,0.49,28,57,und Sch Militair Gouverneur.,Gen[eral] L[ieutenant] v Köck[ritz] hat d. v. Z[astrow]. auf einmahl s
241,17450,run,review,short_line,0.54,31,57,und es läst sich alles hoffen —,M Hard[enberg]: ist mit dem R[ussischen]. Kayser in Böhmen von wie der
241,17462,break,high,short_line+column,0.38,20,53,in Fall und Schwartz,meine Gicht martirt mich
241,17463,break,high,short_line+column,0.45,24,53,meine Gicht martirt mich,Neisse den 22ten Juny
241,17464,break,high,short_line+column,0.4,21,53,Neisse den 22ten Juny,1813
241,17465,break,high,short_line+column,0.08,4,53,1813,v Triebenfeld
242,17469,break,high,short_line+column,0.04,3,73,242,Durchlauchtigster Fürst
242,17470,break,high,short_line+column,0.32,23,73,Durchlauchtigster Fürst,Gnädigster Fürst und Herr!
242,17471,break,high,short_line,0.36,26,73,Gnädigster Fürst und Herr!,"Nach einer mühseeligen Reise, worauf ich 3 Tage und 2 Nächte zugebrach"
242,17477,run,review,short_line,0.6,44,73,ehrliche Mann darf nicht ohne Calcul leben —,Mein Text mit dem ich hierher ging war würken und schaffen.
242,17489,run,review,short_line,0.52,38,73,Jezt über die verschiedene Geschäfte —,Die Würtembergsche Angelegenheiten gehen gut — der König von W[ürtembe
242,17504,run,review,short_line,0.57,43,76,mit erster Post übermache ich deren mehrere,Mit B[arbe]: und A: habe ich über die Schlaw[enschitz]: Angelegenheite
242,17508,run,review,short_line,0.4,30,76,will deßen Gelingen Garantiren,wegen Koschentin kan ich noch nichts anbringen — die erforderlichen Ge
242,17518,break,high,short_line+column,0.68,51,76,zusenden können — doch werde ich nichts versäumen —,Ehrfurchtsvoll ersterbe
242,17519,break,high,short_line+column,0.3,23,76,Ehrfurchtsvoll ersterbe,Ewr Durchlaucht
242,17520,break,high,short_line+column,0.2,15,76,Ewr Durchlaucht,"N.S. den Augenblick erfahre ich, daß alle¬"
242,17522,run,review,short_line,0.54,41,76,r fürsten welche nicht 12000 Mann stellen,"können für immer mediatisirt werden sollen, da werde mann auch [...] o"
242,17524,break,high,short_line+column,0.3,23,76,Wien den 12ten 8br 1814,treu unterthänigsten Diener
242,17525,break,high,short_line+column,0.36,27,76,treu unterthänigsten Diener,v Triebenfeld
243,17529,break,high,short_line+column,0.05,3,60,243,P[ro]. M[emoria].
243,17530,break,high,salutation+short_line,0.28,17,60,P[ro]. M[emoria].,Gnädigster Fürst und Herr!
243,17531,break,high,short_line,0.43,26,60,Gnädigster Fürst und Herr!,"Die Theuerung ist hier so schrecklich, daß ich, wenn Ewr Durchlaucht m"
243,17536,run,review,short_line,0.32,19,60,800 fl. Papier Geld,Täglich brauche ich für eine elende Stube 24 fl.
243,17538,break,high,short_line+column,0.43,26,60,Früh für Caffe: 1 fl. 30 x,für Mittags Eßen: 6 fl.
243,17539,break,high,short_line,0.38,23,60,für Mittags Eßen: 6 fl.,für 1 Tase Caffe: 1 fl.
243,17540,break,high,short_line,0.38,23,60,für 1 Tase Caffe: 1 fl.,für 1 Seydel wein was man Ehren halber nehmen muß: 1 fl.
243,17542,break,high,short_line,0.43,26,60,für dem Lohn Laquai: 5 fl.,für meinen Kerl: 1 fl.
243,17543,break,high,short_line,0.37,22,60,für meinen Kerl: 1 fl.,für den Vieh Acker noch nicht zu Erste gehen kan im Durchschnittstag 3
243,17545,break,high,short_line,0.43,26,60,theil täglich 45 fl. 30 x.,Ich kan also füglich mit extra Ausgaben täglich 50 fl. W. W rechnen. o
243,17546,break,high,rubric,1.33,80,60,Ich kan also füglich mit extra Ausgaben täglich 50 fl. W. W ,"260. fl. muß ich auf den Rückweg rechnen da bleiben nur 540 fl., der W"
243,17556,break,high,short_line,0.4,24,60,[Wien] d 13ten 8br 1814.,v Triebenfeld
244,17560,break,high,short_line+column,0.04,3,73,244,Durchlauchtigster Fürst
244,17561,break,high,short_line+column,0.32,23,73,Durchlauchtigster Fürst,Gnädigster Fürst und Herr!
244,17562,break,high,short_line,0.36,26,73,Gnädigster Fürst und Herr!,Die Monarchen sind hier geblieben und das große Maneuvre hat hier in W
244,17565,run,review,short_line,0.6,44,73,soll es an Eleganz alles übertroffen haben —,der Kayser als unser König. G[roß]. F[ürst]. Constantin pp. haben Regi
244,17586,run,review,short_line,0.68,52,76,"den Anschein, als würde er die Überfahrt versäumen —","Mehrere Reichs Fürsten und alle 4 Stände haben sich dahin geeiniget, d"
244,17594,break,high,short_line,0.29,22,76,sey damit vorzutreten.,Wegen Sachsen wird viel gesprochen — Es wird aber wohl bey dem längst 
244,17596,break,high,short_line,0.36,27,76,gefaßte Beschlüßen bleiben.,"Wegen Pohlen ist noch nichts bestimmt, indes versichert der Binderste "
244,17604,run,review,short_line,0.58,44,76,ist — der schönste Morgen aber dämmert schon,Der gute Geh[eime]. Rath v Gärtner der sich Ewer Durchlaucht ehr erbie
244,17607,run,review,short_line,0.36,27,76,sentliche Nachrichten mit —,"Fägelnitzet ist alles, ich muß wegen den vielen Geschäften sehr wachsa"
244,17619,break,high,short_line+column,0.55,31,56,"In tiefster Verehrung ersterbe,",Ewr Hochfürstliche Durchlaucht
244,17620,run,review,short_line,0.54,30,56,Ewr Hochfürstliche Durchlaucht,Der Souveraine Prinz von Holland nimt der Königs Titell an —
244,17622,break,high,short_line+column,0.38,21,56,Wien den 18ten Octobr,1814.
244,17623,break,high,short_line,0.09,5,56,1814.,treu unterthänigster Diener
244,17624,break,high,short_line+column,0.48,27,56,treu unterthänigster Diener,v Triebenfeld
245,17628,break,high,short_line+column,0.03,3,114,245,(des Fürsten Staats Kanzler v. Hardenberg)
245,17629,break,high,short_line+column,0.37,42,114,(des Fürsten Staats Kanzler v. Hardenberg),Durchlauchtigster Fürst
245,17630,break,high,short_line+column,0.2,23,114,Durchlauchtigster Fürst,Gnädigster Fürst und Herr
245,17631,run,review,short_line,0.22,25,114,Gnädigster Fürst und Herr,Ewr Hochfürstliche Durchlaucht soll ich beigelegenes Schreiben des Her
245,17635,break,high,short_line,0.57,65,114,und zur Abhülfe seiner Leiden Ewer Durchlaucht zu Füßen zu l,Von jeher war der Fürst von Ingelfingen Ewr Hochfürstliche Durchlaucht
245,17640,break,high,short_line,0.32,36,114,hungern und im Elende umkommen soll.,Ein Vermögen von mehr als zwey Millionen Rttlr an Werth betragen die S
245,17693,run,review,short_line,0.6,80,133,"Cosmars Plan völlig gelungen, und sein Lohn würde gewiß Fürs","Ewr Hochfürstl. durch nur kaum, densen entragen[?] bald abhälfen und d"
245,17698,break,high,short_line,0.53,71,133,Brieger O[ber]. L[andes]. G[ericht]. nicht zahlen will begnü,"Es kommt mir darauf an, daß Euer Hochfürstl Durchlaucht einen Vorschuß"
245,17703,break,high,short_line,0.68,90,133,"Cosmar aber von allem aus scheiden, und ihm zur strengsten R","Der Vorschuß von 112000 rt kan, wofür auch ich, wann es verstattet wir"
245,17705,break,high,short_line,0.25,33,133,Ja in mancherlei Art getilgt sey.,"würde nicht eine Abschlagliche Zahlung, wie solche sub B aufgeführt mi"
245,17714,run,review,short_line,0.67,89,133,"seines Plans behält, und inzwischen dem guten Fürsten mit se",Anführen muß ich hier noch daß ick die ehemals dem Fürsten vorgeschoße
245,17720,break,high,short_line,0.39,52,133,die drückende Noth des Fürsten bewiesen werden wird.,In tiefster Ehrfurcht ersterbe
245,17721,break,high,short_line+column,0.23,30,133,In tiefster Ehrfurcht ersterbe,E[wr]. H[ochfürstliche]. Durchl.
245,17722,break,high,short_line,0.24,32,133,E[wr]. H[ochfürstliche]. Durchl.,Wien den 20ten Octobr.
245,17723,break,high,short_line,0.17,22,133,Wien den 20ten Octobr.,1814
245,17724,break,high,short_line+column,0.03,4,133,1814,treu unterthänigster Knecht
245,17725,break,high,short_line+column,0.2,27,133,treu unterthänigster Knecht,v Triebenfeld
246,17729,break,high,short_line+column,0.03,3,89,246,Durchlauchtigster Fürst
246,17730,break,high,short_line+column,0.26,23,89,Durchlauchtigster Fürst,Gnädigster Fürst und Herr!
246,17731,break,high,short_line,0.29,26,89,Gnädigster Fürst und Herr!,Ewr Durchlaucht Höchst verehrtes Schreiben vom 9 ten dieses Monats hab
246,17747,break,high,short_line,0.49,44,89,gen oder Flüße von Bedeutung vorhanden sind.,"Über die Reichs Angelegenheiten kan ich heute wenig sagen, den Herrn v"
246,17755,break,high,short_line,0.67,56,83,doch eigentlich als eine Vollmacht angesehen werden muß.,"zu der Koschentiner Sache ist noch nichts wesentliches geschehen, weil"
246,17757,break,high,short_line,0.39,32,83,auf einmahl so viel vorzutragen.,In der Pohl[nischen] Güter Geschichte soll ich so lange ruhig sein bis
246,17761,break,high,short_line,0.3,25,83,Ewr Durchlaucht bewürken.,"Zerboni hat den Rothen Adler Orden 3ter Classe heute erhalten, und geh"
246,17769,run,review,short_line,0.49,41,83,Ende dürfte der Berg eine Maus gebühren —,Übrigens Bombardindt H. Gl Rath v Gärtner / würklich einer der ersten 
246,17775,break,high,rubric,1.02,85,83,"kann, schon gesagt worden, um die Sache im alten Geleis zu b","H. W. Befehl, was in Ewr Durchlaucht Nahmen noch gesagt werden soll — "
246,17778,break,high,short_line+column,0.63,52,83,Die unbegränzte Verehrung ist es in der ich ersterbe,Ewr Hochfürstliche Durchlaucht
246,17779,break,high,short_line+column,0.36,30,83,Ewr Hochfürstliche Durchlaucht,Wien den 25ten Octobr
246,17780,break,high,short_line+column,0.25,21,83,Wien den 25ten Octobr,1814
246,17781,break,high,short_line+column,0.05,4,83,1814,treu gehorſamſter Diener
246,17782,break,high,short_line+column,0.29,24,83,treu gehorſamſter Diener,v Triebenfeld
247,17786,break,high,short_line+column,0.04,3,82,247,Durchlauchtigster Fürst
247,17787,break,high,short_line+column,0.28,23,82,Durchlauchtigster Fürst,Gnädigster Fürst und Herr!
247,17788,break,high,short_line,0.32,26,82,Gnädigster Fürst und Herr!,Auch Polens Schicksal ist entschieden und für uns ist ein günstiges Lo
247,17796,run,review,short_line,0.44,36,82,dem Worten gnädigst zu äußern geruht,"""Das Geld ist eine Kleinigkeit das soll gegeben werden, da ſo viel dad"
247,17802,run,review,short_line,0.22,18,82,"ihr ja nie gehört""","Ich habe alles nochmals gehörig auseinander gesezt, besonders daß Cosm"
247,17808,break,high,short_line,0.17,14,82,werden solten.,Ich behaupte daß die alte Fürstin nach ihren Tode nicht dem mindeste A
247,17829,run,review,short_line,0.66,48,73,und von den zu zahlenden Summe zu Füßen gelegt —,"Na! mein Freund, es geht denn um ihre 60/m rt. Caution —"
247,17834,break,high,short_line+column,0.49,36,73,Orter besehen — Respectvoll ersterbe,Ewr Durchlaucht
247,17835,break,high,short_line+column,0.21,15,73,Ewr Durchlaucht,Wien den 28ten Octob.
247,17836,break,high,short_line,0.29,21,73,Wien den 28ten Octob.,1814.
247,17837,break,high,short_line,0.07,5,73,1814.,unterthäniger Diener
247,17838,break,high,short_line+column,0.27,20,73,unterthäniger Diener,v Triebenfeld
247,17842,break,high,short_line,0.58,19,33,[...] jahr 7000 rt.,[...]oschg[e?]t Economie 6500 rt.
247,17844,break,high,short_line,0.48,16,33,[...]er 6000 rt.,[...]hamer 2000 rt.
247,17845,break,high,short_line,0.58,19,33,[...]hamer 2000 rt.,[...]Lasso uren 6500 rt.
247,17851,break,high,short_line,0.33,11,33,= 79500 rt.,[...]davon
247,17852,run,review,short_line,0.3,10,33,[...]davon,[...]an Sr. Majestät für die 112000 pfl.
247,17855,break,high,short_line,0.39,13,33,= 147000 pfl.,= 25000 rt.
247,17856,break,high,rubric+short_line,0.33,11,33,= 25000 rt.,2. daran die Zutreche in durchschnit 3572 rt.
247,17857,break,high,rubric,1.36,45,33,2. daran die Zutreche in durchschnit 3572 rt.,3. zum nötige Unterhalt des Alte Hern Forste 12000 rt.
247,17858,break,high,rubric,1.64,54,33,3. zum nötige Unterhalt des Alte Hern Forste 12000 rt.,4. Auß Abzahlung der andern Cred. laut Vergleich 12000 rt.
247,17859,break,high,rubric,1.76,58,33,4. Auß Abzahlung der andern Cred. laut Vergleich 12000 rt.,5. dem F. Aug[ust]. laut Urkunde und Verg. von 1799 — 18000 rt.
247,17860,break,high,rubric,1.91,63,33,5. dem F. Aug[ust]. laut Urkunde und Verg. von 1799 — 18000 ,6. die Interesse den 3 Töchtern. 3750 rt.
247,17861,break,high,rubric,1.24,41,33,6. die Interesse den 3 Töchtern. 3750 rt.,7. der jezigen Gr Sacken laut derselben Urkund 4000 rt.
247,17862,break,high,rubric,1.67,55,33,7. der jezigen Gr Sacken laut derselben Urkund 4000 rt.,8. dem jüngsten Prinzen Allexander 1200 rt.
247,17864,break,high,short_line,0.33,11,33,= 79462 rt.,bleibe übrig 38 rt.
247,17865,break,high,short_line,0.58,19,33,bleibe übrig 38 rt.,NB die 180000 rt können sehr ausholfen.
248,17869,break,high,short_line+column,0.04,3,76,248,Durchlauchtigster Fürst
248,17870,break,high,short_line+column,0.3,23,76,Durchlauchtigster Fürst,Gnädigster Fürst und Herr!
248,17871,break,high,short_line,0.34,26,76,Gnädigster Fürst und Herr!,"Wann Ewr Hochfürstliche Durchlaucht Wünsche jezt nicht gelingen, so dü"
248,17874,run,review,short_line,0.54,41,76,v Humboldt Exellenz sind äußerst thätig —,Ehegestern erzählte mir der Leztere daß die Curischen Erben dem König 
248,17876,break,high,short_line,0.58,44,76,sind und um ihre Befriedigung gebeten haben.,"Sr Exellenz haben mir Abschriften von allem, was ich bey Sr Durchlauch"
248,17879,run,review,short_line,0.42,32,76,Ewr Durchlaucht angemeßen wäre —,"Der König hat nun antworten laßen, daß er die Sache nach seiner retour"
248,17901,break,high,short_line,0.09,7,75,sollen.,"Wegen der P. Warschau ist noch nichts zur Publizitaet gekommen, obglei"
248,17915,break,high,short_line+column,0.32,24,75,Ehrfurchts voll verharre,Ewr Hochfürstliche Durchlaucht
248,17916,break,high,short_line+column,0.4,30,75,Ewr Hochfürstliche Durchlaucht,Wien
248,17917,break,high,short_line+column,0.05,4,75,Wien,den 5ten Novbr.
248,17918,break,high,short_line,0.2,15,75,den 5ten Novbr.,1814.
248,17919,break,high,short_line,0.07,5,75,1814.,treu gehorsamster Diener
248,17920,break,high,short_line+column,0.32,24,75,treu gehorsamster Diener,v Triebenfeld
249,17930,break,high,short_line+column,0.04,3,67,249,"Durchlauchtigster Fürst,"
249,17931,break,high,short_line+column,0.36,24,67,"Durchlauchtigster Fürst,",Gnädigster Fürst und Herr!
249,17932,break,high,short_line,0.39,26,67,Gnädigster Fürst und Herr!,Ewr Hochfürstliche Durchlaucht beide Schreiben vom 30ten R. M. und
249,17958,run,review,short_line,0.53,38,72,die Scheelsucht gänzlich behoben ist —,den 20ten Gehen die 3 Monarchen wieder auf Reisen — Sie machen eine To
249,17961,break,high,short_line,0.62,45,72,dann baldigst seine Endschaft erreichen wird.,In diesen Augenblick heiß es daß aus der Reise nichts werden wird und 
249,17969,break,high,short_line+column,0.32,23,72,Ehrfurchtsvoll verharre,Ewr Durchlaucht
249,17970,break,high,short_line+column,0.21,15,72,Ewr Durchlaucht,Wien den 17ten Novbr
249,17971,break,high,short_line+column,0.28,20,72,Wien den 17ten Novbr,1814.
249,17972,break,high,short_line,0.07,5,72,1814.,treu gehorsamster Diener
249,17973,break,high,short_line+column,0.33,24,72,treu gehorsamster Diener,v Triebenfeld
250,17977,run,review,short_line,0.07,3,42,250,(Beylage zu der Brief von 17ten 9br.)
250,17989,break,high,short_line+column,0.16,7,42,achtung,Wien d. 5ten November 1814.
250,17990,break,high,short_line,0.64,27,42,Wien d. 5ten November 1814.,Humbo[ldt].
250,17991,break,high,short_line,0.26,11,42,Humbo[ldt].,An den herrn
250,17992,break,high,short_line+column,0.28,12,42,An den herrn,Herrn v. Triebenfeld
251,17996,break,high,short_line+column,0.03,3,86,251,Abschrift
251,17997,break,high,short_line+column,0.1,9,86,Abschrift,Durchlauchtigſter Fürſt pp.
251,17998,break,high,short_line,0.31,27,86,Durchlauchtigſter Fürſt pp.,Der H[err]. F[ürst]. zu Hohenlohe hat in seiner E[wr]. H[ochfürstliche
251,18014,break,high,short_line,0.64,55,86,auch noch die dem Fürsten 1790 vorgeschoßenen 35000 rt.,"Allersebnißest aber wage ich zu bemerken, daß jede Zögerung Gefahr dro"
251,18023,break,high,short_line,0.64,55,86,"Monarch, inclusive der 35000 rt. 461000 rt. verliehren.",In tiefster Ehrfurcht ersterbe
251,18024,break,high,short_line+column,0.35,30,86,In tiefster Ehrfurcht ersterbe,E[wr] H[ochfürstliche] D[urchlaucht]
251,18025,break,high,short_line+column,0.42,36,86,E[wr] H[ochfürstliche] D[urchlaucht],Wien d 19tn Novbr
251,18026,break,high,short_line+column,0.2,17,86,Wien d 19tn Novbr,1814
251,18027,break,high,short_line+column,0.05,4,86,1814,unterthänigst tr[eu]. k[necht].
251,18028,break,high,short_line,0.36,31,86,unterthänigst tr[eu]. k[necht].,v Triebenfeld
252,18032,run,review,short_line,0.08,3,39,252,Ewr Hochwohlgeboren benachrichtige ich auf Ihr Gesuch vom 25ten v. M. 
252,18038,break,high,short_line,0.72,28,39,Wien den 25ten Novembr 1814.,C f v Hardenberg
252,18039,break,high,short_line+column,0.41,16,39,C f v Hardenberg,An
252,18040,run,review,short_line,0.05,2,39,An,des Herrn Krieges Raths von Triebenfeld
252,18042,break,high,short_line+column,0.41,16,39,Hochwohlgebornen,herr
253,18046,break,high,short_line+column,0.04,3,74,253,"Durchlauchtigster Fürst,"
253,18047,break,high,short_line+column,0.32,24,74,"Durchlauchtigster Fürst,",Gnädigster Fürst und Herr
253,18048,run,review,short_line,0.34,25,74,Gnädigster Fürst und Herr,Auch das leztere Gutachten dHl. Hoffr[ath]: Hahn habe ich mit das in A
253,18062,run,review,short_line,0.31,23,74,von weiten beobachten —,"Auf eine mündliche Anfrage wegen Trąbczyn und Kaemen, habe ich beigehe"
253,18068,break,high,short_line,0.64,48,74,werden was im Rath der Götter beschloßen worden.,"Der König von Würtemberg will vor Ärger bersten, daß man ihm die Pläne"
253,18077,break,high,short_line,0.4,28,70,Mann zusammen gezogen haben.,Indes soll es in Würtembergschen Anfangen sehr unruhig zu werden eben 
253,18082,break,high,short_line+column,0.33,23,70,Ehrfurchtsvoll ersterbe,Ewr Hochfürstliche Durchlaucht
253,18083,break,high,short_line+column,0.43,30,70,Ewr Hochfürstliche Durchlaucht,Wien den 26ten November
253,18084,break,high,short_line+column,0.33,23,70,Wien den 26ten November,1814
253,18085,break,high,short_line+column,0.06,4,70,1814,treu gehorſamſter Diener
253,18086,break,high,short_line+column,0.34,24,70,treu gehorſamſter Diener,v Triebenfeld
254,18090,run,review,short_line,0.04,3,68,254,Es ist sehr traurig daß ich stets so lange auf Antwort und Unterstüzzu
254,18116,break,high,rubric+short_line,0.21,15,72,bewürken ſoll —,1. Ihre Pohlnische Güter müßen Sie wieder erhalten
254,18118,break,high,rubric,1.06,76,72,dadurch bekommen Sie Luft und werfen Leixner und den S. Jude,2. Wird die Curische Schuld getilgt
254,18120,break,high,rubric,1.06,76,72,"da werden Sie 461000 rt Schulde, loß und der König sieht Sie",3. werden Sie Cosmarn
254,18122,break,high,rubric,0.99,71,72,und ſtehen wieder als Herr in alle Ihre Güter mit Ruhm und E,"4. Wird Ihnen der Monarch gerecht werden müßen,"
254,18124,break,high,rubric,1.15,83,72,und Sie für alle Leiden entschädigen und selbst von Ihrer Eh,5. dürfen Sie nicht mehr am Gespött der Menschen sein noch weniger ihr
254,18126,break,high,rubric+short_line,0.15,11,72,Gnade leben,6. kommen Sie aus den Koschentiner Banden
254,18139,run,review,short_line,0.24,17,72,Ende haben wird —,Glauben Sie gnädigster Herr daß ich ehender viel lieber ein Vomitiv ne
254,18147,run,review,short_line,0.7,49,70,aber anders als in Ihr Interesse verwandt hätte —,"Übrigens bitte ich Ewr Durchlaucht, sie an mir zu ſendende Briefe ganz"
254,18164,run,review,short_line,0.21,15,70,auf das Beste —,von den Koschentiner Verkauf sagen Ewr Durchlaucht ja zu früh
254,18173,run,review,short_line,0.26,6,23,254 a),Sechzig Stück Fr d'or habe ich von dem Carl erhin
254,18178,run,review,short_line,0.1,6,59,254 b),daß ich von den Herrn Referendarius Bally ein versiegeln
254,18187,run,review,short_line,0.08,6,78,254 c),"An meine Tochter geruhen Euer Durchlaucht zweyhundert rt. zu senden, d"
254,18205,run,review,short_line,0.6,47,78,meine Kinder die nur dancklichste Noth leiden —,Erbarmen Sie sich und ſehnten an meine Kinder 200 rt daß ich nur von d
254,18211,break,high,short_line+column,0.31,24,78,nicht hunger erepirend —,v Triebenfeld
255,18215,break,high,short_line+column,0.04,3,71,255,Durchlauchtigster Fürst
255,18216,break,high,short_line+column,0.32,23,71,Durchlauchtigster Fürst,Gnädigster Fürst und Herr!
255,18217,break,high,short_line,0.37,26,71,Gnädigster Fürst und Herr!,des Fürsten Staats Kanzlers Durchlaucht Hüthen heute schon den 5ten Ta
255,18248,break,high,short_line+column,0.72,43,60,Höchst Ihren Persönlich zu Füßen zu legen —,In tiefster Verehrung verharre
255,18249,break,high,short_line+column,0.5,30,60,In tiefster Verehrung verharre,Euer Durchlaucht
255,18250,break,high,short_line+column,0.27,16,60,Euer Durchlaucht,Wien den 30ten November
255,18251,break,high,short_line+column,0.38,23,60,Wien den 30ten November,1814.
255,18252,break,high,short_line,0.08,5,60,1814.,treu gehorsamster Diener
255,18253,break,high,short_line+column,0.4,24,60,treu gehorsamster Diener,v Triebenfeld
256,18257,break,high,short_line+column,0.04,3,78,256,Durchlauchtigſter Fürſt
256,18258,break,high,short_line+column,0.29,23,78,Durchlauchtigſter Fürſt,Gnädigster Fürst und Herr!
256,18259,break,high,short_line,0.33,26,78,Gnädigster Fürst und Herr!,Die Ansichten im Allgemeinen haben sich seit meinen lezteren Schreiben
256,18267,run,review,short_line,0.55,43,78,besten Ausgang es sich vergewißert halten —,In der Haupt Sache hat der Fürst den Geheimen Staats Rath Stägemann be
256,18276,run,review,short_line,0.31,24,78,auch dies für gelungen —,"Unendlich traurig für mich ist es daß ich hier ohne Geld, ohne gründli"
256,18291,break,high,short_line,0.67,52,78,und das weitere und gröste Güte wird noch geschehen.,"Meine Kinder unterstüzgen Sie gnädigsten Herr in Breslau, damit diese "
256,18293,break,high,short_line,0.58,45,78,Schicksahl mit mir haben und erhungern müßen.,Den ſchlechten Bedienten laßen Ewr Durchlaucht dorten ja aufhalten — d
256,18296,break,high,short_line+column,0.4,31,78,"In Tiefer Hochachtung ersterbe,",Ewr Durchlaucht
256,18297,break,high,short_line+column,0.19,15,78,Ewr Durchlaucht,Wien den 7ten Dezember
256,18298,break,high,short_line+column,0.28,22,78,Wien den 7ten Dezember,1814.
256,18299,break,high,short_line,0.06,5,78,1814.,treu unterthänigen dienen
256,18300,break,high,short_line+column,0.32,25,78,treu unterthänigen dienen,v Triebenfeld
257,18304,run,review,short_line,0.07,3,42,257,Ew. Hochwolgeb. haben u. Ihrer Vorstellung vom 23.
257,18306,break,high,short_line,0.45,19,42,Oct. d. J. bemerkt:,daß der Herr Fürst z[u] Hohenlohe im Trans¬
257,18312,run,review,short_line,0.14,6,42,ste[?],"Ich ersuche Sie daher ergebenst, die Stelle in"
257,18318,break,high,short_line+column,0.71,30,42,Mich ganz ergebenst empfehlung,[?]aumann[??]
257,18319,break,high,short_line+column,0.31,13,42,[?]aumann[??],[...] 7. Oct. 1814
258,18323,run,review,short_line,0.04,3,67,258,Ewr Hochfürstliche Durchlaucht habe ich in Sachen des H. Fürsten von H
258,18331,break,high,short_line,0.18,12,67,gewürkt ist.,"In den oben erwähnten Vorstellungen hatte ich die Ehre vorzutragen,"
258,18338,run,review,short_line,0.7,47,67,"erhobenen 35/m. rt. mit zutilgen gesonnen sey.""",Für das ganze obgedachte erwachst dem Staate ein Vortheil von 461/m rt
258,18343,break,high,short_line,0.15,10,67,haben muß.,Die Kurz Erben / die Herzogin von Sagen pp / bedürfen jezt Geld. Die
258,18351,break,high,short_line,0.18,12,67,sezzen darf.,In tiefster Ehrerbietigkeit ersterbe
258,18352,break,high,short_line+column,0.54,36,67,In tiefster Ehrerbietigkeit ersterbe,Ewr Hochfürstl. Durchlaucht
258,18353,break,high,short_line+column,0.4,27,67,Ewr Hochfürstl. Durchlaucht,dies gleich mit zurück zu senden
258,18354,break,high,short_line+column,0.48,32,67,dies gleich mit zurück zu senden,[...] keine Abschrift und die Post geht eben.
258,18355,break,high,short_line,0.67,45,67,[...] keine Abschrift und die Post geht eben.,Wien den 7ten Decbr. 1814
258,18356,break,high,short_line+column,0.37,25,67,Wien den 7ten Decbr. 1814,unterthänigster Diener
258,18357,break,high,short_line+column,0.33,22,67,unterthänigster Diener,v Triebenfeld
259,18361,break,high,short_line+column,0.04,3,77,259,Durchlauchtigster Fürst
259,18362,break,high,short_line+column,0.3,23,77,Durchlauchtigster Fürst,Gnädigster Fürst und Herr!
259,18363,break,high,short_line,0.34,26,77,Gnädigster Fürst und Herr!,Nun kan ich Ewr Hochfürstliche Durchlaucht mit den höchsten Beweisen d
259,18398,break,high,short_line,0.5,37,74,"Sache werk zur Sprache kömt, pfeifen.","Zeit ist nicht zu verloren, ich nun also Ihnen beßer Fürst dies alles,"
259,18408,break,high,short_line,0.65,48,74,Die gröste Verehrung ist es in der ich ersterbe.,Ewr Hochfürstliche Durchlaucht
259,18409,break,high,short_line+column,0.41,30,74,Ewr Hochfürstliche Durchlaucht,des Kongreßes Ende ist noch
259,18410,break,high,short_line+column,0.37,27,74,des Kongreßes Ende ist noch,nicht abzusehen und vieleicht noch weit entfernte
259,18411,break,high,short_line+column,0.67,49,74,nicht abzusehen und vieleicht noch weit entfernte,Wien d. 8tn. Xbr 1814.
259,18412,break,high,short_line,0.3,22,74,Wien d. 8tn. Xbr 1814.,treu gehorsamer Diener
259,18413,break,high,short_line+column,0.3,22,74,treu gehorsamer Diener,v Triebenfeld
260,18417,break,high,short_line+column,0.04,3,79,260,Ewr Hochfürstliche Durchlaucht
260,18418,run,review,short_line,0.38,30,79,Ewr Hochfürstliche Durchlaucht,hatte ich gestern die Ehren die nur von des Herrn Fürsten Staats Kanzl
260,18432,run,review,short_line,0.51,40,79,zu betrügen — daß eben aus diesem Gründe,"3tens die die sogenannte Curische Summa allein zu bezahlen, übernommen"
260,18434,break,high,rubric+short_line,0.65,51,79,"Gemalie ex nexu, troz ihrer Unterschrift, zu sezzen",4. daß alle diese Sachen nur allein von Cosmar und der Fürsten in Berl
260,18436,break,high,rubric,1.03,81,79,und Ihnen unter gleißenden Promessen oder Drohungen zum Beit,"5. daß Cosmar die Sache so geleitet, daß man Sie gnädiger Herr vom Bes"
260,18439,break,high,rubric+short_line,0.54,43,79,alle Creditoren zurückgesezt werden bäten —,6. daß Cosmar als ihm dies gelungen sich vom Sohne eine Vollmacht zu e
260,18443,break,high,rubric+short_line,0.06,5,79,laßen,"7. daß als Sie Ihren Irrthum eingeſehen, Sie die Sache Adressiren und "
260,18449,run,review,short_line,0.26,21,82,muß dahin dahin gehen,daß die Transacte und Codizill welche gegen der Sanct[?]: Urkunde von 
260,18455,run,review,short_line,0.58,47,82,in der benannten Zeit getilgt werden soll ppp —,"Endlich laßen Sie dem guten Habe dem Cosmar ganz im Grund, wegen seine"
260,18465,run,review,short_line,0.1,8,82,dürfen —,"Übrigens habe ich gestern in der höchsten Wuth, als ich den Brief von "
260,18476,break,high,short_line+column,0.6,49,82,Mit der allervollkommsten Hochachtung beharre ich,Ewr Durchlaucht
260,18477,break,high,short_line+column,0.18,15,82,Ewr Durchlaucht,Wien d 10ten Xbr
260,18478,break,high,short_line+column,0.2,16,82,Wien d 10ten Xbr,1814.
260,18479,break,high,short_line,0.06,5,82,1814.,ganz gehorsamer diener
260,18480,break,high,short_line+column,0.27,22,82,ganz gehorsamer diener,v Triebenfeld
260,18483,run,review,short_line,0.07,5,67,260a),Ein Tausend daß habe ich bereits an den thätigsten Freund cedirt —
260,18486,run,review,short_line,0.69,46,67,Minister Humboldt helft auch im beide Sachen —,Schicken Euer Durchlaucht ja eilig die 300 rt aber in Gold umgesetzt
261,18498,break,high,short_line+column,0.03,3,87,261,Durchlauchtigster Fürst
261,18499,break,high,short_line+column,0.26,23,87,Durchlauchtigster Fürst,Gnädigster Fürst und Herr!
261,18500,break,high,short_line,0.3,26,87,Gnädigster Fürst und Herr!,Die festeste Zusage ist nun nun auch wegen die Wiedererhaltung der poh
261,18512,run,review,short_line,0.44,38,87,erst die Güter wieder übergeben sind —,Die fröhliche und erfreuliche Nachrichten werden nun wohl schon in Ewr
261,18519,run,review,short_line,0.62,54,87,sie mein Fürst sind wieder würklich Regierender Herr —,"Dies mein Fürstlicher Gönner, war von jeher einen Plan und Haupt Wunsc"
261,18539,break,high,short_line+column,0.22,15,68,Ewr Durchlaucht,Wien
261,18540,break,high,short_line+column,0.06,4,68,Wien,d 13tn Decbr. 1814.
261,18541,break,high,short_line,0.28,19,68,d 13tn Decbr. 1814.,treu gehorsamster Diener
261,18542,break,high,short_line+column,0.35,24,68,treu gehorsamster Diener,v Triebenfeld
261,18546,run,review,short_line,0.54,38,70,saufen — Schon bin ich 50 # schuldig —,"Apropos wie ich aus Ewr Durchlaucht schreiben 25 t Novbr entnehme, da "
261,18551,run,review,short_line,0.31,22,70,wohl dargethan haben —,"""Der Fürst Kanzler meint es Seelen gut mir mir so eben Herr von"
262,18560,break,high,short_line+column,0.04,3,84,262,Durchläuchtigſter Fürſt
262,18561,break,high,short_line+column,0.27,23,84,Durchläuchtigſter Fürſt,Gnädigster Fürst und Herr!
262,18562,break,high,short_line,0.31,26,84,Gnädigster Fürst und Herr!,daß des Herrn Fürsten Hardenberg durchlaucht es mit Ewr Durchlaucht je
262,18568,run,review,short_line,0.27,23,84,"allen geholfen wißen —""",Alles kömt jezt auf Ewr Durchlaucht Erklärung und auf die Bestätigung 
262,18579,break,high,short_line,0.56,47,84,eingeht — damit man hier alles praeveniren kan.,"Die Blanquets ſehe ich ſehnſuchtsvoll entgegen, vorzüglich aber das ei"
262,18598,run,review,short_line,0.25,21,83,bey mir gewesen ist —,Eine Quaal volle Zeit verlebe ich hier — ich soll in einer so häßlich 
262,18601,run,review,short_line,0.64,53,83,auf den Leibe. Vor Schaam mögte ich öfters vergehen —,dringend bitte ich schicken Sie gnädiger Herr nur 100 # sonst muß ich 
262,18609,break,high,short_line,0.25,21,83,gehalten werden soll.,zu treuester Anhänglichkeit und höchster Ehrerbietigkeit ersterbe
262,18611,break,high,short_line+column,0.18,15,83,Ewr Durchlaucht,Wien den 20ten Decbr.
262,18612,break,high,short_line,0.25,21,83,Wien den 20ten Decbr.,1814.
262,18613,break,high,short_line,0.06,5,83,1814.,treu gehorſamſter Diener
262,18614,break,high,short_line+column,0.29,24,83,treu gehorſamſter Diener,v Triebenfeld
262,18619,run,review,short_line,0.47,37,79,manchmahl im verklärtem Glanze zeigen,Übrigens steht in der heutigen Wiener Zeitungen daß der König von Baye
262,18624,run,review,short_line,0.62,49,79,die Schulden des Königes zu bezahlen übernommen —,"würde es nicht gerathen sein, daß Meyer, oder Ewr Durchlaucht selbst d"
263,18638,break,high,short_line+column,0.04,3,81,263,Durchlauchtigster Fürst
263,18639,break,high,short_line+column,0.28,23,81,Durchlauchtigster Fürst,Gnädigster Fürst und Herr!
263,18640,break,high,short_line,0.32,26,81,Gnädigster Fürst und Herr!,Österreichs Hauptstadt trauret über die schnelle Abreise des Würtember
263,18648,run,review,short_line,0.59,48,81,trat er die Reise in seinen Staaten gestern an —,"der Kron prinz Winzingerode, und Linden, leztere beide mit Vollmachten"
263,18650,run,review,short_line,0.69,56,81,"sind, und blieben bis am Ende des Congresses noch hier —",der Geheime Raths Göschel giebt heute Nahmens Ewer Durchlaucht noch wi
263,18652,run,review,short_line,0.3,24,81,Note beym Congress ein —,Jezt von der Haupt Sache. — Aus Ewr Durchlaucht Schreiben von 17ten we
263,18669,run,review,short_line,0.34,20,58,würtheste geordnet —,"Wegen Pohlen ruht noch alles, und wird diese Geschichte nur beym Schlu"
263,18678,run,review,short_line,0.67,39,58,der aber aus dem treuste Herzen könte —,Ewr Durchlaucht Wohl wollen empfehle ich mich den im alten wie
263,18681,break,high,short_line+column,0.26,15,58,Ewr Durchlaucht,Wien d. 28ten Decbr
263,18682,break,high,short_line+column,0.32,19,58,Wien d. 28ten Decbr,1814.
263,18683,break,high,short_line,0.09,5,58,1814.,treu unterthäniger Diener
263,18684,break,high,short_line+column,0.43,25,58,treu unterthäniger Diener,v Triebenfeld
264,18688,run,review,short_line,0.04,3,81,264,Jezt Gnädigster Fürst und Herr etwas was ich wie in einen verschloßene
264,18693,break,high,short_line,0.41,33,81,"sein, und alles scheitere machen.","Es betrift hier die Koschentiner Sache, die, wenn ich nach Ihren Wille"
264,18696,break,high,short_line,0.56,45,81,in das gröste Verderben hätte stürzen können.,"Anmer beſorgt und zweifels voll, ob der F. Ha[rdenberg]: für Geld zu e"
264,18702,run,review,short_line,0.58,47,81,Ende nichts als Domainen creirt werden solten —,In der Angst entdekte ich dem H. Hoffrath Barbe meinen Plan wegen Kosc
264,18705,break,high,short_line,0.37,30,81,der König das Geld vorschießt.,Ich verhalte ihm nicht daß man ein preſent von 30000 rt für den Fürſte
264,18709,run,review,short_line,0.28,23,81,10000 rt geben wollen —,"Gelaßen stand ß auf und frug, wer hats den proponirt, und weis auch wü"
264,18711,break,high,short_line,0.58,47,81,"Fürst darum, und will er die 30000 rt annehmen?",Ich konte weiter auf dem allen nichts antworten als daß ich von lezter
264,18714,break,high,short_line,0.44,36,81,tin der vorgesagten Art zu besorgen.,Einer Güter
264,18729,break,high,short_line+column,0.7,54,77,der vertrauliche Umgang wieder unter uns hergestellt —,O wie unglücklich hätte ich dadurch werden können —
264,18730,run,review,short_line,0.66,51,77,O wie unglücklich hätte ich dadurch werden können —,Jezt aber hat mich der Himmel dafür entschädiget und Koschentin wird d
264,18742,run,review,short_line,0.62,48,77,daß man die Sache als geschehen betrachten kan —,"Es ist eine Mitlein Einmahl handlet tausend rt. gefordert worden, da b"
264,18752,run,review,short_line,0.64,43,67,will sich hier im unsern Staaten ankaufen —,Ich habe nun B[arbe] der würklich in Ewr durchlaucht Angelegenheiten s
264,18764,break,high,short_line+column,0.25,17,67,betrachtet werden,Schlawenschitz
264,18765,break,high,short_line+column,0.21,14,67,Schlawenschitz,Januar 1815
264,18766,run,review,short_line,0.16,11,67,Januar 1815,[Locus Sigilli] F[riedrich]. L[udwig]. F[ürst] zu Hohenlohe
265a,18770,break,high,short_line+column,0.04,3,76,265,Hoch Wohlgeborner Herr
265a,18771,break,high,short_line+column,0.29,22,76,Hoch Wohlgeborner Herr,Höchstverehrter Herr Geheimer Staats Rath!
265a,18772,break,high,short_line,0.55,42,76,Höchstverehrter Herr Geheimer Staats Rath!,"Ewr Hochwohlgeboren haben, wie mir der Krieges Rath von Triebenfeld sc"
265a,18780,break,high,short_line,0.59,45,76,welcher er Ewr Hochwohlgeboren vorzeigen kan.,Alles (und daß dagegen die sämtliche Majorats Güte für Rechnung des Kö
265a,18804,break,high,short_line,0.14,11,76,sein würde.,Ew. Hochwohlgeborn
265a,18805,break,high,short_line+column,0.24,18,76,Ew. Hochwohlgeborn,Schlawenschitz
265a,18806,break,high,short_line+column,0.18,14,76,Schlawenschitz,den 8ten Januar 1815.
265b,18810,break,high,short_line+column,0.25,21,84,Hochwohlgeborner Herr,Höchstverehrter Herr General
265b,18811,run,review,short_line,0.33,28,84,Höchstverehrter Herr General,der verstorbenen König verliche mir in Jahr 1796 in der Provinz Südpre
265b,18829,break,high,short_line,0.62,52,84,auf den General Gouverneur Landsko[g/y?] haben soll.,In dieser bedrängten Lage wende ich mich mit der herzigsten Bitte an E
265b,18835,break,high,short_line,0.3,25,84,die nöthigen Belehrungen.,"Mit unbegränzter Dankbarkeit, und der aller vorzüglichsten Hochachtung"
265b,18837,break,high,short_line,0.13,11,84,stets sein.,Ewr Hochwohlgeborn
265b,18838,break,high,short_line+column,0.21,18,84,Ewr Hochwohlgeborn,Schlawenschitz
265b,18839,break,high,short_line+column,0.17,14,84,Schlawenschitz,den 15ten Januar 1815.
266,18843,break,high,short_line+column,0.03,3,86,266,Durchlauchtigster Fürst
266,18844,break,high,short_line+column,0.27,23,86,Durchlauchtigster Fürst,Gnädigster Fürst und Herr!
266,18845,break,high,short_line,0.3,26,86,Gnädigster Fürst und Herr!,"Seit einigen Tagen ſezt es hier große Debatten wegen Pohlen, wann weic"
266,18861,run,review,short_line,0.51,44,86,alles mit dem Kayser allein gemacht werden —,Übrigens sieht hier jeder Freund und Verehrer von Ewr Durchlaucht den 
266,18866,break,high,rubric+short_line,0.66,57,86,Preußl. Post Director Balke nach Dresden gehen zu laßen —,1. An mir weiter nichts als an den p v Triebenfeld und Faßen den mit O
266,18868,break,high,rubric,1.43,123,86,"2 darüber ein Courirt[?] an Barbe machen, die Adresse ist — ",3. Über diesen wird ein Couvert an den König Pr Post Director H. Balke
266,18888,run,review,short_line,0.54,43,80,Leuten für ihre treue Hülfe wohl thun kan —,Wegen Ihre an mir gesandte Briefen laßen Sie gnädigster Herr Laufzedde
266,18890,break,high,short_line+column,0.62,50,80,"gehen, damit ich die Briefe und das Geld erhalte —",Hochachtungsvoll ersterbe
266,18891,break,high,short_line+column,0.31,25,80,Hochachtungsvoll ersterbe,Ewr Durchlaucht
266,18892,break,high,short_line+column,0.19,15,80,Ewr Durchlaucht,Meine Arme Kinder vergeßen
266,18893,break,high,short_line+column,0.33,26,80,Meine Arme Kinder vergeßen,Sie auch ja nicht —
266,18894,break,high,short_line+column,0.24,19,80,Sie auch ja nicht —,J. Mutter: heißt es wird abgesetzt.
266,18895,break,high,short_line,0.44,35,80,J. Mutter: heißt es wird abgesetzt.,Wien d 10ten Januar
266,18896,break,high,short_line+column,0.24,19,80,Wien d 10ten Januar,1815.
266,18897,break,high,short_line,0.06,5,80,1815.,treu unterthänigster Diener
266,18898,break,high,short_line+column,0.34,27,80,treu unterthänigster Diener,v Triebenfeld
267,18902,break,high,short_line+column,0.03,3,95,267,Durchlauchtigſter Fürſt
267,18903,break,high,short_line+column,0.24,23,95,Durchlauchtigſter Fürſt,Gnädigſter Fürſt und Herr!
267,18904,break,high,short_line,0.27,26,95,Gnädigſter Fürſt und Herr!,"Heute ist es der 27 ste Tag, als Ewr Durchlaucht das lezterere Schreib"
267,18917,break,high,short_line,0.57,54,95,weiß der immer nicht wie ich das Dings bemänteln soll.,Haben indes Ewr Durchlaucht würlich den 18 ten Decbr. obiges Schreiben
267,18926,run,review,short_line,0.38,36,95,Gott weiß wie dies noch enden wird —,Fürst Bartenstein Stetten ist von Paris retournirt — Er hatte eine bed
267,18937,break,high,short_line+column,0.46,15,32,Ewr Durchlaucht,Wien d. 13tn Januar
267,18938,break,high,short_line+column,0.58,19,32,Wien d. 13tn Januar,1815.
267,18939,break,high,short_line,0.15,5,32,1815.,treu gehorsamer Diener
267,18940,break,high,short_line+column,0.68,22,32,treu gehorsamer Diener,v Triebenfeld
268,18944,break,high,short_line+column,0.04,3,78,268,Durchlauchtigster Fürst
268,18945,break,high,short_line+column,0.3,23,78,Durchlauchtigster Fürst,Gnädigster Fürst und Herr!
268,18946,break,high,short_line,0.34,26,78,Gnädigster Fürst und Herr!,Ewr Durchlaucht höchſtenrehrtes Schreiben habe ich nebst dem Beilagen
268,18978,run,review,short_line,0.38,26,68,ar Cheff des Jäger Corps —,In diesen Augenblick erhalte ich ein Schreiben von Ihren Hoffrath Hahn
268,18980,break,high,rubric,0.82,56,68,mich wahrlich in die tiefsten Traurigkeit versetzt hat —,"H. Hoffrath sagt, daß die Beamten einen Ausweis über die Einkünften de"
268,18991,run,review,short_line,0.66,45,68,was der für einen Eindruck hier machen wird —,"sind nur Cosmars die Gift zähen ausgebrochen, verliehrt der die Execut"
268,18996,run,review,short_line,0.63,43,68,wird man hernach die Künste wohl abfragen —,Die tiefſte Verehrung iſt es an der ich erſterbe als
268,18998,break,high,short_line+column,0.22,15,68,Ewr Durchlaucht,Wien den 20ten Januar
268,18999,break,high,short_line+column,0.31,21,68,Wien den 20ten Januar,1815
268,19000,break,high,short_line+column,0.06,4,68,1815,treu unterthäniger diener
268,19001,break,high,short_line+column,0.36,25,68,treu unterthäniger diener,v Triebenfeld
268,19004,run,review,short_line,0.08,6,71,268 a),"Metamorphosirt werde ich morgen sein — Eine Frade ein Überrock, Stiefe"
269,19026,break,high,short_line+column,0.04,3,74,269,Durchlauchtigſter Fürſt
269,19027,break,high,short_line+column,0.31,23,74,Durchlauchtigſter Fürſt,Gnädigster Fürst und Herr!
269,19028,break,high,short_line,0.35,26,74,Gnädigster Fürst und Herr!,"Aus der beilage wollen Ewr Durchlaucht zu entnehmen geruhen, was ich a"
269,19031,run,review,short_line,0.61,45,74,geschrieben und in Erinnerung gebracht habe —,Der Hoffrath B[arbe] hat es den Fürsten (weil ich aus traurigen Gründe
269,19046,run,review,short_line,0.41,30,74,als wahrhaft redliche Männer —,"Übrigens wüthet Constantin in Pohlen fürchterlich, das Land wird reine"
269,19067,break,high,short_line+column,0.18,13,73,ruhig endet —,Mitt unbegränzster Verehrung bin ich
269,19068,break,high,short_line+column,0.49,36,73,Mitt unbegränzster Verehrung bin ich,Ewr Hochfürstliche Durchlaucht
269,19069,break,high,short_line+column,0.41,30,73,Ewr Hochfürstliche Durchlaucht,Wien d. 30ten Januar
269,19070,break,high,short_line+column,0.27,20,73,Wien d. 30ten Januar,1815.
269,19071,break,high,short_line,0.07,5,73,1815.,treu gehorsamster Diener
269,19072,break,high,short_line+column,0.33,24,73,treu gehorsamster Diener,v Triebenfeld
269a,19076,break,high,short_line+column,0.06,6,98,269 a),Abschrift
269a,19077,break,high,short_line+column,0.09,9,98,Abschrift,Durchlauchtigster Fürst pp
269a,19078,run,review,short_line,0.27,26,98,Durchlauchtigster Fürst pp,Ewr Hochfürstl Durchlaucht soll ich gemäß Auftrags des Hlrn Fürsten vo
269a,19085,break,high,short_line,0.61,60,98,Durchlaucht die Acten Stück unterthänigst zu Füßen zu legen.,Wie höchst nöthig es nur wischen ist die Curischen Erbe zu befriedigen
269a,19096,run,review,short_line,0.56,55,98,"alles erricht wird, und des Königs Wort heilig bleibt —","der Cosmar liegt, wann er besonders zur allerſchleunigſten Rechnungsle"
269a,19099,break,high,short_line,0.15,15,98,zurück fordert.,Fonds zur Tilgung der 112000 rt. so wie auch der 35000 iſt[?] überflüß
269a,19106,break,high,rubric+short_line,0.34,33,98,In unbegragter Verehrung ersterbe,E. L[?]. D.
269a,19108,break,high,short_line+column,0.2,20,98,Wien d. 24ten Januar,1815
269a,19109,break,high,short_line+column,0.04,4,98,1815,p p p
269a,19110,break,high,short_line+column,0.05,5,98,p p p,v Triebenfeld
270,19114,break,high,short_line+column,0.04,3,79,270,Durchlauchtigster Fürst
270,19115,break,high,short_line+column,0.29,23,79,Durchlauchtigster Fürst,Gnädigster Fürst und Herr!
270,19116,break,high,short_line,0.33,26,79,Gnädigster Fürst und Herr!,"Wann nicht ganz besondere Ereigniße eintreten, so ist es entschieden d"
270,19131,run,review,short_line,0.7,55,79,raisonnirt man hier viel von einen und großen Kriegen —,Heut heißt es daß man uns Dresden und Leipzig nebst den ganzen Strich 
270,19161,run,review,short_line,0.47,32,68,auf der Lottaringenſchen Seite —,Die würksamste Person ist jezt hier die Dame welche Ewr
270,19167,run,review,short_line,0.62,33,53,beide und macht große Geschäfte —,Schlüßlich und zu meiner Schrecken führe ich daß den Kayser Frantz so 
270,19173,break,high,short_line,0.32,17,53,Wichtiges melden.,In tiefsten Respect ersterbe.
270,19174,break,high,short_line,0.55,29,53,In tiefsten Respect ersterbe.,Ewr Hochfürstliche Durchlaucht
270,19175,break,high,short_line+column,0.57,30,53,Ewr Hochfürstliche Durchlaucht,Wien den 2ten Febr.
270,19176,break,high,short_line,0.36,19,53,Wien den 2ten Febr.,1815.
270,19177,break,high,short_line,0.09,5,53,1815.,treuester unterthänigen Diener
270,19178,break,high,short_line+column,0.57,30,53,treuester unterthänigen Diener,v Triebenfeld
271,19182,break,high,short_line+column,0.04,3,80,271,Durchlauchtigster Fürst
271,19183,break,high,short_line+column,0.29,23,80,Durchlauchtigster Fürst,Gnädigster Fürst und Herr!
271,19184,break,high,short_line,0.33,26,80,Gnädigster Fürst und Herr!,"Wegen Pohlen steht es nunmehro erst, daß die Gränze von Thorenſchen Ge"
271,19217,break,high,short_line,0.71,62,88,soll oder ob der Fürst Kanzler allein die Sache abmachen wil,von Pourtalès sieht B[arbe]. die Antwort in 10 bis 12 Tagen entgegen. 
271,19222,break,high,short_line+column,0.51,45,88,die Antwort auf Ihrer Neu Jahrs Gratulation —,Mit dem grösten Respect verharre
271,19223,break,high,short_line+column,0.37,32,88,Mit dem grösten Respect verharre,Euer Durchlaucht
271,19224,break,high,short_line+column,0.18,16,88,Euer Durchlaucht,Wien den 13ten Febr. 1815
271,19225,break,high,short_line+column,0.29,25,88,Wien den 13ten Febr. 1815,ganz gehorsamster Diener
271,19226,break,high,short_line+column,0.27,24,88,ganz gehorsamster Diener,v Triebenfeld
272,19230,run,review,short_line,0.08,3,36,272,Euer Durchlaucht heutigem Befehle zu Folge
272,19296,break,high,short_line,0.26,9,35,obachtet.,"die höchste Zeit ist es, daß die großen"
272,19309,break,high,short_line+column,0.11,4,35,Hahn,d 15ten Febr. 1815
273,19313,run,review,short_line,0.04,3,80,273,Ere Durchlaucht Schreiben vom 7ten d. M. erhielte ich in dieser Stunde
273,19364,break,high,short_line+column,0.69,51,74,Daß mann mich für alle meine Anstrengungen nun noch,für einem filon oder totalen Dummkopf nimmt.
273,19365,break,high,short_line,0.59,44,74,für einem filon oder totalen Dummkopf nimmt.,Im Grunde weiß ich nicht ob dies eine so große Ehre waren
273,19371,run,review,short_line,0.4,31,78,Ich mußte die Feeder weglegen —,Ewr Durchlaucht haben mich durch dies Schreiben sehr wahr gethan — ich
273,19378,run,review,short_line,0.56,44,78,mein Ehrgefühl und demüthiget mich zu sehr —,"Ich habe nichts gesagt und gethan, als was in den mir gegebenen und zu"
273,19414,run,review,short_line,0.69,48,70,Herzen werde ich die verlohrenen Zeit gedenken —,Ich habe nichts und weiß hier nicht wo von ich leben soll — aber meine
273,19420,run,review,short_line,0.21,15,70,Kopf glaubten —,"Schlüßlich muß ich hier noch bemerken, daß ick, als man mir gestern fr"
273,19424,run,review,short_line,0.11,8,70,hohlen —,Mitt der nur möglichste Hochachtung und Respect bey ich
273,19426,break,high,short_line+column,0.21,15,70,Ewr Durchlaucht,Wien d. 15ten Febr.
273,19427,break,high,short_line,0.27,19,70,Wien d. 15ten Febr.,1815.
273,19428,break,high,short_line,0.07,5,70,1815.,ganz gehorsamer Diener
273,19429,break,high,short_line+column,0.31,22,70,ganz gehorsamer Diener,v Triebenfeld
274,19433,break,high,short_line+column,0.04,3,84,274,Durchlauchtigster Fürst
274,19434,break,high,short_line+column,0.28,23,84,Durchlauchtigster Fürst,Gnädigster Fürst und Herr!
274,19435,break,high,short_line,0.31,26,84,Gnädigster Fürst und Herr!,"Der König von Würtemberg hat, da er seine Gemalt Grenzen gesezt sah, d"
274,19442,run,review,short_line,0.53,44,84,bey strengster Execution entrichtet werden —,die W[ürtembergische]. Majestät hat dies selbst an die Ehrwürdigen Alt
274,19444,break,high,short_line,0.54,45,84,Wirpfriedrich König zu W pp befohlen Euch pp.,bekannt gemacht und so insinuiren laßen. Von diesem Huldwaller erhoben
274,19463,run,review,short_line,0.52,40,77,würklich seit ein paar Wochen sehr krank,Übrigens könt nun würklich der König von Sachsen nach Brünn wohin er b
274,19477,run,review,short_line,0.62,48,77,nach dieſe Sachen zur Zufriedenheit beſeitiget —,"die Schweiz, Italien, und Spanien erregt jezt noch den Aufmerksamkeit "
274,19480,run,review,short_line,0.55,42,77,auf einen dauerhaften Frieden zu rechnen —,"wann ich nun gewiß / zwar erst seit 3 Tagen / weis, daß Ewer Durchlauc"
274,19486,run,review,short_line,0.44,34,77,"sein, und nun hoffe ich das Ende —",Die Trąbczyner Vindication wird mir viel Sorge machen — vom Fürst Kanz
274,19497,run,review,short_line,0.24,17,70,gereicht werden —,"In Betref Euer Durchlaucht Militairiſchen Angelegenheiten, wird der Fü"
274,19500,break,high,short_line,0.6,42,70,Vorschuß von 112/m rt Vortrag machen wird.,"der Congress wird noch, wie man sagt, 6 Wochen dauern — Alle Ausgleich"
274,19502,run,review,short_line,0.53,37,70,sollen hier völlig beendiget werden —,dHerr Finanz Minister von Bülow liegt am hizzigen Fieber sehr krank da
274,19506,break,high,short_line+column,0.34,24,70,Respetsvoll verharre als,Ewr Durchlaucht
274,19507,break,high,short_line+column,0.21,15,70,Ewr Durchlaucht,Wien
274,19508,break,high,short_line+column,0.06,4,70,Wien,den 25 Febr 1815
274,19509,break,high,short_line+column,0.23,16,70,den 25 Febr 1815,ganz gehorsamer Diener
274,19510,break,high,short_line+column,0.31,22,70,ganz gehorsamer Diener,v Triebenfeld
275,19514,break,high,short_line+column,0.05,3,64,275,Durchlauchtigster Fürst
275,19515,break,high,short_line+column,0.36,23,64,Durchlauchtigster Fürst,Gnädigster Herr!
275,19516,break,high,short_line,0.25,16,64,Gnädigster Herr!,Noch immer hat der Geh[eime]. Staats Rath Stägemann dem H. Fürsten Sta
275,19528,run,review,short_line,0.19,12,64,gethan ist —,Jezt ist meine größte Sorge die Acten und Documente bey der Comission
275,19535,run,review,short_line,0.53,34,64,und reiben mich an Ende ganz auf —,Allgemeine Neuigkeiten sind mancherley die sich nicht schreiben laßen
275,19541,break,high,short_line+column,0.23,15,64,Ewr Durchlaucht,senden Ewr Durchlaucht wann auch nur
275,19542,run,review,short_line,0.56,36,64,senden Ewr Durchlaucht wann auch nur,etwas Geld voraus den sonsten bleibt alles liegen —
275,19544,break,high,short_line+column,0.38,24,64,ganz gehorsamster Diener,Wien d. 28ten Febr.
275,19545,break,high,short_line,0.3,19,64,Wien d. 28ten Febr.,1815
275,19546,break,high,short_line+column,0.06,4,64,1815,v Triebenfeld
276,19550,break,high,short_line+column,0.04,3,80,276,Durchlauchtigster Fürst
276,19551,break,high,short_line+column,0.29,23,80,Durchlauchtigster Fürst,Gnädigster Fürst und Herr!
276,19552,break,high,short_line,0.33,26,80,Gnädigster Fürst und Herr!,"Der Herr Minister v Humboldt hatte mir eine Sache übertragen, in welch"
276,19567,run,review,short_line,0.16,13,80,eines jeden —,"Der J[ustiz]. C[ommissarius]. Eberhard sagt in seinen Schreiben, daß w"
276,19573,run,review,short_line,0.41,33,80,machen und alles bestens Leiten —,"die in Eberhard Schreiben erwähnte Antwort des Königs, war den Prinzeß"
276,19578,run,review,short_line,0.25,20,80,"in Berlin bleiben —""","Der König ist aber so viel ich weiß, nicht im geringsten gemeint, sich"
276,19590,break,high,short_line,0.14,10,74,kein Wort.,"könte nun H. p Eberhard eiligst herkommen, so würde ich sorgen daß den"
276,19597,run,review,short_line,0.46,34,74,sehr Gewitter schwangern Wolcken —,Der König von Sachsen ist in Preßburg angekommen und weigert sich den 
276,19605,run,review,short_line,0.22,16,74,bleiben werden —,"Die Eingabe wegen die Pohl[nischen] Güter liegt fertig, ich erwarte bl"
276,19609,break,high,short_line,0.43,32,74,Indes erbitte ich es mir zurück.,In tiefsten Respect ersterbe
276,19610,break,high,short_line+column,0.38,28,74,In tiefsten Respect ersterbe,Ewr Durchlaucht
276,19611,break,high,short_line+column,0.2,15,74,Ewr Durchlaucht,Wien den 4 ten März 1815.
276,19612,break,high,short_line,0.34,25,74,Wien den 4 ten März 1815.,ganz gehorsamster Diener
276,19613,break,high,short_line+column,0.32,24,74,ganz gehorsamster Diener,v Triebenfeld
277,19617,break,high,short_line+column,0.03,3,87,277,Durchlauchtigster Fürst
277,19618,break,high,short_line+column,0.26,23,87,Durchlauchtigster Fürst,Gnädigster Fürst und Herr
277,19619,run,review,short_line,0.29,25,87,Gnädigster Fürst und Herr,Ew. Durchlaucht gnädigstes Schreiben vom 6ten habe ich pr Estaffette v
277,19630,run,review,short_line,0.3,26,87,mit P Adolph gleich geht —,"Stägemann hat immer noch keinen Vortrag gehabt, und es mögte darüber f"
277,19665,run,review,short_line,0.3,26,86,den Krieg verhüthen wird —,"Was der König von Würtemberg an die Hohenloher erlaßen, was ihm von al"
277,19669,break,high,short_line+column,0.49,42,86,künftig — In tiefsten Hochachtung ersterbe,Ewr Durchlaucht
277,19670,break,high,short_line+column,0.17,15,86,Ewr Durchlaucht,Wien den 11ten März
277,19671,break,high,short_line+column,0.22,19,86,Wien den 11ten März,1815
277,19672,break,high,short_line+column,0.05,4,86,1815,treu gehorsamster Diener
277,19673,break,high,short_line+column,0.28,24,86,treu gehorsamster Diener,v Triebenfeld
278,19677,break,high,short_line+column,0.06,3,49,278,Copia
278,19678,break,high,short_line+column,0.1,5,49,Copia,Durchlauchtigster Fürst
278,19679,break,high,short_line+column,0.47,23,49,Durchlauchtigster Fürst,p. p. p.
278,19680,break,high,short_line,0.16,8,49,p. p. p.,Auch ich erhielt mit lezter Post vom H. v Triebenfeld
278,19683,break,high,short_line,0.41,20,49,nach Wien zu kommen.,Noch einem von mir durchdachten Plan der auf die
278,19714,break,high,short_line,0.37,18,49,es bey Gott nicht.,Die Abreise des Königs den 26ten an die ich
278,19732,break,high,short_line,0.54,20,37,gewiſ Rath ſchaffen.,In tiefster Ehrfurcht unterzeigen ich
278,19734,break,high,short_line,0.14,5,37,mich.,Ewr Durchlaucht
278,19735,break,high,short_line+column,0.41,15,37,Ewr Durchlaucht,Brieg
278,19736,break,high,short_line+column,0.14,5,37,Brieg,d 12ten März 1815
278,19737,break,high,short_line+column,0.46,17,37,d 12ten März 1815,ganz unterthänigster
278,19738,break,high,short_line+column,0.54,20,37,ganz unterthänigster,Eberhard
279,19742,break,high,short_line+column,0.04,3,83,279,Durchlauchtigster Fürst
279,19743,break,high,short_line+column,0.28,23,83,Durchlauchtigster Fürst,Gnädigster Fürst und Herr!
279,19744,break,high,short_line,0.31,26,83,Gnädigster Fürst und Herr!,Worauf es jezt noch ankömt ist daß ein reeller Vergleich mit den Curis
279,19753,run,review,short_line,0.27,22,83,sich eingewelt hätte —,von Pourtalès iſt noch beim Antwort eingegangen und daher hoft B[arbe]
279,19755,run,review,short_line,0.39,32,83,daß er bald selbst kommen wird —,"Die kohl Angelegenheit wird mir noch großen Kummer machen, den der R K"
279,19758,run,review,short_line,0.37,31,83,Zerboni folgen gute Beispiele —,"Vom Ende des Congreſſes ist noch nichts zu höhren, vielmehr häufen sic"
279,19768,break,high,short_line,0.61,51,83,seine eigene Leute aufheben und überliefern werden.,Im Grunde muß den armen Narren doch ein verschmizter Kopf aufs Eisgefü
279,19780,run,review,short_line,0.42,29,69,ſolchen Anhang finden ſolte —,Der Augenblick ist wieder wegen die Pohln[ischen] Güter eine Resolutio
279,19785,run,review,short_line,0.33,23,69,das alles hinſchleppt —,"O wäre nur H p Eberhard herkommen könnte, damit wir die Sache mit den "
279,19789,break,high,short_line,0.42,29,69,In tiefer Ehrfurcht erſterbe.,Ewr Durchlaucht
279,19790,break,high,short_line+column,0.22,15,69,Ewr Durchlaucht,Ich liege heute in Eichen Krank.
279,19791,break,high,short_line,0.46,32,69,Ich liege heute in Eichen Krank.,Wien den 18ten März
279,19792,break,high,short_line+column,0.28,19,69,Wien den 18ten März,1815
279,19793,break,high,short_line+column,0.06,4,69,1815,unterthänigster diener
279,19794,break,high,short_line+column,0.32,22,69,unterthänigster diener,v Triebenfeld
280,19798,break,high,short_line+column,0.04,3,82,280,Durchlauchtigster Fürst
280,19799,break,high,short_line+column,0.28,23,82,Durchlauchtigster Fürst,Gnädigster Herr!
280,19800,break,high,short_line,0.19,16,82,Gnädigster Herr!,Da dieser Stunde erhielte ich Ewr Durchlaucht verehrte beide Schreiben
280,19817,run,review,short_line,0.61,50,82,umsomehr als die Cur: Prinzeßinnen Geld bedürfen —,daß im Testament der alten Fürſten wegen Pr Adolphs Volljährigkeit ſo 
280,19822,run,review,short_line,0.58,48,82,Überwältigung des Kerls behülflich sein könten —,daß Fürst August die Vollmacht noch nicht aufgehoben hat ist mehr als 
280,19832,run,review,short_line,0.38,27,72,die Mittel aufinden laßen —,In den Pohl[nischen] Güter Angelegenheit hat mir der Fürst Kanzler daß
280,19836,run,review,short_line,0.42,30,72,"verkaufen, Gott und die Welt —",Næpolian macht die Allgewaltigen jezt wieder aus ihren Schlummer — es 
280,19842,break,high,short_line,0.61,44,72,in Paris sein wird — O Temp[ora]: o Mor[es]:,Wellington ist heute zur Armee abgegangen — und in wenig Tagen heiß es
280,19848,run,review,short_line,0.64,46,72,dafür Gott dareinst verantwortlich sein müße —,von allem Seiten wird marſchirt und wie ſah es kriegeriſcher aus als j
280,19850,run,review,short_line,0.71,51,72,wettet man daß kein allgemeiner Krieg werden wird —,dem kleinen König von Rom hat man von hier wegstohlen wollen
280,19861,break,high,short_line+column,0.55,12,22,Ich ersterbe,Ewr Durchlaucht
280,19862,run,review,short_line,0.68,15,22,Ewr Durchlaucht,Ist es möglich so schicke
280,19866,run,review,short_line,0.18,4,22,1815,treu gehorsamster
281,19871,break,high,short_line+column,0.04,3,68,281,Durchlauchtigſter Fürſt
281,19872,break,high,short_line+column,0.34,23,68,Durchlauchtigſter Fürſt,Gnädigster Herr!
281,19873,break,high,short_line,0.23,16,68,Gnädigster Herr!,Überbringer dieses Briefes iſt der Bediente von dem Herrn Hoffrath Bar
281,19894,run,review,short_line,0.69,47,68,Ich bitte diese Sachen ja zu bewerckstelligen —,Übrigens hat H. v. Stägemann noch immer keinen Vortrag gemacht — Es sc
281,19908,run,review,short_line,0.7,51,72,"halten zu beken, und wären aller Sorgen überhoben —",Pourtalès hat noch nicht geschrieben auch die Pohl[nische] Sache liegt
281,19910,run,review,short_line,0.62,45,72,Und man weiß jezt gar nicht was werden wird —,"So viel ist nichts bestimmt, daß wenn der Satan Trąbczyner hohlt Ewr D"
281,19912,break,high,short_line,0.62,45,72,"haben sollen, und das vieleicht in Schlesien.","Wie ihn auch ſey, ſo hoffe ich mit künftiger Poſt etwas ſehr Gutes Ewr"
281,19922,break,high,short_line+column,0.55,40,72,fällen nicht rigoreuser zu Werken geht —,In tiefsten Respect verharren.
281,19923,break,high,short_line,0.41,30,72,In tiefsten Respect verharren.,Ewr Durchlaucht
281,19924,break,high,short_line+column,0.21,15,72,Ewr Durchlaucht,Wien den 24ten Mertz 1815.
281,19925,break,high,short_line,0.36,26,72,Wien den 24ten Mertz 1815.,ganz gehorſamſter Diener
281,19926,break,high,short_line+column,0.33,24,72,ganz gehorſamſter Diener,v Triebenfeld
282,19930,break,high,short_line+column,0.04,3,75,282,Gnädigster Fürst und Herr!
282,19931,break,high,short_line,0.35,26,75,Gnädigster Fürst und Herr!,den Augenblick und zwar etwan 2 Stunden vor Abgang der Post erhalte ic
282,19964,run,review,short_line,0.37,26,70,Gott wird und kan helfen —,"Daß F August die Presidentenstelle, die alle Edlen abgelehnt haben, an"
282,19979,run,review,short_line,0.27,19,70,zurücknehmen wird —,Auf alles andere sage ich weiter nichts als daß ich mich auf die seit 
282,19994,break,high,short_line+column,0.3,21,70,Respectsvoll ersterbe,Ewr Durchlaucht
282,19995,break,high,short_line+column,0.21,15,70,Ewr Durchlaucht,"Glenck habe ich heute aufgefunden, er empfehle"
282,19996,run,review,short_line,0.66,46,70,"Glenck habe ich heute aufgefunden, er empfehle","sich zu Gnaden, und will Er durchlaucht im Op[...]urg gleich"
282,19998,break,high,short_line+column,0.66,46,70,200000 rt baar in sche[?]er Geld schasten[?] —,Wien den 26ten März
282,19999,break,high,short_line+column,0.27,19,70,Wien den 26ten März,1815.
282,20000,break,high,short_line,0.07,5,70,1815.,treuester Diener
282,20001,break,high,short_line+column,0.23,16,70,treuester Diener,v Triebenfeld
283,20005,break,high,short_line+column,0.04,3,72,283,Monseigneur
283,20006,run,review,short_line,0.15,11,72,Monseigneur,"Il suffit que Votre Altesse Serenissime daigne me donner des ordres, p"
283,20024,run,review,short_line,0.36,11,30,Monseigneur,de Votre Altesse Serenissime
283,20028,break,high,short_line+column,0.3,9,30,serviteur,Beguelin
284,20032,break,high,short_line+column,0.05,3,58,284,Durchlauchtigsten Fürst
284,20033,break,high,short_line+column,0.4,23,58,Durchlauchtigsten Fürst,"Gnädiger Herr,"
284,20034,run,review,short_line,0.24,14,58,"Gnädiger Herr,",Ich glaubte gantz gewiß Ewr Durchlaucht mit heutiger Post schon etwas 
284,20042,run,review,short_line,0.28,16,58,zu dedomagiren —,Meine Berechnung soll nicht unbedeutend sein —
284,20043,break,high,rubric,0.79,46,58,Meine Berechnung soll nicht unbedeutend sein —,1. Haben Ewr Durchlaucht dem v. Broniewski seinen Pfand Schilling mit 
284,20046,break,high,short_line,0.31,18,58,Sud[?] — 93000 rt.,"Hier ist zu bemerken, daß zwar Meyer Bernhard des Geld"
284,20051,break,high,rubric,1.03,60,58,besizt daher diese Forderung Ewr Durchlaucht allen gebührt —,2. den Kaemener Güter sind damals von Otto gerichten Taxirt 180000 rt.
284,20053,break,high,short_line,0.41,24,58,Ab davon obige 60000 rt.,bleiben 120000 rt.
284,20054,break,high,short_line,0.31,18,58,bleiben 120000 rt.,Es müßen demnach Ewer Durchlaucht von Kaemen erhalten 213000 rt
284,20056,break,high,rubric,0.81,47,58,und zwar 93000 rt baar und für 120000 rt Gütern,"3. von Trąbczyn diese Güter wäre, wie mir durch 316000 rt taxirt"
284,20058,break,high,rubric,1.05,61,58,darauf stehen noch die von Ewr Durchl. Contrahirten Schulden,1. für Lichnowski 40000 rt.
284,20059,break,high,rubric,0.47,27,58,1. für Lichnowski 40000 rt.,2. Grotowski 20000 rt.
284,20060,break,high,rubric,0.38,22,58,2. Grotowski 20000 rt.,3. Seher Thos 8000 rt.
284,20077,run,review,short_line,0.59,42,71,war in Paris um seine Gelder einzuziehen —,"dh. Napoleon soll nun wirklich bereits in Paris sein, d. den 18ten war"
284,20119,break,high,short_line+column,0.52,34,66,einzusenden. In Ehrfurcht ersterbe,um kehren
284,20120,break,high,short_line+column,0.14,9,66,um kehren,Ewr Durchlaucht
284,20121,break,high,short_line+column,0.23,15,66,Ewr Durchlaucht,von Teutſchen und Französische Blanquets bitte
284,20122,run,review,short_line,0.7,46,66,von Teutſchen und Französische Blanquets bitte,ich sehr — ach und wäre es möglich Eberhard hier
284,20125,break,high,short_line+column,0.11,7,66,befaßen,Wien d 27ten März
284,20126,break,high,short_line+column,0.26,17,66,Wien d 27ten März,1815
284,20127,break,high,short_line+column,0.06,4,66,1815,bey gehorſamſter Diener
284,20128,break,high,short_line+column,0.35,23,66,bey gehorſamſter Diener,v Triebenfeld
284,20140,run,review,short_line,0.1,7,71,müßen —,In Berlin ſoll alles was geſchieht und alles was gehöhe iſt ſehr perhi
285,20145,break,high,short_line+column,0.08,3,36,285,P[ro]. M[emoria].
285,20146,break,high,short_line,0.47,17,36,P[ro]. M[emoria].,Der König verlich 1796 dem Fürsten Hohenlohe die Kaemener
285,20159,run,review,short_line,0.56,20,36,bezahlt hat der hauß,An die Kost Senats Casse für die Urkunde 4164 rt.
285,20176,run,review,short_line,0.56,20,36,besäzz zu erhalten —,Nun wären die Güter indeß gerichtlich taxirt u. 180000 rt. Wirthe[?]
285,20178,run,review,short_line,0.61,22,36,mann also die 55000 rt,"in Abzug gebracht werden, so bleibt in unser"
285,20180,break,high,short_line,0.56,20,36,werth von 125000 rt.,thut 223714 rt
285,20181,run,review,short_line,0.39,14,36,thut 223714 rt,welche dem Fürsten baar oder durch Gütern
285,20183,break,high,rubric+short_line,0.58,21,36,ersagt werden müßen —,2. Trąbczyn ward gerichte taxirt 316000 rt.
285,20185,break,high,rubric,1.0,36,36,darauf Contrahirte der Fürst Schulde,1. von Lichnowski 70000 rt.
285,20186,break,high,rubric,0.75,27,36,1. von Lichnowski 70000 rt.,2. Weigel 30000 rt.
285,20187,break,high,rubric,0.53,19,36,2. Weigel 30000 rt.,3. Grotowski 20000 rt.
285,20188,break,high,rubric,0.61,22,36,3. Grotowski 20000 rt.,4. Seeher Thoss 8000 rt.
285,20189,break,high,rubric,0.67,24,36,4. Seeher Thoss 8000 rt.,5. v. Zerboni 10000 rt.
285,20191,break,high,short_line,0.33,12,36,= 138000 rt.,darauf hat der Fürst bezahlt
285,20193,break,high,short_line,0.64,23,36,An Lichnowski 30000 rt.,An Weigel 30000 rt.
285,20194,break,high,short_line,0.53,19,36,An Weigel 30000 rt.,thut 60000 rt.
285,20195,break,high,short_line,0.39,14,36,thut 60000 rt.,bleiben 78000 rt.
285,20196,break,high,short_line,0.47,17,36,bleiben 78000 rt.,Es bleibt hier als ein mehr [?]teil 238000 rt.
285,20201,break,high,short_line,0.53,19,36,das sind 461714 rt.,den 27ten März
285,20202,break,high,short_line+column,0.39,14,36,den 27ten März,1815.
286,20206,break,high,short_line+column,0.04,3,78,286,Durchlauchtigster Fürst
286,20207,break,high,short_line+column,0.29,23,78,Durchlauchtigster Fürst,Gnädigster Herr!
286,20208,break,high,short_line,0.21,16,78,Gnädigster Herr!,Die gegenwärtige Epoque wird wohl die merkwürdigste in den Jahrbühren 
286,20216,run,review,short_line,0.49,38,78,hat ſchon über 200000 Mann beisammen —,Schönlich ist es daß so etwas unter den Augen aller Souverains hat ges
286,20224,run,review,short_line,0.59,46,78,wißen wird wohin man sich zuerst wenden soll —,"daß bey allem diesen Verwirrungen hier wenig bewürkt werden kan, könne"
286,20227,run,review,short_line,0.54,42,78,aber denkt und handelt wie es ihm gefält —,"Etwas wird indes ehe man hier ab, und zur Arme geht geschehen. Und da "
286,20233,run,review,short_line,0.55,43,78,Sie durch Güter entschädiget werden müßen —,"Übrigens scheint alles eine andere Gestallt gemeinen zu wollen, den ni"
286,20246,run,review,short_line,0.23,15,64,was ich thäte —,"""Ich nähme blos die 98714. rt und sagte zum König und Kayser, sind"
286,20254,break,high,short_line+column,0.68,44,64,"Ich verſtumme in Ehrfurcht, und erſterbe als",Ewr Durchlaucht
286,20255,run,review,short_line,0.23,15,64,Ewr Durchlaucht,N. S. es nicht möglich daß Eberhard herkommen kan?
286,20257,break,high,short_line+column,0.68,44,64,um die allerſchleunigſte Antwort und mehrere,Blanquets bitte ich —
286,20258,run,review,short_line,0.33,21,64,Blanquets bitte ich —,N. B. der biedere Geheime Staats Rath Beguelin wolte ein Schreiben von
286,20263,break,high,short_line+column,0.29,19,64,Wien den 31ten Merz,1815.
286,20264,break,high,short_line,0.08,5,64,1815.,treu gehorſamer Diener
286,20265,break,high,short_line+column,0.34,22,64,treu gehorſamer Diener,v Triebenfeld
286,20268,break,high,short_line+column,0.1,6,59,286 a),P[ro] M[emoria]
286,20269,run,review,short_line,0.25,15,59,P[ro] M[emoria],Der Höchſtſeelige König verliehe 1796 dem Fürſten Hohenlohe durch die 
286,20279,break,high,short_line,0.41,24,59,Dies beträgt — 61000 rt.,Von Johanni 1805 bis Johanni 1807 besaß also der Fürst nur die Güter w
286,20287,run,review,short_line,0.58,34,59,die Taxe fiel auf — 180000 rt. aus,Hiervon abgezogen die vor in Anrechnung gebrachten 55000 rt.
286,20289,break,high,short_line,0.66,39,59,so bleibt ein Mehr Werth von 125000 rt.,Dieser Mehrwerth aber gehört nun mit den 8 Jährigen Güte
286,20297,break,high,rubric,0.78,46,59,taxirt — darauf contrahirte der Fürst schulden,1. von Lichnowski 70000 rt.
286,20298,break,high,rubric,0.46,27,59,1. von Lichnowski 70000 rt.,2. von Weigel 30000 rt.
286,20299,break,high,rubric,0.39,23,59,2. von Weigel 30000 rt.,3. von Grotowski 20000 rt.
286,20300,break,high,rubric,0.44,26,59,3. von Grotowski 20000 rt.,4. von Zerboni 10000 rt.
286,20301,break,high,rubric,0.41,24,59,4. von Zerboni 10000 rt.,5. Mann Ge. Seher Thos 8000 rt.
286,20304,break,high,short_line,0.32,19,59,an Weigel 30000 rt.,Es bleibe also im Abzug zu bringenden Schuldig 76000 rt.
286,20310,break,high,short_line,0.27,16,59,Summa 390100 rt.,welche nun dH. Fürſte zu Hohenlohe entweder Baar oder durch
286,20312,break,high,short_line,0.39,23,59,Güter zu ersezzen sind.,v Triebenfeld
286,20331,break,high,short_line,0.57,41,72,"eilig herkommen, um Unfälle abzuwehren —?",Ein Tollers Stück ist noch nicht seit Anlagen der Welt vorgekommen
287,20337,break,high,short_line+column,0.04,3,71,287,Durchlauchtigster Fürst
287,20338,break,high,short_line+column,0.32,23,71,Durchlauchtigster Fürst,Gnädigster Herr!
287,20339,break,high,short_line,0.23,16,71,Gnädigster Herr!,Eren Durchlaucht Höchst verehrtes Schreiben vom 3ten Aprill erhielt ic
287,20356,run,review,short_line,0.49,35,71,Wolte Gott Adolph wäre ſchon hier —,"Nun zu Ihrer Sachen — Ihre Irrenrieden zerschneiden mein Herz, ich kan"
287,20377,run,review,short_line,0.37,25,68,paßt auf der Bahn nicht —,Es seyn hier Männer von Bedeutung schon 5 Monath aber noch solle
287,20380,run,review,short_line,0.59,40,68,eine Epoque so wichtig als die jezzige —,Die französische Sache ist jezt Sache der ganzen Nation — Millionen we
287,20389,run,review,short_line,0.47,32,68,de Männer ſchätteten die Köpfe —,"Der Vice-König von Italien ist fort. Der Auftritt an, die war Bürger m"
287,20402,break,high,short_line+column,0.46,32,70,wo diese an den Eugen schreibt —,"""Continuez d’amusez notre imbécille —"""
287,20403,run,review,short_line,0.54,38,70,"""Continuez d’amusez notre imbécille —""",Die Rede war vom Rußischen Kayser — der König zu Würtemberg schalte di
287,20419,break,high,short_line,0.66,46,70,würdigen überblick des ganze im Auge behalten.,"Den Augenblick höhre ich daß der König den 18ten abgeht, geschieht das"
287,20440,run,review,short_line,0.54,49,90,sogenannte Marschälle als ehrlose Wühte mit ihm —,Geſchont ſoll in Frankreich nichts werden. Dies hat der Rußen Kayser ſ
287,20461,break,high,short_line+column,0.54,49,90,geſchehen wird — In tiefſter Hochachtung verharre,Ewr Durchlaucht
287,20462,break,high,short_line+column,0.17,15,90,Ewr Durchlaucht,Wien d. 13ten Aprill
287,20463,break,high,short_line+column,0.22,20,90,Wien d. 13ten Aprill,1815.
287,20464,break,high,short_line,0.06,5,90,1815.,unterthäniger Diener
287,20465,break,high,short_line+column,0.22,20,90,unterthäniger Diener,v Triebenfeld
288,20469,break,high,short_line+column,0.04,3,81,288,Durchlauchtigster Fürst
288,20470,break,high,short_line+column,0.28,23,81,Durchlauchtigster Fürst,Gnädigster Herr!
288,20471,break,high,short_line,0.2,16,81,Gnädigster Herr!,"Die Ankunft des Prinzen Adolphs sehe ich sehnsuchtsvoll entgegen, umsa"
288,20481,run,review,short_line,0.35,28,81,aber weiter erfolgt nichts —,Ich will nur daß Cosmar befehligt wird alle Gelder bey das Brieger Obe
288,20492,break,high,short_line,0.52,42,81,würken — Ich hoffe ein schnelles Resultat.,Fatal ist es daß ich keine Tabellen von den Pohl[nischen] Ämtern hier 
288,20495,run,review,short_line,0.52,42,81,vorschlagen — Laße nur das Gott gelingen —,So eben erhalte ich Ewr Durchlaucht höchst verehrtes Schreiben nebst d
288,20517,break,high,short_line+column,0.62,34,54,In tiefster Ehrfurcht verharre als,Ewr Durchlaucht
288,20518,run,review,short_line,0.28,15,54,Ewr Durchlaucht,von Eberhard sehen und höhre ich nichts — Es ist
288,20522,run,review,short_line,0.51,28,54,"würde sich gefunden, haben —",Der H. O[brist]. L[ieutenant]. v Thielen sagte mir lezthin — der Fürst
288,20526,break,high,short_line+column,0.29,16,54,was anzufangen —,Wien den 19ten April
288,20527,break,high,short_line+column,0.37,20,54,Wien den 19ten April,1815
288,20528,break,high,short_line+column,0.07,4,54,1815,treu gehorsamster Diener
288,20529,break,high,short_line+column,0.44,24,54,treu gehorsamster Diener,v Triebenfeld
289,20533,break,high,short_line+column,0.05,3,63,289,Hochwohlgeborner Herr
289,20534,break,high,short_line+column,0.33,21,63,Hochwohlgeborner Herr,Hochverehrter Herr Geheimer Cabinets Rath!
289,20535,break,high,short_line,0.67,42,63,Hochverehrter Herr Geheimer Cabinets Rath!,"Euer Hochwohlgl. wird es gewiß nicht unbekannt seyn, daß die Curischen"
289,20544,run,review,short_line,0.32,20,63,Jahr und Tag erklärt,"""daß Sie mit der Sache nichts zu thun haben wollten, sondern"
289,20546,run,review,short_line,0.51,32,63,"Sich gänzlich davon los sagten.""",dies Beweg den Fürsten / obgleich die Summe für des höchst Seeh. König
289,20572,break,high,short_line,0.25,16,63,Bescheid bitten.,+ob Sr Majestaet würklich gemeint sind die Schuld vom 426/m rt.
289,20576,break,high,short_line,0.21,13,63,bemützt sein.,welche an 80/m. rt jährlich betraffend
289,20577,break,high,short_line+column,0.6,38,63,welche an 80/m. rt jährlich betraffend,alle den der fürst hat seit
289,20578,break,high,short_line+column,0.43,27,63,alle den der fürst hat seit,Jahren statt 96/m rt nur 2500 rt
289,20579,break,high,short_line+column,0.51,32,63,Jahren statt 96/m rt nur 2500 rt,"berhaupt erhalten, und"
289,20580,break,high,short_line+column,0.35,22,63,"berhaupt erhalten, und",[...]gert nit seinen einge¬
289,20582,break,high,short_line,0.14,9,63,[...]gen.,"Im ersten Fall würde ich unterthänigst bitten, daß wenn Sr Majestaet"
289,20585,run,review,short_line,0.62,39,63,"ein allerhöchster Befehl gegeben würde,","""daß die Cosmarische Administration sofort aufgehoben und von"
289,20605,break,high,short_line+column,0.38,18,48,wenn besonders die,Güter für Königl.
289,20606,break,high,short_line,0.35,17,48,Güter für Königl.,Rechnung sogleich in
289,20607,break,high,short_line+column,0.42,20,48,Rechnung sogleich in,Administration
289,20608,break,high,short_line+column,0.29,14,48,Administration,genommen werden.
289,20609,break,high,short_line,0.33,16,48,genommen werden.,"""Ewr Hochwohlg. geruhen diese Sache zu beherzigen stellen"
289,20615,run,review,short_line,0.15,7,48,"werde.""",bemerken muß ich hier noch ganz gehorsamst daß der
289,20620,break,high,short_line,0.44,21,48,Sr Durchl. vorliegen.,Die gröste Verehrung ist es in welcher ich verharre
289,20622,break,high,short_line+column,0.38,18,48,Ew Hochwohlgeboren,Wien den 5. May 1815
289,20623,break,high,short_line+column,0.42,20,48,Wien den 5. May 1815,ganz gehorsamste
289,20624,break,high,short_line+column,0.33,16,48,ganz gehorsamste,v Triebenfeld
289,20625,break,high,short_line+column,0.27,13,48,v Triebenfeld,in des H. Cabinets Rath Albrechts
290,20629,break,high,short_line+column,0.05,3,63,290,Durchlauchtigster Fürst
290,20630,break,high,short_line+column,0.37,23,63,Durchlauchtigster Fürst,Gnädiger Herr!
290,20631,break,high,short_line,0.22,14,63,Gnädiger Herr!,"Nach 7 Monathe wird nun endlich der Befehl gegeben, daß Cosmar die hin"
290,20644,run,review,short_line,0.62,39,63,Kayser zugleich die Sache vorschlagen —,Morgen reiche ich dem H. Fürsten wieder ein etwas nachdrückliches me¬
290,20650,run,review,short_line,0.19,12,63,ein Mehreres,Den Augenblick erhalte ich Ewr Durchlaucht Schreiben vom 9ten darüber
290,20653,run,review,short_line,0.22,14,63,Ew Durchlaucht,"Wie mir H. O[brist]. L[ieutenant]. v F sagt, so hat sich Adolph"
290,20655,run,review,short_line,0.63,40,63,etwas sehr linckisch beim König genommen,"der König frey ihm was macht ihr Vater, wie geht ihm"
290,20658,break,high,short_line+column,0.06,4,63,Wien,d 20ten May 1815
290,20659,break,high,short_line+column,0.25,16,63,d 20ten May 1815,ganz gehorſamster diener
290,20660,break,high,short_line+column,0.38,24,63,ganz gehorſamster diener,v Triebenfeld
290,20669,run,review,short_line,0.36,23,64,Blut von seinen Vater —,Schicken Ewr Durchlaucht mir ja die 100 # den ich meist nicht ob ich
291,20676,break,high,short_line+column,0.06,3,50,291,Durchlauchtigster Fürst
291,20677,break,high,short_line+column,0.46,23,50,Durchlauchtigster Fürst,p. p.
291,20678,break,high,short_line,0.1,5,50,p. p.,so eben habe ich noch die Cabinets Ordre vom
291,20707,break,high,short_line,0.42,20,48,wittert — Verzeyung.,"wegen ihrer Militairischen Sache ist noch gar nichts gesagt,"
291,20727,break,high,short_line+column,0.48,23,48,Wien den 24ten May 1815,treu gehorsamer diener
291,20728,break,high,short_line+column,0.46,22,48,treu gehorsamer diener,v Triebenfeld
292,20732,break,high,short_line+column,0.05,3,66,292,Durchl. Fürst!
292,20733,break,high,short_line,0.21,14,66,Durchl. Fürst!,p. p.
292,20734,break,high,short_line,0.08,5,66,p. p.,Die Entschädigungs Sache ist anerkannt und liegt dem Kayser
292,20747,break,high,rubric,0.82,54,66,"von Hahn, Klagen eingegangen sind, so hat H. Stägemann","H. Kanzler vorgeschlagen, nicht in das Wesben nebst zu stürben, sonder"
292,20752,break,high,short_line,0.2,13,66,machen wolle.,In einer vor 3 Tagen gehaltenen kurzen Conferung fuhr er Wüthend
292,20773,break,high,short_line,0.31,20,65,einst ersezen solle.,"Der Fürst Kanzler war gerührt u sagte, zu leben muß doch der Alte"
292,20775,break,high,short_line,0.57,37,65,fürst u wo bleiben dann die revenuen?,"Stägemann weinte das würde sich schon finden, wenn die Sache genau"
292,20780,break,high,short_line,0.55,36,65,noch immer die erste zeille Antwort.,Noch neuern Briefen höre ich daß Cosmar würklich wegen unterschlagen
292,20786,break,high,short_line,0.2,13,65,Vertheidigen.,Fürst Augusts Sache ist nun durch Cabinets Ordre so veste abgemacht
292,20801,break,high,short_line,0.4,22,54,bezahlt werden sollen.,Ernst August hat sich artig bey den Fürst Hardenberg bedancke
292,20808,break,high,short_line,0.13,7,54,reitet.,Der Fürst Kanzler wird wohl erst den 5ten Juny von hier abgehn — Er
292,20814,break,high,short_line,0.46,25,54,die Rache schnell erwitt.,Ehrfurchtsvoll verharre.
292,20815,break,high,short_line,0.44,24,54,Ehrfurchtsvoll verharre.,Ewr Durchl.
292,20816,break,high,short_line,0.2,11,54,Ewr Durchl.,Der König ist gestern in
292,20817,break,high,short_line+column,0.44,24,54,Der König ist gestern in,Der Nacht von der Gräfin Zichy
292,20818,break,high,short_line+column,0.55,30,54,Der Nacht von der Gräfin Zichy,abgereiſt.
292,20819,break,high,short_line,0.18,10,54,abgereiſt.,Wien den 27ten May.
292,20820,break,high,short_line,0.35,19,54,Wien den 27ten May.,1815
292,20821,break,high,short_line+column,0.07,4,54,1815,treu gehorsamster Diener
292,20822,break,high,short_line+column,0.44,24,54,treu gehorsamster Diener,v Triebenfeld
294,20828,break,high,short_line+column,0.06,3,52,294,Hochwohlgebohrner Herr!
294,20829,break,high,short_line,0.45,23,52,Hochwohlgebohrner Herr!,p. p.
294,20830,break,high,short_line,0.1,5,52,p. p.,"Ew Hochwohlgeb. wißen, daß ich mit"
294,20831,run,review,short_line,0.66,34,52,"Ew Hochwohlgeb. wißen, daß ich mit",der Herzogin von Sagan wegen ihrer Forderung p.
294,20846,break,high,short_line,0.33,17,52,schließen glaube.,"Ew. Hochwohlgebohren haben, daher"
294,20847,run,review,short_line,0.64,33,52,"Ew. Hochwohlgebohren haben, daher","die Gütte und leiten alles in den Weg, daß nun die"
294,20859,break,high,short_line,0.39,11,28,gebrauchen.,der ich die Ehre habe mit aller Hochachtung
294,20861,break,high,short_line,0.28,8,28,zu ſeyn.,Ew. Hochwohlgebohren
294,20862,break,high,short_line+column,0.7,20,28,Ew. Hochwohlgebohren,Wien
294,20863,break,high,short_line+column,0.14,4,28,Wien,den 7 Junij 1815.
294,20864,break,high,short_line,0.6,17,28,den 7 Junij 1815.,ergebensterdiener
294,20865,break,high,short_line+column,0.6,17,28,ergebensterdiener,[G/J?] Bisenti
295,20869,break,high,short_line+column,0.04,3,68,295,Durchlauchtigſter Fürſt
295,20870,break,high,short_line+column,0.34,23,68,Durchlauchtigſter Fürſt,Gnädigster Fürst und Herr!
295,20871,break,high,short_line,0.38,26,68,Gnädigster Fürst und Herr!,Bey meiner lezthinigen Ankunft in Kalisz erfuhr ich zu meinem tödtlich
295,20923,break,high,short_line+column,0.61,30,49,Ewr Hochfürstliche Durchlaucht,Posen
295,20924,break,high,short_line+column,0.1,5,49,Posen,den 17ten Novbr.
295,20925,break,high,short_line,0.33,16,49,den 17ten Novbr.,1815
295,20926,break,high,short_line+column,0.08,4,49,1815,Unterthäniger diener
295,20927,break,high,short_line+column,0.41,20,49,Unterthäniger diener,v Triebenfeld
296,20931,run,review,short_line,0.15,3,20,296,Berlin den 8. Xbr.
296,20933,run,review,short_line,0.2,4,20,1815,verehrtesten Freund
296,20948,break,high,short_line,0.24,5,20,bald.,Cosmar
296,20949,break,high,short_line+column,0.29,6,20,Cosmar,ist in er¬
296,20951,break,high,short_line+column,0.63,13,20,ei[?] Instanz,eines un¬
296,20953,run,review,short_line,0.44,9,20,redlichen,verfahrens über¬
296,20958,break,high,short_line,0.68,14,20,vormundschaft.,Dein
296,20959,run,review,short_line,0.2,4,20,Dein,treu geh. diener
296,20971,break,high,short_line+column,0.15,4,27,dein,tr[eu]. geh.
296,20972,break,high,short_line,0.44,12,27,tr[eu]. geh.,Grevenitz
296,20973,break,high,short_line+column,0.33,9,27,Grevenitz,8 Xbr. 1815.
297,20977,break,high,short_line+column,0.05,3,66,297,Durchlauchtigster Fürst
297,20978,break,high,short_line+column,0.35,23,66,Durchlauchtigster Fürst,Gnädigsten Fürst und Herr!
297,20979,break,high,short_line,0.39,26,66,Gnädigsten Fürst und Herr!,Mitt einen vom herbsten Graue[Gram] und Kummer verwalten Herzen
297,20990,break,high,short_line,0.21,14,66,Barbes Stelle?,"Die dritte Nachricht ward mir daß Trzciński in Warschau, nachdem"
297,20994,break,high,short_line,0.65,43,66,Ewr Durchlaucht wohl schwerlich vorstellen.,"der infume verzögerte Bescheid des Zerboni, die schnelle Abreise des"
297,21008,break,high,short_line,0.6,40,67,unter beßerer Pflege ehender zu genesen.,Ich liege nun hier und leide an Körper und Seele — thun kan ich jezt w
297,21023,break,high,short_line,0.42,28,67,rung des Contracts anhöhren.,"Von Kulm und Kaemen ist nach Zerbonis Versicherung nichts zu hoffen, d"
297,21033,break,high,short_line,0.66,44,67,durch Eichaust um 170/m rt. revenirt werden.,"Zerboni will, daß man ihm über alles Aufschluß verschaffen soll."
297,21047,run,review,short_line,0.66,39,59,muß mir dann als Entschädigung dienen —,"Geruhen Ewr Durchlaucht mir daher, jedoch mit Eigner Hand zu"
297,21057,break,high,short_line,0.56,33,59,Vollmachten verspottet zu werden.,Schon hat H. p. Schenck Vollmacht von mir und Ewr Hochwohl¬
297,21065,run,review,short_line,0.65,48,74,einerley Meinung sind wenn Sie überlegen daß ich,sehen alles was ich von Betsche haben konte am Carl von
297,21067,run,review,short_line,0.68,50,74,"Zerboni und dieser wieder an sich cedirt habe, daß",Die Berichts Erſtattung des H. O[ber]. P[räsident] v. Zerboni ſo sehr
297,21069,break,high,short_line+column,0.72,53,74,"verzögert worden, ist für mich ein unsäglicher Schade",ich bedaure rechts mehr als daß ich dieselben damals
297,21070,break,high,short_line+column,0.7,52,74,ich bedaure rechts mehr als daß ich dieselben damals,"nicht mehr Gehör gab, und Sie nach Paris reisen lies."
297,21071,break,high,short_line,0.72,53,74,"nicht mehr Gehör gab, und Sie nach Paris reisen lies.",jezt gebe ich gerne zu daß sie die Sachen im Diploma¬
297,21073,run,review,short_line,0.42,31,74,"tischen Wege betreiben p p. p.""",Ich habe selbst Zerboni 2 wohl in Posen gesprochen er verspricht alles
297,21078,break,high,short_line,0.64,47,74,heilig Ewr durchlaucht über alles zu ſchreiben.,Auf der Rückreise dicktirte ich beigehendes Schreiben Nahmens Euer Dur
297,21082,run,review,short_line,0.34,25,74,nichts resolvirt worden —,Kurz so bald ich gewiße gehe ich nach Posen und Betsche. Bitte um alle
297,21095,break,high,short_line+column,0.54,40,74,nun fallen läst. Ehrfurchtsvoll verharre,Ewr Durchlaucht
297,21096,break,high,short_line+column,0.2,15,74,Ewr Durchlaucht,Blizanow d 19tn Xbr
297,21097,break,high,short_line+column,0.26,19,74,Blizanow d 19tn Xbr,1815.
297,21098,break,high,short_line,0.07,5,74,1815.,unterthänigster Diener
297,21099,break,high,short_line+column,0.3,22,74,unterthänigster Diener,v Triebenfeld
298,21103,break,high,short_line+column,0.05,3,59,298,P[ro]. M[emoria].
298,21104,break,high,short_line,0.29,17,59,P[ro]. M[emoria].,"Madame Schenck hat meinen Bothen, so wie den Sansenberger"
298,21116,run,review,short_line,0.36,21,59,mehr geheilt werden —,Zerbonis super Kluge Reden sind die welche ich Ewr Durchlaucht schon
298,21121,run,review,short_line,0.56,33,59,Sinne gesprochen wohl das Beste —,"Boidelang steht jezt auf den Punckt an Barbes Stelle zu treten, und"
298,21131,break,high,short_line,0.36,21,59,eile ich nach Berlin.,Übrigens bin ich im Ängſten wegen mehrere Briefe die fehr
298,21144,run,review,short_line,0.44,26,59,Gränz zoll Amt weg nimmt —,Gestern iſt in Kalisz das Preußen Geld verrufen nur Vert und
298,21151,break,high,short_line,0.12,7,59,beoßer.,Gostyszyn liegt auf der großen
298,21152,break,high,short_line+column,0.51,30,59,Gostyszyn liegt auf der großen,Straße von Kempen nach Kalisz
298,21153,break,high,short_line+column,0.49,29,59,Straße von Kempen nach Kalisz,Blizanow d 22 ten Xbr
298,21154,break,high,short_line+column,0.36,21,59,Blizanow d 22 ten Xbr,1815
298,21155,break,high,short_line+column,0.07,4,59,1815,v Triebenfeld
299,21159,break,high,short_line+column,0.04,3,68,299,Durchlauchtigster Fürst
299,21160,break,high,short_line+column,0.34,23,68,Durchlauchtigster Fürst,Gnädigster Fürst und Herr!
299,21161,break,high,short_line,0.38,26,68,Gnädigster Fürst und Herr!,Meine Krankheit hat aufgehöhrt nur die große Schwäche verstattet mich 
299,21173,break,high,short_line,0.5,34,68,Auskunft von p. Boidelang erwarte.,"In Betsche wird mein erstes Geschäft sein, sich mit Leixner in Meserit"
299,21182,run,review,short_line,0.5,34,68,ber durchlaucht Angebe gebilligt —,"da übrigens d O P Zerboni die Aufhebung des Contractes wünscht, so wer"
299,21185,break,high,rubric,1.0,68,68,das heißt er die Bürger und Bauren verliehren ihr gegebenes ,2. Sie müßen sofort den rükständigen Canon und Competenz mit circa [7?
299,21187,break,high,rubric+short_line,0.57,39,68,damit die Sequestration sofort aufhört.,3. Sie müßen Ewr durchlaucht sofort den rükständigen Canon mit 11/m rt
299,21188,break,high,rubric,1.18,80,68,3. Sie müßen Ewr durchlaucht sofort den rükständigen Canon m,"4. Müßen Sie sich erklären, wie sie die rückständigen Zinsen tilgen wo"
299,21194,break,high,short_line,0.37,25,68,thum Ewr Durchlaucht ist.,"was hiervon zu gewinnen. Dein wird werde ich wahrnehmen,"
299,21195,break,high,rubric,0.82,56,68,"was hiervon zu gewinnen. Dein wird werde ich wahrnehmen,",5. Müßen die Gemeinden selbst mit die Waffen gegen Eichaust und seine 
299,21199,break,high,rubric,0.78,48,62,Noch meiner Rechnung bliebe dann Ewr Durchlaucht,1. Die Zinsen von Circa 68000 rt.
299,21200,break,high,rubric,0.54,33,62,1. Die Zinsen von Circa 68000 rt.,2. der rückständige Canon von 11000 rt.
299,21201,break,high,rubric,0.63,39,62,2. der rückständige Canon von 11000 rt.,3. die von den Bauren 1805 angezahlten 28000 r.
299,21202,break,high,rubric,0.76,47,62,3. die von den Bauren 1805 angezahlten 28000 r.,4. was Eichaust und seine Spießgesellen entrissen werden kan mit 20000
299,21206,break,high,short_line,0.6,37,62,Sie noch zu erhalten haben 99000 rtl.,"Nun kömt es darauf an was Betsche noch werth ist, der Wald ist total"
299,21213,run,review,short_line,0.41,25,62,den wäre allen geholfen —,Ewr Durchlaucht hätten wie vor geſagt zu erhalten 99000 rt.
299,21216,break,high,short_line,0.52,32,62,von dem Rest mit circa 20000 rt.,wurde Lombardini H H Hahn und der gute Bally bezahlt.
299,21250,run,review,short_line,0.35,21,60,ihm im Grunde nicht —,Meines Pächters Bruder ist Hauß Factor und Liebling von Zerboni
299,21254,run,review,short_line,0.38,23,60,es von Nutzen gewesen —,Mein Pächter geht mit mir nach Posen — Er steht selbst mit H. Z[erboni
299,21257,run,review,short_line,0.28,17,60,dienste leisten —,Sobald ich Ewr Durchlaucht Antwort erhalte reise ich nach Posen und Be
299,21259,break,high,short_line+column,0.4,24,60,Ehrfurchts voll ersterbe,Ewr Durchlaucht
299,21260,break,high,short_line+column,0.25,15,60,Ewr Durchlaucht,der Bothen erhält pro Meile 3 gg Cour
299,21261,break,high,short_line+column,0.61,37,60,der Bothen erhält pro Meile 3 gg Cour,1 rt habe ich ihm hier gegeben geruhen.
299,21262,break,high,short_line,0.64,39,60,1 rt habe ich ihm hier gegeben geruhen.,Ewr Durchlaucht dorten den Rest aus
299,21263,break,high,short_line+column,0.58,35,60,Ewr Durchlaucht dorten den Rest aus,zahlen zu laßen.
299,21264,break,high,short_line,0.26,16,60,zahlen zu laßen.,Blizanow
299,21265,break,high,rubric+short_line,0.13,8,60,Blizanow,d. 16ten Januar
299,21267,break,high,short_line,0.08,5,60,1816.,unterthänigster diener
299,21268,break,high,short_line+column,0.36,22,60,unterthänigster diener,v Triebenfeld
300,21272,break,high,short_line+column,0.05,3,57,300,Durchlauchtigſter Fürſt
300,21273,break,high,short_line+column,0.4,23,57,Durchlauchtigſter Fürſt,Gnädigster Furst und Herr!
300,21274,break,high,short_line,0.46,26,57,Gnädigster Furst und Herr!,[...]halte ich die Nachricht daß im Gosztiszyn ein
300,21278,run,review,short_line,0.49,28,57,[...]Gebrauch davon machen —,[...]sei könte d 22 nach Posen zurück — Er ward nach Berlin ge¬
300,21296,break,high,short_line+column,0.57,25,44,"""wirten wohl daß der[...]","der p. ist ein neu[...]"""
300,21297,break,high,short_line+column,0.55,24,44,"der p. ist ein neu[...]""",Z ward sofort nach Berlin[...]
300,21298,break,high,short_line+column,0.68,30,44,Z ward sofort nach Berlin[...],unbekandt — Es heißt Klew[...]
300,21299,run,review,short_line,0.68,30,44,unbekandt — Es heißt Klew[...],aber die Geld Männer als Stag[...]
300,21315,break,high,short_line+column,0.55,24,44,ersterbe Ehrfurchts woll,Ewr Durchlaucht
300,21316,break,high,short_line+column,0.34,15,44,Ewr Durchlaucht,Blizanow
300,21317,break,high,short_line+column,0.18,8,44,Blizanow,2[9?] Januar 1816
300,21318,break,high,short_line+column,0.39,17,44,2[9?] Januar 1816,ganz unterthäniger Diener
300,21319,break,high,short_line+column,0.57,25,44,ganz unterthäniger Diener,v Triebenfeld
301,21323,break,high,short_line+column,0.32,23,72,Durchlauchtigſter Fürſt,Gnädigſter Fürſt und Herr!
301,21324,break,high,short_line,0.36,26,72,Gnädigſter Fürſt und Herr!,301
301,21325,run,review,short_line,0.04,3,72,301,Ewr Durchlaucht höchſt verehrtes Schreiben vom 26 ten d. M erhielt ich
301,21329,break,high,short_line,0.64,46,72,Kummer und glaubte der Mensch ſey verunglückt.,doppelt angenehm iſt es mir jezt durch den Andern Lombardini Ewr Hochf
301,21339,run,review,short_line,0.67,48,72,"Weisen Entschlüße, und Benehmen wißen zu laßen —",der redliche Lombardini wird Ewr Durchlaucht über alles den treuesten
301,21344,run,review,short_line,0.5,36,72,der Gift=Blume ihren Honig sammlet —,dermalen erwarte ich Sehnsuchts voll meinen Sohn und einen Pächter
301,21359,break,high,short_line+column,0.27,8,30,Blizanow,den 31ten Januar
301,21360,break,high,short_line+column,0.53,16,30,den 31ten Januar,1816.
301,21361,break,high,short_line,0.17,5,30,1816.,ganz gehorſamſter Diener
302,21366,break,high,short_line+column,0.3,23,77,Durchlauchtigſter Fürſt,Gnädigster Fürst und Herr!
302,21367,break,high,short_line,0.34,26,77,Gnädigster Fürst und Herr!,Ich habe den Justiz Bürgermeister Hawich aus Zagorowo der alswirkl. He
302,21373,break,high,short_line,0.51,39,77,dazu Vollmacht und Instruction gegeben.,Zweitens zur gänzlichen Aufhebung der Sequestration die Vollmacht gege
302,21377,run,review,short_line,0.26,20,77,ankömmt; so habe ich,"Drittens dem Hawich der Vollmacht die Zinsen beizutreiben, und solche "
302,21388,run,review,short_line,0.22,17,77,"Eben so habe ich,",sechstens eine Vollmacht gegeben von dem Niedźwiecki die restirende Pa
302,21400,break,high,short_line,0.33,24,72,die sehr bedeutend sind.,neuntens ist eine Vollmacht ausgestellt die Olesnicer Erbpächter zu zw
302,21404,run,review,short_line,0.52,38,72,weit ausgethan werden können. Auch ist,Zehntens Eine Vollmacht an H. Hawich zur Betreibung aller Gränzs[?]-Pr
302,21416,break,high,short_line,0.15,11,72,abzuführen.,"dreyzehentens Und endlich, iſt Hawich noch eine Vollmacht ausgefertigt"
302,21427,break,high,short_line,0.57,41,72,Sache von Zeit zu Zeit treulich erhalten.,Ehrfurchtsvoll ersterbe ich
302,21428,break,high,short_line+column,0.37,27,72,Ehrfurchtsvoll ersterbe ich,Ewr Hochfürstl. Durchlaucht
302,21429,break,high,short_line+column,0.37,27,72,Ewr Hochfürstl. Durchlaucht,treu gehorsamster Diener
302,21430,break,high,short_line+column,0.33,24,72,treu gehorsamster Diener,v Triebenfeld
303,21435,break,high,rubric,0.95,38,40,",Kapital Forderungen,Rthl,g,d,Rthl,g,d","1,Der ehemalige Küchenmeister Kuch,100,,,""5,050"",,"
303,21436,break,high,rubric,1.25,50,40,"1,Der ehemalige Küchenmeister Kuch,100,,,""5,050"",,","2,Geheimetzath Strahlen zu Wallerstein,,,,""2,666"",16,"
303,21437,break,high,rubric,1.32,53,40,"2,Geheimetzath Strahlen zu Wallerstein,,,,""2,666"",16,","3,die v Sobottendorffischen Erben.,,,,""44,200"",,"
303,21438,break,high,rubric,1.2,48,40,"3,die v Sobottendorffischen Erben.,,,,""44,200"",,","4,die Fr. Gräfen Hoym geb. v Tauenzien,,,,""5,000"",,"
303,21439,break,high,rubric,1.27,51,40,"4,die Fr. Gräfen Hoym geb. v Tauenzien,,,,""5,000"",,","5,Der H. v. Feannert[?],,,,200,,"
303,21440,break,high,rubric,0.8,32,40,"5,Der H. v. Feannert[?],,,,200,,","6,Der H. v. Czarnetzki,,,,400,,"
303,21441,break,high,rubric,0.78,31,40,"6,Der H. v. Czarnetzki,,,,400,,","7,Der Sattler Gleisberger zu Potsdam,,,,64,,"
303,21442,break,high,rubric,1.1,44,40,"7,Der Sattler Gleisberger zu Potsdam,,,,64,,","8,Der H. v. Bornstädt,,,,""5,000"",,"
303,21443,break,high,rubric,0.85,34,40,"8,Der H. v. Bornstädt,,,,""5,000"",,","9,Der schlossen Rass,,,,""2,370"",,"
303,21444,break,high,rubric,0.82,33,40,"9,Der schlossen Rass,,,,""2,370"",,","10,Der Tischler Schick,,,,""3,400"",,"
303,21445,break,high,rubric,0.88,35,40,"10,Der Tischler Schick,,,,""3,400"",,","11,Der H. v. Kluge,,,,""3,000"",,"
303,21446,break,high,rubric,0.78,31,40,"11,Der H. v. Kluge,,,,""3,000"",,","12,Der Franz Apfelfeld in Ujest,,,,310,,"
303,21447,break,high,rubric,1.0,40,40,"12,Der Franz Apfelfeld in Ujest,,,,310,,","13,Der ehm: Tafeldesker Deuser,,,,200,,"
303,21448,break,high,rubric,0.97,39,40,"13,Der ehm: Tafeldesker Deuser,,,,200,,","14,Der Oberförster Krippendorff,,,,""3,700"",,"
303,21449,break,high,rubric,1.1,44,40,"14,Der Oberförster Krippendorff,,,,""3,700"",,","15,Der p. Jung zu Benshausen,""3,635"",,,,,"
303,21450,break,high,rubric,1.02,41,40,"15,Der p. Jung zu Benshausen,""3,635"",,,,,","16,Der p. Lombardini +,,,,,,"
303,21453,break,high,rubric,1.0,42,42,"17,Die Judin Golde in Breslau,,,,""6,000"",,","18,der Herrenmirth Köber in Ansbach,,,,319,12,"
303,21454,break,high,rubric,1.1,46,42,"18,der Herrenmirth Köber in Ansbach,,,,319,12,","19,Fr. Bergräthin Bernhardi in Breslau,,,,,,"
303,21455,break,high,rubric,1.05,44,42,"19,Fr. Bergräthin Bernhardi in Breslau,,,,,,","20,Erben des Label Joseph Levin,,,,""13,275"",,"
303,21456,break,high,rubric,1.07,45,42,"20,Erben des Label Joseph Levin,,,,""13,275"",,","21,Grafen von Lichtenau,250,,,,,"
303,21457,break,high,rubric,0.76,32,42,"21,Grafen von Lichtenau,250,,,,,","22,Fr. Charlotte von Triebenfeld,,,,""112,000"",,"
303,21458,break,high,rubric,1.12,47,42,"22,Fr. Charlotte von Triebenfeld,,,,""112,000"",,","23,Hoffrath Hahn,,,,,,"
303,21459,break,high,rubric,0.52,22,42,"23,Hoffrath Hahn,,,,,,","24,Wirthschafterin Hoffmann,,,,,,"
303,21460,break,high,rubric,0.79,33,42,"24,Wirthschafterin Hoffmann,,,,,,","25,Fraube & Schlesinger in Ujest.,,,,""2,978"",18,"
303,21461,break,high,rubric,1.14,48,42,"25,Fraube & Schlesinger in Ujest.,,,,""2,978"",18,","26,Goldstücker,,,,""170,000"",,"
303,21462,break,high,rubric,0.69,29,42,"26,Goldstücker,,,,""170,000"",,","27,Helempner Schweizhoffers Wittwe,,,,90,,"
303,21463,break,high,rubric,1.0,42,42,"27,Helempner Schweizhoffers Wittwe,,,,90,,","28,Joh. Eleon: Pedell in Carlsruhe,,,,""4,000"",,"
303,21464,break,high,rubric,1.12,47,42,"28,Joh. Eleon: Pedell in Carlsruhe,,,,""4,000"",,","29,H Graf v. Pückler,,,,,,"
303,21465,break,high,rubric,0.62,26,42,"29,H Graf v. Pückler,,,,,,","30,Fleischer Rilitzer in Schlawenschitz,,,,""1,188"",13,"
303,21466,break,high,rubric,1.29,54,42,"30,Fleischer Rilitzer in Schlawenschitz,,,,""1,188"",13,","31,H von Delitz,,,,300,,"
303,21467,break,high,rubric,0.57,24,42,"31,H von Delitz,,,,300,,","32,Mendels Wittwe in Frankfurt a.m.,,,,483,12,"
303,21468,break,high,rubric,1.1,46,42,"32,Mendels Wittwe in Frankfurt a.m.,,,,483,12,","33,Burghards Wittwe in Erfurt,,,,,,"
303,21469,break,high,rubric,0.83,35,42,"33,Burghards Wittwe in Erfurt,,,,,,","34,Chirurgus Sternitzky,,,,222,21,6"
303,21470,break,high,rubric,0.83,35,42,"34,Chirurgus Sternitzky,,,,222,21,6","35,Dorrs Wittwe in Griesbach.,,,,342,20,"
303,21473,break,high,rubric,1.4,51,36,"36,Der ehemaliger Kammerdiener Günther,,,,""1,342"",,","37,Pfarrer in Schlawenschitz,,,,300,,"
303,21474,break,high,rubric,1.01,37,36,"37,Pfarrer in Schlawenschitz,,,,300,,","38,Schoen in Jacobswalde,,,,800,,"
303,21475,break,high,rubric,0.9,33,36,"38,Schoen in Jacobswalde,,,,800,,","39,Lieutenant Ludwig in Breslau,,,,""11,200"",,"
303,21476,break,high,rubric,1.23,45,36,"39,Lieutenant Ludwig in Breslau,,,,""11,200"",,","40,Förster Palemba Wittwe,,,,""1,114"",6,10"
303,21477,break,high,rubric,1.12,41,36,"40,Förster Palemba Wittwe,,,,""1,114"",6,10","41,Maxiliano von Holly in Munster,,,,300,,"
303,21478,break,high,rubric,1.15,42,36,"41,Maxiliano von Holly in Munster,,,,300,,","42,Kaufmann Giesche in Breslau,,,,850,,"
303,21479,break,high,rubric,1.07,39,36,"42,Kaufmann Giesche in Breslau,,,,850,,","43,Kaufmann Focke,""10,000"",,,,,"
303,21480,break,high,rubric,0.85,31,36,"43,Kaufmann Focke,""10,000"",,,,,","44,Abraham Hirsch Schweizer,,,,400,,"
303,21481,break,high,rubric,0.99,36,36,"44,Abraham Hirsch Schweizer,,,,400,,","45,Coffetur Krause in Scheitnich,,,,142,18,11"
303,21482,break,high,rubric,1.23,45,36,"45,Coffetur Krause in Scheitnich,,,,142,18,11","46,Oberamtmann Koenig,,,,""3,000"",,"
303,21483,break,high,rubric,0.93,34,36,"46,Oberamtmann Koenig,,,,""3,000"",,","47,Barter Gluttmann,,,,""2,103"",13,9"
303,21484,break,high,rubric,0.96,35,36,"47,Barter Gluttmann,,,,""2,103"",13,9","48,Fleischer Schumann,,,,""8,966"",4,11"
303,21485,break,high,rubric,1.01,37,36,"48,Fleischer Schumann,,,,""8,966"",4,11","49,Werner & Comp,,,,""1,983"",,"
303,21486,break,high,rubric,0.79,29,36,"49,Werner & Comp,,,,""1,983"",,","50,Loebel Fraenkel,,,,""4,000"",,"
303,21487,break,high,rubric,0.85,31,36,"50,Loebel Fraenkel,,,,""4,000"",,","51,Oberamtmann Koehler,,,,""1,327"",2,"
303,21488,break,high,rubric,0.99,36,36,"51,Oberamtmann Koehler,,,,""1,327"",2,","52,Freihabers Minorenne,,,,""1,222"",20,11"
303,21489,break,high,rubric,1.1,40,36,"52,Freihabers Minorenne,,,,""1,222"",20,11","53,Hofagent E Heimann,,,,""8,000"",,"
303,21490,break,high,rubric,0.93,34,36,"53,Hofagent E Heimann,,,,""8,000"",,","54,H Carl v Stoessel,,,,""191,000"",,"
303,21493,break,high,rubric,1.12,36,32,"55,Hr. Sigismund v Stoessel,,,,100,,","56,K. S. Mützel,,,,650,,"
303,21494,break,high,rubric,0.75,24,32,"56,K. S. Mützel,,,,650,,","57,Major v. Sak,,,,500,,"
303,21495,break,high,rubric,0.75,24,32,"57,Major v. Sak,,,,500,,","58,v. Zerboni,,,,""1,000"",,"
303,21496,break,high,rubric,0.81,26,32,"58,v. Zerboni,,,,""1,000"",,","59,Lieutenant Gas,,,,500,,"
303,21497,break,high,rubric,0.81,26,32,"59,Lieutenant Gas,,,,500,,","60,Infiz. Franz. Meyer,,,,,,"
303,21498,break,high,rubric,0.88,28,32,"60,Infiz. Franz. Meyer,,,,,,","61,der Wittwe Brosemann,,,,300,,"
303,21499,break,high,rubric,1.0,32,32,"61,der Wittwe Brosemann,,,,300,,","62,dem J. K[?]. R. Brasfert,,,,,,"
303,21500,break,high,rubric,1.03,33,32,"62,dem J. K[?]. R. Brasfert,,,,,,","63,den Kaufmann Schmidts Erben.,,,,""15,500"",,"
303,21501,break,high,rubric,1.41,45,32,"63,den Kaufmann Schmidts Erben.,,,,""15,500"",,","64,der p Über,,,,449,,"
303,21502,break,high,rubric,0.69,22,32,"64,der p Über,,,,449,,","65,Major von Münchow,,,,600,,"
303,21503,break,high,rubric,0.91,29,32,"65,Major von Münchow,,,,600,,","66,Der verwitt. Fr. Oberst. Brehmer.,,,,""5,000"",,"
303,21504,break,high,rubric,1.53,49,32,"66,Der verwitt. Fr. Oberst. Brehmer.,,,,""5,000"",,","67,der Gärtner Nickel,,,,341,19,"
303,21505,break,high,rubric,1.0,32,32,"67,der Gärtner Nickel,,,,341,19,","68,den Tagezier Elsnerschen Erben,,,,834,10,"
303,21506,break,high,rubric,1.38,44,32,"68,den Tagezier Elsnerschen Erben,,,,834,10,","69,den Sattler Hennig,,,,671,20,6"
303,21507,break,high,rubric,1.03,33,32,"69,den Sattler Hennig,,,,671,20,6","70,dem Sigesm. p. Stoesselschen Curator,,,,""169,400"",,"
303,21508,break,high,rubric,1.69,54,32,"70,dem Sigesm. p. Stoesselschen Curator,,,,""169,400"",,","71,J[ustiz]. C[ommissarius]. Panz für Zerboni,,,,""4,974"",,"
303,21511,break,high,rubric,1.04,41,40,"72,Dem Haufmann Schlipalius,,,,""22,808"",,","73,Banquier Frank,,,,""4,079"",11,"
303,21512,break,high,rubric,0.81,32,40,"73,Banquier Frank,,,,""4,079"",11,","74,Abraham Hirschel,,,,""5,079"",16,"
303,21513,break,high,rubric,0.86,34,40,"74,Abraham Hirschel,,,,""5,079"",16,","75,den Zingerschen Erben.,,,,""4,000"",,"
303,21514,break,high,rubric,0.96,38,40,"75,den Zingerschen Erben.,,,,""4,000"",,","76,dem stöpfen Bettner,,,,342,5,7"
303,21515,break,high,rubric,0.84,33,40,"76,dem stöpfen Bettner,,,,342,5,7","77,Den v Köckritzschen Erben,,,,""50,000"",,"
303,21516,break,high,rubric,1.06,42,40,"77,Den v Köckritzschen Erben,,,,""50,000"",,","78,der Gebrüder Gottheimer,,,,""16,237"",2,6"
303,21517,break,high,rubric,1.06,42,40,"78,der Gebrüder Gottheimer,,,,""16,237"",2,6","79,Meyer Herz Cohn,,,,""1,200"",,"
303,21518,break,high,rubric,0.78,31,40,"79,Meyer Herz Cohn,,,,""1,200"",,","80,Valentin Jung in Brenzhausen.,,,,,,"
303,21519,break,high,rubric,0.96,38,40,"80,Valentin Jung in Brenzhausen.,,,,,,","81,Kaufmauer Lampe sehr Con.e. Masse,,,,""7,066"",10,6"
303,21520,break,high,rubric,1.32,52,40,"81,Kaufmauer Lampe sehr Con.e. Masse,,,,""7,066"",10,6","82,der Fiscus,,,,""35,000"",,"
303,21521,break,high,rubric,0.68,27,40,"82,der Fiscus,,,,""35,000"",,","83,Kaufmann Barnheim in Berlin,,,,""76,791"",,"
303,21522,break,high,rubric,1.11,44,40,"83,Kaufmann Barnheim in Berlin,,,,""76,791"",,","84,die Eichterschen Minorennen,,,,864,16,"
303,21523,break,high,rubric,1.04,41,40,"84,die Eichterschen Minorennen,,,,864,16,","85,den J[ustiz]. C[ommissarius]. Müller,,,,10,16,2"
303,21524,break,high,rubric,1.27,50,40,"85,den J[ustiz]. C[ommissarius]. Müller,,,,10,16,2","86,J[ustiz]. Com[missarius]. Münezer,75,,,50,,"
303,21525,break,high,rubric,1.16,46,40,"86,J[ustiz]. Com[missarius]. Münezer,75,,,50,,","87,Kaufmann Weinhold,,,,291,8,"
303,21526,break,high,rubric,0.76,30,40,"87,Kaufmann Weinhold,,,,291,8,","88,der verw. Kaufmann Adolph,,,,333,8,"
303,21529,break,high,rubric,1.42,64,45,"89,der Kauf: Gold und Silber Manufactur in Breslau,,,,""1,188","90,Dem J[ustiz]. C[ommissarius]. Dzeieba,,,,593,,"
303,21530,break,high,rubric,1.09,49,45,"90,Dem J[ustiz]. C[ommissarius]. Dzeieba,,,,593,,","91,der Mendel Oettingerschen Masse,,,,""1,800"",,"
303,21531,break,high,rubric,1.04,47,45,"91,der Mendel Oettingerschen Masse,,,,""1,800"",,","92,verw. Stiftkanzler Homuth,,,,""1,000"",,"
303,21532,break,high,rubric,0.91,41,45,"92,verw. Stiftkanzler Homuth,,,,""1,000"",,","93,Der Fraußmann Fauk,,,,""1,794"",17,8"
303,21533,break,high,rubric,0.82,37,45,"93,Der Fraußmann Fauk,,,,""1,794"",17,8","94,Geheimer Rath Strehn,,,,""2,666"",16,"
303,21534,break,high,rubric,0.84,38,45,"94,Geheimer Rath Strehn,,,,""2,666"",16,","95,den Präsident Seidlitzschen Erben,,,,""30,000"",,"
303,21535,break,high,rubric,1.11,50,45,"95,den Präsident Seidlitzschen Erben,,,,""30,000"",,","96,dem Frankner Lazarus Schlesinger in Frankfurt a/M.,,,,""2,000"",,"
303,21536,break,high,rubric,1.47,66,45,"96,dem Frankner Lazarus Schlesinger in Frankfurt a/M.,,,,""2,","97,Justitiarius Witinsky,,,,764,,"
303,21537,break,high,rubric,0.73,33,45,"97,Justitiarius Witinsky,,,,764,,","98,Jude Mattersdorff,,,,600,,"
303,21538,break,high,rubric,0.64,29,45,"98,Jude Mattersdorff,,,,600,,","99,Der v d Brelingschen Handlung in Dresden,,,,""19,000"",,"
303,21539,break,high,rubric,1.27,57,45,"99,Der v d Brelingschen Handlung in Dresden,,,,""19,000"",,","100,Buchhandlung W. G. Korn,,,,""1,071"",21,3"
303,21540,break,high,rubric,0.96,43,45,"100,Buchhandlung W. G. Korn,,,,""1,071"",21,3","101,Kaufmann Bauditz in Frankfurth a/O.,,,,""6,000"",,"
303,21541,break,high,rubric,1.16,52,45,"101,Kaufmann Bauditz in Frankfurth a/O.,,,,""6,000"",,","102,Negotiant Zadik,,,,""8,250"",,"
303,21542,break,high,rubric,0.71,32,45,"102,Negotiant Zadik,,,,""8,250"",,","103,dem Mr. R. Prubrechtischen Erben.,,,,""9,400"",,"
303,21545,break,high,rubric,1.42,61,43,"104,dem Baugnur Meyer Bernhard Frankfurth a/od.,,,,""12,000"",","105,H v Rothkirch,,,,""10,000"",,"
303,21546,break,high,rubric,0.72,31,43,"105,H v Rothkirch,,,,""10,000"",,","106,Hertschmer Hein in Breslau,,,,""165,000"",,"
303,21547,break,high,rubric,1.05,45,43,"106,Hertschmer Hein in Breslau,,,,""165,000"",,","107,der Ges. Schlabrendorffschen Erben,,,,""35,000"",,"
303,21548,break,high,rubric,1.21,52,43,"107,der Ges. Schlabrendorffschen Erben,,,,""35,000"",,","108,dem stehender Diet in Brieg,,,,""1,000"",,"
303,21549,break,high,rubric,1.02,44,43,"108,dem stehender Diet in Brieg,,,,""1,000"",,","109,dem stehender Binek,,,,""4,500"",,"
303,21550,break,high,rubric,0.84,36,43,"109,dem stehender Binek,,,,""4,500"",,","110,Den v. Zimetzkyschen Erben.,,,,""12,000"",,"
303,21551,break,high,rubric,1.05,45,43,"110,Den v. Zimetzkyschen Erben.,,,,""12,000"",,","111,der Dok. Schindlerschen Testarius Executorié,,,,693,8,"
303,21552,break,high,rubric,1.35,58,43,"111,der Dok. Schindlerschen Testarius Executorié,,,,693,8,","112,Dok. Michaelis in Breslau,,,,""5,000"",,"
303,21553,break,high,rubric,0.98,42,43,"112,Dok. Michaelis in Breslau,,,,""5,000"",,","113,Banquier Ottenſoser,.,,,601,9,"
303,21554,break,high,rubric,0.79,34,43,"113,Banquier Ottenſoser,.,,,601,9,","114,Johann Hoffmann.,,,,""2,000"",,"
303,21555,break,high,rubric,0.77,33,43,"114,Johann Hoffmann.,,,,""2,000"",,","115,Baron v Hénneberg,,,,""1,354"",,"
303,21556,break,high,rubric,0.79,34,43,"115,Baron v Hénneberg,,,,""1,354"",,","116,Kaufmann Koppan in Breslau,,,,""80,000"",,"
303,21557,break,high,rubric,1.02,44,43,"116,Kaufmann Koppan in Breslau,,,,""80,000"",,","117,Guthsbesitzer Schindler.,,,,""1,000"",,"
303,21558,break,high,rubric,0.95,41,43,"117,Guthsbesitzer Schindler.,,,,""1,000"",,","118,der Handlung Maper und Scholtz,""3,464"",,,,,"
303,21561,break,high,rubric,1.33,44,33,"119,Dem Major Friedr: v. Koopf,,,,""15,000"",,","120,Zimmermeister Krause,,,,629,21,9"
303,21562,break,high,rubric,1.09,36,33,"120,Zimmermeister Krause,,,,629,21,9","121,Baugerin Kohn,,,,""2,000"",,"
303,21563,break,high,rubric,0.91,30,33,"121,Baugerin Kohn,,,,""2,000"",,","122,den Fehr v. Lanschen Erben,,,,,,"
303,21564,break,high,rubric,1.09,36,33,"122,den Fehr v. Lanschen Erben,,,,,,","123,den Kaufmann Benthan,350,,,,,"
303,21565,break,high,rubric,1.0,33,33,"123,den Kaufmann Benthan,350,,,,,","124,Weigel und Sohn,,,,""2,510"",,"
303,21566,break,high,rubric,0.97,32,33,"124,Weigel und Sohn,,,,""2,510"",,","125,Mendel Panofskaschen Curatel,,,,""1,000"",,"
303,21567,break,high,rubric,1.36,45,33,"125,Mendel Panofskaschen Curatel,,,,""1,000"",,","126,v. Rechthoffschen Erben,,,,,,"
303,21568,break,high,rubric,1.0,33,33,"126,v. Rechthoffschen Erben,,,,,,","127,Kaufmann Molinari,,,,""5,199"",10,"
303,21569,break,high,rubric,1.09,36,33,"127,Kaufmann Molinari,,,,""5,199"",10,","128,Förster Nerlech,,,,335,,"
303,21570,break,high,rubric,0.85,28,33,"128,Förster Nerlech,,,,335,,","129,Glester Friedrich,,,,119,2,"
303,21571,break,high,rubric,0.94,31,33,"129,Glester Friedrich,,,,119,2,","130,Schneider Siebert,,,,155,18,"
303,21574,break,high,rubric,0.99,36,36,"131,Dem Schmidt Gümmler,,,,""1,108"",,","132,dem Zimmermeister Linneschen Erben,,,,""1,625"",2,4"
303,21575,break,high,rubric,1.45,53,36,"132,dem Zimmermeister Linneschen Erben,,,,""1,625"",2,4","133,dem Klempner Fürst,,,,339,22,"
303,21576,break,high,rubric,0.9,33,36,"133,dem Klempner Fürst,,,,339,22,","134,dem Freiherrn von Eichendorff,,,,""3,333"",,"
303,21577,break,high,rubric,1.26,46,36,"134,dem Freiherrn von Eichendorff,,,,""3,333"",,","135,der Oberlandes Gerichts Sporte Casse,,,,""1,140"",2,"
303,21578,break,high,rubric,1.48,54,36,"135,der Oberlandes Gerichts Sporte Casse,,,,""1,140"",2,","136,dem Moses Bawitscher,,,,""1,200"",,"
303,21579,break,high,rubric,1.01,37,36,"136,dem Moses Bawitscher,,,,""1,200"",,","137,der Witwe Müller,,,,97,,"
303,21580,break,high,rubric,0.77,28,36,"137,der Witwe Müller,,,,97,,","138,der Ober Post Director Scheffler,,,,""1,526"",7,10"
303,21581,break,high,rubric,1.42,52,36,"138,der Ober Post Director Scheffler,,,,""1,526"",7,10","139,Der Wittwe Lordemann,,,,,,"
303,21582,break,high,rubric,0.82,30,36,"139,Der Wittwe Lordemann,,,,,,","140,verehelichten Herzog,,,,,,"
303,21583,break,high,rubric,0.82,30,36,"140,verehelichten Herzog,,,,,,","141,Der Glaser Stark,,,,,,"
303,21584,break,high,rubric,0.71,26,36,"141,Der Glaser Stark,,,,,,","142,der Handlung Ziepult & Sohn,,,,,,"
