letter,pad,page,kind,german,english,note,ruling
1,001,1,name-check,,Tilsetter Frieden,name reported in the English is not in the German,
1,001,1,unmarked-in-german,1 marked,3 marked,the translator marked doubt where the German marks none - candidate silent transcription corruption,
1,001,1,emendation-degrades,Vnß land,Rußland,"In the list ""Österreich, ...land und Preußen"" concerning Saxony and Poland, Russia is the expected third power; Kurrent R/V and u/n confusions would produce thi",
1,001,1,emendation-uncertain,Kurz Mandatarius,Cosmarsche Mandatarius (?),"""Kurz"" may be a personal name or a misreading; unsettled, so left as transcribed.",
1,001,1,emendation-uncertain,Curl Erben,Cur[ländische]? / a family name,"""Curl"" is not otherwise attested in this letter; left as transcribed.",
1a,001a,1,unmarked-in-german,0 marked,2 marked,the translator marked doubt where the German marks none - candidate silent transcription corruption,
1a,001a,1,marker-check,,2 present,model reported 4 markers but emitted 2,
1a,001a,1,emendation-uncertain,Lebensest,Lebens Rest / allerunterthänigst,"Non-word; possibly a garbled adverbial or ""Rest"" of a formula.",
1a,001a,1,emendation-uncertain,Blad,Blut / Loos,"Non-word; ""das Loos des armen Fürsten"" (the lot of the poor Prince) is the expected object of ""lindern"".",
1a,001a,1,emendation-uncertain,Trąbcziner,Trąbczyner / Trębcziner,Place name in the Koniner district; spelling unverified — carried as transcribed.,
2,002,1,emendation-degrades,gehen Staats Stage mann,Geh. Staats Rath Stägemann,the same official is named 'Geh. Staats Rath Stägemann' on page 2,
2,002,2,unmarked-in-german,0 marked,1 marked,the translator marked doubt where the German marks none - candidate silent transcription corruption,
2,002,2,emendation-uncertain,Schreitwillen,Schneidersgesellen / Schreiberwillen,wholly conjectural; flagged only to record that the word is corrupt,
2,002,3,name-check,Sachßen,,name in the German is absent from the English,
2,002,3,unmarked-in-german,0 marked,4 marked,the translator marked doubt where the German marks none - candidate silent transcription corruption,
2,002,3,marker-check,,4 present,model reported 3 markers but emitted 4,
2,002,3,emendation-uncertain,Näße,Rußsche / Russische,"the Empress travelling to Carlsruhe to her mother suits Elisabeth Alexeievna, consort of the Russian Emperor; R/N confusion",
2,002,3,emendation-uncertain,verstatt,verstellt / unter der Decke,conjectural only; recorded to mark the corruption,
2,002,4,glossary-mismatch,Cammer,Chamber,termbase rendering not found in the English,
2,002,4,emendation-degrades,Wun den 9ten Febr. 1815,Wien den 9ten Febr. 1815,the letter is written at Vienna; 'Wun' is presumably a misreading of 'Wien',
3,003,1,unmarked-in-german,0 marked,3 marked,the translator marked doubt where the German marks none - candidate silent transcription corruption,
3,003,1,glossary-mismatch,Gulden,gulden,termbase rendering not found in the English,
3,003,2,unmarked-in-german,0 marked,3 marked,the translator marked doubt where the German marks none - candidate silent transcription corruption,
3,003,2,emendation-uncertain,nicht aprin,nicht a prima / nicht in Papieren,the contrast with cash and with landed property suggests securities or paper,
4,004,1,name-check,,Phelipsborn,name reported in the English is not in the German,
4,004,1,unmarked-in-german,0 marked,5 marked,the translator marked doubt where the German marks none - candidate silent transcription corruption,
4,004,1,marker-check,,5 present,model reported 4 markers but emitted 5,
4,004,1,emendation-uncertain,dritchene Pläne,dritte(?) Plane / leinene Plane,'Plane' = waggon-tilt; the adjective 'dritchene' is not German.,
4,004,2,name-check,,J. Augeit,name reported in the English is not in the German,
4,004,2,unmarked-in-german,0 marked,6 marked,the translator marked doubt where the German marks none - candidate silent transcription corruption,
4,004,2,marker-check,,6 present,model reported 4 markers but emitted 6,
4,004,2,emendation-uncertain,Eufrchn,Fuhre / Kutsche,context requires a conveyance with 2 horses.,
4,004,2,emendation-uncertain,die Damm,die Dämme / die Damen,unclear whether persons ('the ladies') or a place is meant.,
4,004,2,emendation-uncertain,J Augeit,J. Augustin(?),name-form implausible as transcribed.,
4,004,3,unmarked-in-german,0 marked,2 marked,the translator marked doubt where the German marks none - candidate silent transcription corruption,
5,005,1,unmarked-in-german,0 marked,1 marked,the translator marked doubt where the German marks none - candidate silent transcription corruption,
5,005,1,marker-check,,1 present,model reported 2 markers but emitted 1,
5,005,1,emendation-uncertain,Smiedecki,Śmiedecki / Niemojewski?,"Prefect of Kalisz; the name may be corrupted, but no confident restoration is offered.",
5,005,2,unmarked-in-german,0 marked,1 marked,the translator marked doubt where the German marks none - candidate silent transcription corruption,
5,005,2,emendation-uncertain,Betscher,Betscher (place or personal name) — possibly 'Betsche',Name unverified; carried as transcribed.,
6,006,1,unmarked-in-german,1 marked,5 marked,the translator marked doubt where the German marks none - candidate silent transcription corruption,
6,006,1,emendation-degrades,diese Itali besten,diese Italiäner,"""besten"" may be part of ""am besten hinderlich""; reading uncertain",
6,006,2,unmarked-in-german,0 marked,8 marked,the translator marked doubt where the German marks none - candidate silent transcription corruption,
6,006,2,marker-check,,8 present,model reported 6 markers but emitted 8,
6,006,2,emendation-uncertain,kopillen Räthe,Kanzley-Räthe or Kammer-Räthe,plausible official titles; unsettled,
6,006,3,emendation-uncertain,Beugelin,Beuglin / Bäuerlein,"corrupted personal name, reading unsettled",
8,008,1,unmarked-in-german,0 marked,5 marked,the translator marked doubt where the German marks none - candidate silent transcription corruption,
8,008,1,marker-check,,5 present,model reported 3 markers but emitted 5,
8,008,1,emendation-degrades,die Wärmer müßen zu erhängern,die Wärmer müßen zu erhalten [seyn],"""erhalten"" (to maintain) fits a passage about paying for the children's keep; ""erhängern"" is not a word.",
8,008,1,emendation-degrades,kurischen Mandatarius,Curzischen Mandatarius,"Probably the same person as the ""Curz Mandatarius"" named earlier.",
10,010,1,unmarked-in-german,0 marked,2 marked,the translator marked doubt where the German marks none - candidate silent transcription corruption,
10,010,2,unmarked-in-german,0 marked,1 marked,the translator marked doubt where the German marks none - candidate silent transcription corruption,
10,010,2,glossary-mismatch,Wien,Vienna,termbase rendering not found in the English,
11,011,1,name-check,Sachßen,,name in the German is absent from the English,
11,011,1,name-check,,Triebenfeld,name reported in the English is not in the German,
11,011,1,unmarked-in-german,0 marked,2 marked,the translator marked doubt where the German marks none - candidate silent transcription corruption,
11,011,1,glossary-mismatch,Wechsel,bill of exchange,termbase rendering not found in the English,
11,011,1,emendation-degrades,Churp.,Churpfälzische(n),"Abbreviation with a point; probably 'Churpfälzisch' (Electoral Palatine), but not settled.",
11,011,1,emendation-degrades,10 oder 12 Rthl,10 oder 12 000 Rthl,The parallel clause names 6000 Rthl; the figure as written is implausibly small. Figure left exactly as transcribed.,
11,011,2,unmarked-in-german,0 marked,5 marked,the translator marked doubt where the German marks none - candidate silent transcription corruption,
11,011,2,marker-check,,5 present,model reported 4 markers but emitted 5,
11,011,2,emendation-degrades,Sahkin,Sagan,The 'old Princess of Sagan' fits a Hardenberg-adjacent inheritance context; the reading is however not settled.,
11,011,2,emendation-uncertain,Starben,Starke / Stärke,"Reads as a personal name of a creditor; the form 'Starben' is otherwise the infinitive 'to die', which does not fit.",
11,011,3,unmarked-in-german,0 marked,2 marked,the translator marked doubt where the German marks none - candidate silent transcription corruption,
11,011,3,emendation-degrades,Gt. Cab. Secret,Geh. Cab. Secret. (Geheimer Cabinets-Secretär),'Geh.' for 'geheim' is the usual abbreviation; 'Gt.' is likely a misread 'Geh.',
11,011,3,emendation-uncertain,einzerhoben,einverleiben / einzuheben,Neither reading is settled; the sense may be that Murat wishes to draw the King of Saxony over to Napoleon.,
12,012,1,unmarked-in-german,0 marked,1 marked,the translator marked doubt where the German marks none - candidate silent transcription corruption,
12,012,1,emendation-degrades,f. August,Fürst August,'f.' expanded as the abbreviation for Fürst; left as 'Prince August' in the translation but the expansion is conjectural — it could equally be 'Fräulein' or a s,
13,013,1,unmarked-in-german,0 marked,3 marked,the translator marked doubt where the German marks none - candidate silent transcription corruption,
13,013,1,marker-check,,3 present,model reported 2 markers but emitted 3,
13,013,1,glossary-mismatch,Gulden,gulden,termbase rendering not found in the English,
13,013,1,emendation-degrades,Koachenten / Korchentin / Koschentin,"Koschentin (Koschentin, Upper Silesia) throughout",Three spellings within four lines almost certainly denote one place; not folded into the translation.,
13,013,1,emendation-degrades,Bürben / Barben / Barbe,"one single name, probably Barbe",Page 2 has 'Barbe' twice; the page 1 forms are likely the same person.,
13,013,1,emendation-uncertain,die Elle gutes mittel Tuch kostet über 60 Rthl,possibly 6 Rthl or 60 fl.,60 Rthl per ell is implausibly high against a total of 183 Rthl; figure carried across unchanged as instructed.,
13,013,2,unmarked-in-german,0 marked,5 marked,the translator marked doubt where the German marks none - candidate silent transcription corruption,
13,013,2,marker-check,,5 present,model reported 4 markers but emitted 5,
14,014,1,unmarked-in-german,0 marked,5 marked,the translator marked doubt where the German marks none - candidate silent transcription corruption,
14,014,1,marker-check,,5 present,model reported 4 markers but emitted 5,
14,014,1,emendation-uncertain,Völlehr,Rückkehr / Vollzug,The clause needs a noun such as 'return' to complete 'bis auch der ... aus Wien [erfolgt ist]'.,
14,014,1,emendation-degrades,Cremne,unresolved,Appears to be a personal name or office corrupted; possibly related to 'Cosmar' named just below.,
15,015,1,unmarked-in-german,0 marked,1 marked,the translator marked doubt where the German marks none - candidate silent transcription corruption,
15,015,1,marker-check,,1 present,model reported 2 markers but emitted 1,
15,015,1,glossary-mismatch,Gulden,gulden,termbase rendering not found in the English,
15,015,1,emendation-uncertain,Fürstin Sahhin,Fürstin Sophie(?) / a Kurrent misreading of the Princess's name,"""Sahhin"" is not a plausible German name form; the transcription of the doubled letters is unstable.",
15,015,2,unmarked-in-german,0 marked,1 marked,the translator marked doubt where the German marks none - candidate silent transcription corruption,
15,015,2,emendation-degrades,Stößel,a person previously named in the correspondence,"The reference to ""a sequel to Stößel"" presumably alludes to a known case (possibly a suicide); the name may be corrupt.",
15,015,3,unmarked-in-german,0 marked,3 marked,the translator marked doubt where the German marks none - candidate silent transcription corruption,
16,016,1,unmarked-in-german,0 marked,2 marked,the translator marked doubt where the German marks none - candidate silent transcription corruption,
16,016,1,glossary-mismatch,Wechsel,bill of exchange,termbase rendering not found in the English,
16,016,1,emendation-uncertain,Harum,Sachsen (?) / a place-name,'Harum' as an object of contention at the Congress is more likely a corrupted territorial name; left as transcribed,
16,016,1,emendation-degrades,Herrn Obristlieutnant u Thiel ... dH. B v Thule,one and the same name,the same officer appears to be named twice with different spellings within one paragraph; one of the two is corrupt,
16,016,2,unmarked-in-german,0 marked,3 marked,the translator marked doubt where the German marks none - candidate silent transcription corruption,
16,016,2,emendation-uncertain,Unfäng möcht ich werden,Unfähig möcht ich werden / Anhänger möcht ich werden,undetermined; flagged rather than repaired,
17,017,1,unmarked-in-german,0 marked,1 marked,the translator marked doubt where the German marks none - candidate silent transcription corruption,
17,017,1,emendation-degrades,v. Choma nowski,v. Chomanowski,Word split across a line break; the same name appears joined later on the page.,
17,017,2,unmarked-in-german,0 marked,1 marked,the translator marked doubt where the German marks none - candidate silent transcription corruption,
17,017,2,marker-check,,1 present,model reported 2 markers but emitted 1,
17,017,3,unmarked-in-german,0 marked,2 marked,the translator marked doubt where the German marks none - candidate silent transcription corruption,
17,017,3,marker-check,,2 present,model reported 3 markers but emitted 2,
17,017,4,unmarked-in-german,0 marked,3 marked,the translator marked doubt where the German marks none - candidate silent transcription corruption,
17,017,4,marker-check,,3 present,model reported 4 markers but emitted 3,
17,017,4,emendation-uncertain,Grünval Departements,Gouvernemental-Departements (?),"""Grünval"" is not a plausible French departmental name; likely a corrupted transcription, but no reading can be settled.",
18,018,1,unmarked-in-german,0 marked,1 marked,the translator marked doubt where the German marks none - candidate silent transcription corruption,
18,018,1,emendation-uncertain,Collé,?,Unidentified; could be a corrupted place-name or a French word. Left as transcribed.,
18,018,3,unmarked-in-german,0 marked,1 marked,the translator marked doubt where the German marks none - candidate silent transcription corruption,
18,018,3,emendation-uncertain,Skokum,Skoków / Skokom,Village-name endings in -um are unusual in this district; possibly a Kurrent misreading. Left as transcribed.,
19,019,1,unmarked-in-german,0 marked,4 marked,the translator marked doubt where the German marks none - candidate silent transcription corruption,
19,019,2,unmarked-in-german,0 marked,4 marked,the translator marked doubt where the German marks none - candidate silent transcription corruption,
19,019,2,emendation-uncertain,zahil überlaufend,zahllos überlaufend / zahl(en) überlaufend,'zahil' is likely a misreading of 'zahllos' or of a form of 'zahlen'.,
19,019,2,emendation-uncertain,2 Ortl.,2 Estaffetten / 2 Bothen,Abbreviation unexplained; may be a corrupted unit or a courier designation.,
19,019,2,emendation-degrades,Kopojer,unidentified place-name,No such place is established; possibly a corrupted Polish toponym.,
19,019,3,unmarked-in-german,0 marked,5 marked,the translator marked doubt where the German marks none - candidate silent transcription corruption,
19,019,3,emendation-uncertain,mein Schweiner,meinen Seinen / meinem Schwiegersohn?,'Schweiner' is not a German word; possibly a corrupted family designation. Not settled.,
19,019,3,emendation-uncertain,Wytwiver,unidentified party or place,Name not established; may be a corrupted Polish surname or toponym.,
19,019,3,emendation-uncertain,Salz,possibly a surname (an agent or advocate) rather than the noun 'salt',Read here as a personal name because of 'durch ... betreiben'.,
19,019,4,unmarked-in-german,0 marked,2 marked,the translator marked doubt where the German marks none - candidate silent transcription corruption,
19,019,4,emendation-uncertain,abhobet,aber halt / abo(l)ut?,Unidentifiable; possibly a dittography around 'aushalten'.,
20,020,1,unmarked-in-german,0 marked,1 marked,the translator marked doubt where the German marks none - candidate silent transcription corruption,
20,020,1,glossary-mismatch,Vollmacht,power of attorney,termbase rendering not found in the English,
20,020,1,untranslated,,Most humble Pro Memoria. From the enclosed letter of the Pri,German function words survive in the English,
20,020,1,emendation-degrades,Kontopper / Kontop / Kontopp,consistent spelling,The same estate appears in two spellings on one page; one is likely a transcription slip. Not altered in the translation.,
20,020,1,emendation-degrades,von der Lahn,von der Lahr,The creditor is otherwise consistently 'van/von der Lahr'; 'Lahn' is probably an r/n confusion. Left as transcribed.,
20,020,2,name-check,,Zagorow,name reported in the English is not in the German,
20,020,2,unmarked-in-german,0 marked,3 marked,the translator marked doubt where the German marks none - candidate silent transcription corruption,
20,020,2,emendation-degrades,Royadler,unresolved,"Place name of a river landing (Ablade); not identifiable, possibly corrupt.",
21,021,1,unmarked-in-german,0 marked,5 marked,the translator marked doubt where the German marks none - candidate silent transcription corruption,
21,021,1,emendation-uncertain,Schweineren,Schweinern / Schweinerei (place name),Likely a place name paired with Kontop; spelling unverified.,
21,021,1,emendation-degrades,pauvre war ein Bettelhund,pauvre wie ein Bettelhund,wie/wir/war confusion; the comparison requires wie.,
22,022,2,unmarked-in-german,0 marked,1 marked,the translator marked doubt where the German marks none - candidate silent transcription corruption,
22,022,2,emendation-degrades,zuvatirte Casse,"Invaliden-Casse (or ""suvertirten Casse"")",Context (the standing lawsuit) points to the Invalids' Fund named on p. 1.,
22,022,3,unmarked-in-german,0 marked,2 marked,the translator marked doubt where the German marks none - candidate silent transcription corruption,
22,022,3,emendation-degrades,der 10 Rthl Theil,der 10te Theil,"""the tenth part"" is idiomatic; the ""Rthl"" may be a misexpanded abbreviation stroke. Figure left as transcribed.",
22,022,4,unmarked-in-german,1 marked,2 marked,the translator marked doubt where the German marks none - candidate silent transcription corruption,
22,022,4,emendation-uncertain,aufhohlen,aufs Neue / überhaupt,"A word compatible with ""die Nachricht einzuziehen"" is required.",
23,023,1,unmarked-in-german,0 marked,2 marked,the translator marked doubt where the German marks none - candidate silent transcription corruption,
23,023,2,unmarked-in-german,0 marked,3 marked,the translator marked doubt where the German marks none - candidate silent transcription corruption,
23,023,2,marker-check,,3 present,model reported 4 markers but emitted 3,
23,023,2,emendation-degrades,Criminal Rath,Criminalrath,Title of Stenger; spelling retained as transcribed.,
23,023,3,name-check,,v. d. Lahr,name reported in the English is not in the German,
23,023,3,unmarked-in-german,0 marked,9 marked,the translator marked doubt where the German marks none - candidate silent transcription corruption,
23,023,3,marker-check,,9 present,model reported 8 markers but emitted 9,
23,023,4,number-check,10,,numeral in the German does not appear in the English,
23,023,4,unmarked-in-german,0 marked,5 marked,the translator marked doubt where the German marks none - candidate silent transcription corruption,
23,023,4,marker-check,,5 present,model reported 4 markers but emitted 5,
24,024,1,emendation-uncertain,ein reiner Ertrag derselben von 40 Rthl,40247 Rthl (cf. page 3) or 40000 Rthl,A net yield of 40 Rthl is implausible against a proposed 100000 Rthl loan; page 3 gives 40247 Rthl 14 g 11 d. Figure carried across unchanged as transcribed.,
24,024,1,emendation-uncertain,D[?]ongratie,"Douceur / Gratification (""ein Douceur von 5 pt."")",A percentage payment to intermediaries; 'Gratie'/'Gratification' fits the sense of a 5 per cent commission.,
24,024,2,emendation-degrades,12 Aus dorf und Vorwerk Trąbczin,22,Sequence position between 21 and 23.,
24,024,2,emendation-uncertain,8 do Wrąbczin,Trąbczin or Wrąbczyn,Possibly a duplicate/variant of the lordship name Trąbczin at no. 22; W/T confusion in Kurrent.,
24,024,2,emendation-degrades,Gros Holland,Gros Hauland (Hauländer settlement),Hauländer colonies are commonly named '-holland'/'-hauland'; see house note on Hauländer.,
24,024,4,emendation-degrades,Eward u. Haupt,Ewald u. Haupt,d/r confusion in Kurrent; 'Ewald' is a far commoner name. Not folded into the translation.,
24,024,4,emendation-uncertain,Seher Tothschen Erben,Schertothschen / Sehertothschen Erben,Word division uncertain; single surname more likely.,
25,025,1,unmarked-in-german,0 marked,1 marked,the translator marked doubt where the German marks none - candidate silent transcription corruption,
25,025,2,unmarked-in-german,0 marked,2 marked,the translator marked doubt where the German marks none - candidate silent transcription corruption,
26,026,1,unmarked-in-german,0 marked,1 marked,the translator marked doubt where the German marks none - candidate silent transcription corruption,
26,026,1,emendation-uncertain,einigung,einging / eintraf,a verb of arrival is required ('the news ... came in'); 'einigung' is likely a misreading of 'einging',
26,026,2,unmarked-in-german,0 marked,1 marked,the translator marked doubt where the German marks none - candidate silent transcription corruption,
26,026,2,emendation-uncertain,Kantschumeiner,unresolved place- or ethnic name,corrupt proper noun; retained as transcribed,
27,027,1,emendation-uncertain,v. Sanitz,v. Zawadzki / v. Sanitz(?),Name possibly corrupted; left as transcribed.,
27,027,2,name-check,,Constantin,name reported in the English is not in the German,
27,027,2,glossary-mismatch,gehorsamster Diener,most obedient servant,termbase rendering not found in the English,
27,027,2,glossary-mismatch,Pohlen,Poland,termbase rendering not found in the English,
27,027,2,emendation-uncertain,Alantons,Adjutanten / Allianten,"Either ""adjutants"" or ""allies"" would fit the court context at Memel; neither can be established.",
27,027,2,emendation-uncertain,Allerwürcke,Allerhöchste / Aller[höchsten] Wirkung,Possibly a corruption of a form of address for the Emperor rather than a proper name.,
29,029,1,emendation-degrades,noch der Retour von Memel,nach der Retour von Memel,"One-letter confusion (o/a in Kurrent); ""nach der Retour"" = after the return, which the syntax requires.",
29,029,2,name-check,,Bal[illegible],name reported in the English is not in the German,
29,029,2,unmarked-in-german,1 marked,2 marked,the translator marked doubt where the German marks none - candidate silent transcription corruption,
30,030,1,unmarked-in-german,0 marked,3 marked,the translator marked doubt where the German marks none - candidate silent transcription corruption,
30,030,1,marker-check,,3 present,model reported 4 markers but emitted 3,
30,030,2,unmarked-in-german,0 marked,1 marked,the translator marked doubt where the German marks none - candidate silent transcription corruption,
30,030,3,unmarked-in-german,0 marked,1 marked,the translator marked doubt where the German marks none - candidate silent transcription corruption,
30,030,3,emendation-degrades,Trabezyner,[unresolved place-name],No such estate is otherwise attested in this correspondence; may be a garbled Polish estate name. Left as transcribed.,
31,031,1,unmarked-in-german,0 marked,1 marked,the translator marked doubt where the German marks none - candidate silent transcription corruption,
31,031,1,marker-check,,1 present,model reported 2 markers but emitted 1,
31,031,1,emendation-degrades,1 Rthl Dienen,1 Rthl Diäten,Standard term for travel per diem in Prussian service.,
31,031,2,name-check,Honrichs,,name in the German is absent from the English,
31,031,2,unmarked-in-german,3 marked,13 marked,the translator marked doubt where the German marks none - candidate silent transcription corruption,
31,031,2,marker-check,,13 present,model reported 11 markers but emitted 13,
31,031,2,glossary-mismatch,Pohlen,Poland,termbase rendering not found in the English,
31,031,2,emendation-degrades,Cabanis als Ane Förster,Cabanis als Ober-Förster,'Ane' is likely a misread abbreviation for Ober.,
31,031,3,name-check,,Glenck,name reported in the English is not in the German,
31,031,3,unmarked-in-german,3 marked,5 marked,the translator marked doubt where the German marks none - candidate silent transcription corruption,
31,031,4,unmarked-in-german,0 marked,17 marked,the translator marked doubt where the German marks none - candidate silent transcription corruption,
31,031,4,marker-check,,17 present,model reported 13 markers but emitted 17,
31,031,4,emendation-degrades,wittwärlicher,wie dieser,Wholly conjectural; the word as transcribed is not German.,
31,031,4,emendation-degrades,Hennochs,Heinrichs,Same person as Honrichs/Henrichs/Herrrichs.,
32,032,1,name-check,,Triebenfeld,name reported in the English is not in the German,
32,032,1,unmarked-in-german,2 marked,7 marked,the translator marked doubt where the German marks none - candidate silent transcription corruption,
32,032,1,marker-check,,7 present,model reported 6 markers but emitted 7,
32,032,1,damage-page,[...],,page carries a gap or damaged edge; confirm the English shows the hole rather than bridging it,
32,032,2,unmarked-in-german,0 marked,12 marked,the translator marked doubt where the German marks none - candidate silent transcription corruption,
32,032,2,marker-check,,12 present,model reported 8 markers but emitted 12,
32,032,2,emendation-uncertain,Prępiziner,Trąbcziner (?),no such place elsewhere in the correspondence; the Polish diacritics suggest a garbled estate name — left unaltered in the translation,
32,032,3,unmarked-in-german,0 marked,2 marked,the translator marked doubt where the German marks none - candidate silent transcription corruption,
33,033,1,unmarked-in-german,0 marked,6 marked,the translator marked doubt where the German marks none - candidate silent transcription corruption,
33,033,1,emendation-degrades,die 50000 mk in Courant,die 50000 Rthl in Courant,"The Invalids' Fund's first mortgage is elsewhere 50,000 Rthl; ""mk"" (Mark) is anachronistic for 1808. Figure and unit left exactly as transcribed.",
33,033,1,emendation-uncertain,150 Rthl / 250/M,"150/M Rthl (150,000) / 250/M Rthl (250,000)","The sums as written are implausibly small beside the 50000 of the Invalids' Fund; the ""/M"" (mille) marker appears once and may have been dropped elsewhere. Figu",
33,033,2,unmarked-in-german,0 marked,3 marked,the translator marked doubt where the German marks none - candidate silent transcription corruption,
33,033,2,emendation-uncertain,Paß Honrichs,daß Hoenrichs / daß Heinrichs,"""Paß"" is very likely ""daß""; the following name may be a corrupted surname. Left as transcribed per house rule.",
33,033,3,unmarked-in-german,0 marked,10 marked,the translator marked doubt where the German marks none - candidate silent transcription corruption,
33,033,3,marker-check,,10 present,model reported 8 markers but emitted 10,
33,033,3,emendation-uncertain,entsterene,verstören / zerstören / entsetzen,"Sense required is ""to drive him out of / harass him even in the last corner""; the actual word is not recoverable.",
33,033,3,emendation-uncertain,150/3 Rthl,150/M Rthl,"The ""/3"" is likely a misread mille sign, matching the 150/0 earlier on the page. Figures left exactly as transcribed.",
33,033,3,emendation-uncertain,die alte Fenig,die alte Fennig / Pfennig (a surname),Probably a person's name in the postscript; not normalised.,
34,034,1,unmarked-in-german,0 marked,1 marked,the translator marked doubt where the German marks none - candidate silent transcription corruption,
34,034,1,emendation-uncertain,um nach Gringen zu kommen,um nach Gröningen / Grünberg zu kommen,"""Gringen"" is not an established place-name in this correspondence; likely a corrupted toponym",
34,034,2,unmarked-in-german,0 marked,2 marked,the translator marked doubt where the German marks none - candidate silent transcription corruption,
34,034,2,emendation-degrades,Die Briefe in Amelang und Kopp,Die Briefe an Amelang und Kopp,"""in"" for ""an"" is a likely single-letter transcription slip",
34,034,2,emendation-uncertain,die Hypotheque von 250 Rthl,die Hypotheque von 25000 Rthl (?),the figure is implausibly small beside the Invalids' Fund and the Zastrow bill; but the figure as transcribed stands in the translation,
35,035,1,number-check,3/4,,numeral in the German does not appear in the English,
35,035,1,name-check,,Triebenfeld,name reported in the English is not in the German,
35,035,1,unmarked-in-german,1 marked,7 marked,the translator marked doubt where the German marks none - candidate silent transcription corruption,
35,035,1,marker-check,,7 present,model reported 5 markers but emitted 7,
35,035,1,emendation-degrades,H. Hoß Rath Meyer,H. Hofrath Meyer,'Hoß Rath' is likely a misreading of Hofrath (Court Councillor); not folded into the translation.,
35,035,1,emendation-uncertain,H. Bau von Stein,H. Baron von Stein / Minister Stein,Page 2 has 'der M Stein' and page 3 'der Minister Stei'; 'Bau' may be a misreading of 'Bar.' (Baron).,
35,035,2,name-check,,Amelang,name reported in the English is not in the German,
35,035,2,unmarked-in-german,0 marked,4 marked,the translator marked doubt where the German marks none - candidate silent transcription corruption,
35,035,2,marker-check,,4 present,model reported 5 markers but emitted 4,
35,035,2,emendation-uncertain,Marcul,Marcul (place or person unresolved),"Not identifiable; possibly a corrupted place-name from which he was despatched, or a person. Left as transcribed.",
35,035,2,emendation-degrades,Baugmer von der Laar,Bankier von der Laar,'Baugmer' may be a misreading of 'Banquier/Bankier'; the later mentions give only 'von der Laar'.,
35,035,2,emendation-degrades,Die Zinsen Betrugen von 2 Jahren 5000 Rthl und die Kosten 125,figure unverified,"Page 3 gives 3125 Rthl outstanding against 2000 Rthl in hand, which does not reconcile with 5000 + 125; figures carried across unaltered as required.",
35,035,3,unmarked-in-german,0 marked,1 marked,the translator marked doubt where the German marks none - candidate silent transcription corruption,
35,035,3,marker-check,,1 present,model reported 2 markers but emitted 1,
36,036,2,emendation-degrades,im flossenen Januar Jemer 1807,im verflossenen Januar des Jahres 1807,'flossenen' lacks its prefix and 'Jemer' appears to garble 'Jahres'.,
36,036,3,unmarked-in-german,0 marked,1 marked,the translator marked doubt where the German marks none - candidate silent transcription corruption,
36,036,4,unmarked-in-german,0 marked,1 marked,the translator marked doubt where the German marks none - candidate silent transcription corruption,
36,036,5,unmarked-in-german,0 marked,1 marked,the translator marked doubt where the German marks none - candidate silent transcription corruption,
36,036,6,unmarked-in-german,0 marked,1 marked,the translator marked doubt where the German marks none - candidate silent transcription corruption,
36,036,8,unmarked-in-german,1 marked,7 marked,the translator marked doubt where the German marks none - candidate silent transcription corruption,
37,037,1,unmarked-in-german,0 marked,2 marked,the translator marked doubt where the German marks none - candidate silent transcription corruption,
37,037,1,marker-check,,2 present,model reported 3 markers but emitted 2,
37,037,2,unmarked-in-german,1 marked,2 marked,the translator marked doubt where the German marks none - candidate silent transcription corruption,
37,037,2,emendation-uncertain,Beneten 30 Stadt [Schenck?],"possibly a street address, e.g. 'Behrenstraße 30' or similar","'30 Stadt' resembles a house number and street designation; wholly conjectural, not folded into the translation.",
37,037,2,emendation-uncertain,Laar,Lauer / Saar / Laar (a creditor's surname),Unverified proper noun; carried across as transcribed.,
38,038,1,unmarked-in-german,2 marked,5 marked,the translator marked doubt where the German marks none - candidate silent transcription corruption,
38,038,1,marker-check,,5 present,model reported 4 markers but emitted 5,
38,038,1,glossary-mismatch,treuester Knecht,most faithful servant,termbase rendering not found in the English,
38,038,1,glossary-mismatch,Curland,Courland,termbase rendering not found in the English,
38,038,1,emendation-uncertain,kunde nicht viel schreiben,konnte / kann heute nicht viel schreiben,"""kunde"" is likely a misreading of ""heute"" or a doubled ""konnte""; the sentence already has ""kann"".",
38,038,1,emendation-uncertain,Baupiner oder Later,Baugnier oder Veit(?),"Earlier in the same letter the name appears as ""Baugnier Veit""; ""Baupiner"" and ""Later"" look like variant misreadings of the same party. Not folded into the tran",
38,038,1,emendation-uncertain,Convent,Convention / Conversion,"Probably the same abbreviation as ""Convers"" above; both left as written.",
39,039,1,unmarked-in-german,0 marked,2 marked,the translator marked doubt where the German marks none - candidate silent transcription corruption,
39,039,1,emendation-degrades,Zewalden ſasse,Zewalden Casse (or: [place] Casse),A fund or treasury ('Casse') would suit 'zur Zahlung der ... Casse'; long-s/C confusion is frequent. The first word remains unidentified and is not emended.,
39,039,1,emendation-degrades,Justiz Commissarius Herrn Empuch,Herrn Empuch (name unverified),"'Empuch' is not a recognisable Prussian surname and may be a corrupt reading (e.g. Lampuch, Emrich, Empach); left as transcribed in the translation.",
40,040,1,number-check,2500,,numeral in the German does not appear in the English,
40,040,1,marker-check,,0 present,model reported 1 markers but emitted 0,
40,040,1,emendation-degrades,nur auf jedem höchst dero Schreiben,nicht nur auf jedes Höchstdero Schreiben,restores the nicht nur ... sondern auch correlative and the accusative,
40,040,1,emendation-degrades,2500 Rthl,250000 Rthl,the same mortgage is given as 250000 Rthl twice above,
40,040,2,name-check,,M. St.,name reported in the English is not in the German,
40,040,2,emendation-degrades,verdanken Invalid-Geschichte,verdammten Invaliden-Geschichte,fits the writer's tone and the frame,
41,041,1,unmarked-in-german,0 marked,2 marked,the translator marked doubt where the German marks none - candidate silent transcription corruption,
41,041,1,emendation-uncertain,nüslich,unnüzlich / nicht nüzlich,The following 'weil' clauses argue against making the journey.,
41,041,2,unmarked-in-german,0 marked,2 marked,the translator marked doubt where the German marks none - candidate silent transcription corruption,
41,041,3,unmarked-in-german,0 marked,5 marked,the translator marked doubt where the German marks none - candidate silent transcription corruption,
41,041,3,marker-check,,5 present,model reported 4 markers but emitted 5,
41,041,3,emendation-degrades,Lottore,Lottum,Graf Wylich und Lottum was a Prussian minister of the period; but the reading is not settled and is not carried into the translation.,
41,041,3,emendation-uncertain,Lohen,Dohna or Lehndorff,Speculative only; a Prussian count's name of similar Kurrent shape.,
41,041,3,emendation-degrades,Konckerten,Konferenzen,'the conferences or the Emperor shall have prepared something' fits the diplomatic context.,
41,041,3,emendation-degrades,Alantones,Adjutanten,'the present adjutants of the King (d. K.)' would suit 'would take fright at Your appearance'; wholly conjectural.,
41,041,4,unmarked-in-german,1 marked,4 marked,the translator marked doubt where the German marks none - candidate silent transcription corruption,
41,041,4,emendation-degrades,Schnomchi,Schnomchi (unresolved),Not identifiable; possibly a corrupted Polish or Silesian surname. No confident reading offered.,
41,041,4,emendation-degrades,Traben,Traben (unresolved),May be a misreading of an estate name in the Kalisz district; not settled.,
42,042,1,unmarked-in-german,0 marked,3 marked,the translator marked doubt where the German marks none - candidate silent transcription corruption,
42,042,2,unmarked-in-german,0 marked,1 marked,the translator marked doubt where the German marks none - candidate silent transcription corruption,
42,042,3,unmarked-in-german,0 marked,3 marked,the translator marked doubt where the German marks none - candidate silent transcription corruption,
42,042,3,marker-check,,3 present,model reported 2 markers but emitted 3,
42,042,3,glossary-mismatch,Wechsel,bill of exchange,termbase rendering not found in the English,
42,042,4,unmarked-in-german,0 marked,1 marked,the translator marked doubt where the German marks none - candidate silent transcription corruption,
42,042,4,emendation-degrades,wird ich ihm noch 1500 Rthl,weil ich ihm noch 1500 Rthl,Sense requires a causal conjunction.,
42,042,5,unmarked-in-german,0 marked,3 marked,the translator marked doubt where the German marks none - candidate silent transcription corruption,
42,042,6,unmarked-in-german,0 marked,3 marked,the translator marked doubt where the German marks none - candidate silent transcription corruption,
42,042,6,marker-check,,3 present,model reported 2 markers but emitted 3,
42,042,6,emendation-uncertain,prorenetica,pro rata / Provision,Context is inflated reckoning of charges; the underlying word cannot be settled.,
42,042,7,unmarked-in-german,0 marked,1 marked,the translator marked doubt where the German marks none - candidate silent transcription corruption,
42,042,7,emendation-degrades,Frau Fürstin Sacken,Fürstin von der Osten-Sacken,"A plausible identification, but the name is left as transcribed.",
43,043,1,glossary-mismatch,Wechsel,bill of exchange,termbase rendering not found in the English,
43,043,1,emendation-degrades,Honrichs,Heinrichs,Possible misreading of a commoner surname; left as transcribed.,
43,043,2,unmarked-in-german,0 marked,1 marked,the translator marked doubt where the German marks none - candidate silent transcription corruption,
44,044,1,unmarked-in-german,0 marked,1 marked,the translator marked doubt where the German marks none - candidate silent transcription corruption,
44,044,1,marker-check,,1 present,model reported 2 markers but emitted 1,
44,044,1,emendation-degrades,Constier,Cassirer,"Named alongside the book-keeper (Buchhalter) of a merchant house; ""Cassirer"" (cashier) would fit the office. Not admitted into the translation.",
44,044,2,unmarked-in-german,0 marked,2 marked,the translator marked doubt where the German marks none - candidate silent transcription corruption,
44,044,2,emendation-uncertain,Mathein,Matthei / Matthäi,"Possibly a Berlin creditor's name miscopied; flagged only, not altered.",
45,045,1,unmarked-in-german,0 marked,1 marked,the translator marked doubt where the German marks none - candidate silent transcription corruption,
45,045,1,glossary-mismatch,Wechsel,bill of exchange,termbase rendering not found in the English,
45,045,1,emendation-uncertain,Vandertahr,van der Lahr / von der Lahn,"The same creditor appears later as ""p. Lahr"", ""von der Lahn"" and ""Lahn""; all are likely one name variously misread.",
45,045,2,unmarked-in-german,0 marked,2 marked,the translator marked doubt where the German marks none - candidate silent transcription corruption,
45,045,3,unmarked-in-german,0 marked,7 marked,the translator marked doubt where the German marks none - candidate silent transcription corruption,
45,045,3,marker-check,,7 present,model reported 5 markers but emitted 7,
45,045,3,emendation-degrades,Justburg: Hawich,Justizbürgermeister Hawich,"""Justburg:"" is an abbreviation with a colon; the office is justice-burgomaster.",
46,046,1,unmarked-in-german,0 marked,1 marked,the translator marked doubt where the German marks none - candidate silent transcription corruption,
46,046,1,marker-check,,1 present,model reported 7 markers but emitted 1,
46,046,1,emendation-uncertain,adtatorten,Adjutanten? / Actorum?,"Immediately followed by 'die Atten liegen im Appellatorio', suggesting a legal-file context; reading unsettled.",
46,046,1,emendation-degrades,Cortapp,unidentified banking house,Name is not identifiable; retained as transcribed per house rule.,
46,046,2,name-check,,Wilhelm von Lämer,name reported in the English is not in the German,
46,046,2,emendation-uncertain,Vorillungen,Verwirrungen / Vorstellungen,"Context of pity suggests 'Verwirrungen' (confusions, troubles); unsettled.",
46,046,2,emendation-uncertain,Lämer,Lämmer? Lehmer? Löper?,"Personal name unreliable in this transcription; not identifiable, retained as written.",
47,047,1,unmarked-in-german,0 marked,1 marked,the translator marked doubt where the German marks none - candidate silent transcription corruption,
47,047,1,glossary-mismatch,Ewr Hochfürstliche Durchlaucht,Your Most Serene Highness,termbase rendering not found in the English,
47,047,1,emendation-uncertain,Hönnricht,Hönnrich / Hönricht (?),name form unstable; possibly the same person as elsewhere spelled differently,
47,047,2,unmarked-in-german,0 marked,2 marked,the translator marked doubt where the German marks none - candidate silent transcription corruption,
47,047,3,unmarked-in-german,0 marked,5 marked,the translator marked doubt where the German marks none - candidate silent transcription corruption,
47,047,3,marker-check,,5 present,model reported 4 markers but emitted 5,
47,047,4,unmarked-in-german,0 marked,2 marked,the translator marked doubt where the German marks none - candidate silent transcription corruption,
47,047,4,emendation-degrades,Casse fortuit,casus fortuitus,legal term of art for chance events,
47,047,4,emendation-uncertain,Drevic,Drewitz (?),place name form unstable,
47,047,5,unmarked-in-german,0 marked,2 marked,the translator marked doubt where the German marks none - candidate silent transcription corruption,
48,048,1,name-check,Sachßen,,name in the German is absent from the English,
48,048,2,unmarked-in-german,0 marked,2 marked,the translator marked doubt where the German marks none - candidate silent transcription corruption,
48,048,2,emendation-uncertain,hanttene,baaren / rückständigen,some qualifier of 'Intressen' (cash / outstanding interest) is expected; the transcribed form is not a word.,
48,048,2,emendation-degrades,Güsche,Gütchen,a small holding of several Hufen appropriated by Honrichs would fit; purely conjectural.,
49,049,1,unmarked-in-german,0 marked,2 marked,the translator marked doubt where the German marks none - candidate silent transcription corruption,
49,049,1,emendation-uncertain,schulm,schicken / schaffen,a verb of sending or procuring is required by the object 'das Eysen',
49,049,1,emendation-uncertain,Michaelis Lahr,Michaelis Jahr / Michaelis-Jahr (Michaelmas term),L/J confusion in Kurrent; 'Michaelis Jahr' or a Michaelmas payment date would suit 'und alle Berliner Kosten befriediget',
49,049,1,emendation-uncertain,Bogadel,Bogaczewo / Bogdal (?),"place name not otherwise attested in this correspondence; the letter is written at Kontop, so 'hierher nach Bogadel' is geographically odd",
49,049,1,emendation-degrades,Schenck,Scheu,same office named twice with different surnames; one is likely a misreading,
50,050,1,unmarked-in-german,0 marked,2 marked,the translator marked doubt where the German marks none - candidate silent transcription corruption,
50,050,1,untranslated,,"In the year 1808, up to the 14th of February, I had become i",German function words survive in the English,
50,050,2,unmarked-in-german,0 marked,2 marked,the translator marked doubt where the German marks none - candidate silent transcription corruption,
50,050,2,emendation-degrades,p. vom Trübin feld,p. von Triebenfeld,"Same person as page 1; ""p."" = praedictus/pp., ""the said"".",
50,050,2,emendation-degrades,geheinen Post Rath,geheimen Post Rath,"m/n minim confusion; ""Privy Post Councillor"".",
50,050,2,emendation-degrades,Ihnen 1000 Rthl zu bezahlen,ihm 1000 Rthl zu bezahlen,"Refers to von der Lahr, singular; ""Ihnen"" is likely a scribal slip. Not folded into the translation.",
51,051,1,unmarked-in-german,0 marked,3 marked,the translator marked doubt where the German marks none - candidate silent transcription corruption,
51,051,1,glossary-mismatch,Pohlen,Poland,termbase rendering not found in the English,
51,051,1,emendation-uncertain,Original Buren,Original-Papiere / Original-Briefe,"'Buren' has no sense here; a word for documents is expected, matching the 'original Piegen' held back below.",
51,051,1,emendation-uncertain,original Piegen,original Papiere / original Quittungen,Same context as above; 'Piegen' looks like a Kurrent misreading of a word for papers.,
51,051,1,emendation-degrades,Hawich,Honrichs,"Possibly the same person named just above and below, though the sense (scoundrel vs. converted) argues for two distinct men; left as transcribed.",
51,051,2,unmarked-in-german,0 marked,2 marked,the translator marked doubt where the German marks none - candidate silent transcription corruption,
51,051,2,emendation-uncertain,Beſter,Bestien / Bester [Franzosen],Unidentifiable; possibly a contemptuous term for the departing French.,
52,052,1,unmarked-in-german,0 marked,1 marked,the translator marked doubt where the German marks none - candidate silent transcription corruption,
52,052,1,glossary-mismatch,ersterbe,"I remain, until death,",termbase rendering not found in the English,
52,052,1,emendation-uncertain,v. Köchn.,v. Köckritz (?) or v. Kalckreuth (?),"Abbreviated and probably corrupt general's name; not settled, left as transcribed.",
53,053,1,unmarked-in-german,0 marked,1 marked,the translator marked doubt where the German marks none - candidate silent transcription corruption,
53,053,2,unmarked-in-german,0 marked,4 marked,the translator marked doubt where the German marks none - candidate silent transcription corruption,
53,053,2,marker-check,,4 present,model reported 3 markers but emitted 4,
53,053,2,emendation-degrades,treu unterthäniger Dies Peter,treu unterthäniger Diener Peter (or: ... Diener P.),"""Dies"" is very likely an abbreviation or misreading of ""Diener"".",
54,054,1,emendation-uncertain,Post Gülcher,Post Gelder / Post Gebühren,Context requires postal charges or monies; 'Gülcher' is likely a misreading.,
54,054,1,emendation-uncertain,facta Conditionen,facta / harte Conditionen,'facta' may be a misreading of 'harte' or of a Latin tag.,
54,054,2,emendation-uncertain,Bogadie / Bogadel / Boyadel / Boyadell,Beuthen? / one consistent place-name,Four spellings for what appears to be one loading-place; all left as transcribed.,
54,054,3,name-check,,Gen. Morat.,name reported in the English is not in the German,
54,054,3,name-check,,von der Lahr,name reported in the English is not in the German,
54,054,3,emendation-degrades,zu Schiffern man Oppeln,zu Schiffen nach Oppeln,Shipping to Oppeln matches the Prince's stated route on p.1.,
55,055,1,unmarked-in-german,0 marked,5 marked,the translator marked doubt where the German marks none - candidate silent transcription corruption,
55,055,2,unmarked-in-german,0 marked,3 marked,the translator marked doubt where the German marks none - candidate silent transcription corruption,
55,055,3,unmarked-in-german,0 marked,6 marked,the translator marked doubt where the German marks none - candidate silent transcription corruption,
55,055,4,unmarked-in-german,1 marked,2 marked,the translator marked doubt where the German marks none - candidate silent transcription corruption,
56,056,1,name-check,,Kontop,name reported in the English is not in the German,
56,056,1,unmarked-in-german,0 marked,1 marked,the translator marked doubt where the German marks none - candidate silent transcription corruption,
56,056,1,emendation-uncertain,Gt. Astog,Gr[af] Ast[er?] / Gen[eral] v. Astog,the abbreviation seems to conceal a title plus surname; unresolved,
56,056,3,unmarked-in-german,0 marked,3 marked,the translator marked doubt where the German marks none - candidate silent transcription corruption,
56,056,3,emendation-degrades,Leuth,Centner,page 1 gives the quantity as 1000 Centner; 217 would be the remainder in the same unit,
56,056,3,emendation-degrades,Cantz,Centner,possible unit for the iron reckoned at 5 Rthl 12 ggl. apiece,
57,057,1,unmarked-in-german,0 marked,1 marked,the translator marked doubt where the German marks none - candidate silent transcription corruption,
57,057,2,unmarked-in-german,0 marked,4 marked,the translator marked doubt where the German marks none - candidate silent transcription corruption,
57,057,2,emendation-degrades,Körtirch,Köckritz,"Gen. v. Köckritz was the King's adjutant-general; cf. ""Kochriz"" on p. 4. Name left as transcribed.",
57,057,3,unmarked-in-german,0 marked,5 marked,the translator marked doubt where the German marks none - candidate silent transcription corruption,
57,057,3,marker-check,,5 present,model reported 3 markers but emitted 5,
57,057,4,unmarked-in-german,0 marked,1 marked,the translator marked doubt where the German marks none - candidate silent transcription corruption,
57,057,4,emendation-degrades,Schweiner,Schweinern,Place of writing given as Schweinern in the heading.,
58,058,1,name-check,,Triebenfeld,name reported in the English is not in the German,
58,058,1,emendation-degrades,und ser König,unser König,"Kurrent word-division; ""unser König ... kunde von Pohlen haben müßen"" fits the political sense (the King of Prussia lacking intelligence about Poland).",
58,058,2,unmarked-in-german,1 marked,2 marked,the translator marked doubt where the German marks none - candidate silent transcription corruption,
58,058,2,glossary-mismatch,Pohlen,Poland,termbase rendering not found in the English,
58,058,2,emendation-degrades,eine Herr Spiven,ein Heer Spione,"""an army of spies"" fits the sense and the graphic forms; left out of the translation.",
58,058,3,name-check,,Constantin,name reported in the English is not in the German,
58,058,3,unmarked-in-german,0 marked,3 marked,the translator marked doubt where the German marks none - candidate silent transcription corruption,
59,059,1,unmarked-in-german,0 marked,4 marked,the translator marked doubt where the German marks none - candidate silent transcription corruption,
59,059,1,glossary-mismatch,Durchlaucht,Serene Highness,termbase rendering not found in the English,
59,059,2,name-check,Stein,,name in the German is absent from the English,
59,059,2,unmarked-in-german,0 marked,2 marked,the translator marked doubt where the German marks none - candidate silent transcription corruption,
59,059,2,glossary-mismatch,Pohlen,Poland,termbase rendering not found in the English,
59,059,3,unmarked-in-german,0 marked,5 marked,the translator marked doubt where the German marks none - candidate silent transcription corruption,
59,059,3,marker-check,,5 present,model reported 4 markers but emitted 5,
59,059,4,name-check,,Constantine,name reported in the English is not in the German,
59,059,4,unmarked-in-german,1 marked,10 marked,the translator marked doubt where the German marks none - candidate silent transcription corruption,
59,059,4,marker-check,,10 present,model reported 7 markers but emitted 10,
59,059,4,glossary-mismatch,gehorsamster Diener,most obedient servant,termbase rendering not found in the English,
59,059,4,emendation-degrades,Brsechwa / Briechia,"one name, spelling unsettled",two forms in one paragraph for the same official,
60,060,1,unmarked-in-german,0 marked,4 marked,the translator marked doubt where the German marks none - candidate silent transcription corruption,
60,060,2,unmarked-in-german,0 marked,3 marked,the translator marked doubt where the German marks none - candidate silent transcription corruption,
60,060,3,unmarked-in-german,0 marked,5 marked,the translator marked doubt where the German marks none - candidate silent transcription corruption,
61,061,1,emendation-degrades,meinen Wetter in Breiten,meinen Vetter in Breiten,"W/V confusion in Kurrent; ""Vetter"" (cousin) yields sense",
61,061,2,glossary-mismatch,Dismembration,dismemberment,termbase rendering not found in the English,
62,062,1,unmarked-in-german,0 marked,2 marked,the translator marked doubt where the German marks none - candidate silent transcription corruption,
62,062,1,emendation-uncertain,dereckte,Directeur / Director,"The same official is named later as ""Ober Post Director Mann"".",
62,062,1,emendation-uncertain,Massakrop 1156,Wollzeile / Josephstadt vel sim. (Viennese street name) 1156,"""Massakrop"" is not a known Viennese address; the transcription of the street name is probably corrupt. House number left as written.",
62,062,1,emendation-uncertain,Curische Schuld,Cur[ländische]/Cur[märkische] Schuld,Adjective form uncertain; name left as transcribed.,
63,063,1,emendation-uncertain,Schlawenschühme,Schlawentzitz / Schlawenschitz,cf. 'Schlawenschitz' on page 3; the form here appears corrupt,
63,063,2,unmarked-in-german,0 marked,2 marked,the translator marked doubt where the German marks none - candidate silent transcription corruption,
63,063,2,marker-check,,2 present,model reported 3 markers but emitted 2,
63,063,2,emendation-degrades,Honrichs / Henrichs,one and the same person; cf. 'Hawich' and 'Hainrich' on pp. 3–4,the name appears in at least four spellings; all left as transcribed,
63,063,2,emendation-degrades,Trapirier,unidentified estate-name,possibly corrupt; not settled,
63,063,3,unmarked-in-german,0 marked,3 marked,the translator marked doubt where the German marks none - candidate silent transcription corruption,
63,063,3,glossary-mismatch,Podprefect,sub-prefect,termbase rendering not found in the English,
63,063,3,glossary-mismatch,Pohlen,Poland,termbase rendering not found in the English,
63,063,3,emendation-degrades,Niederinrech,cf. 'Niederweichen' on p. 4,the same party appears under two spellings,
63,063,4,unmarked-in-german,0 marked,1 marked,the translator marked doubt where the German marks none - candidate silent transcription corruption,
63,063,4,emendation-uncertain,Stonaparten / Stona parte,Bonaparten / Bonaparte,Kurrent B misread as St; the name appears correctly as 'Bonaparte' on p. 3,
64,064,1,unmarked-in-german,0 marked,3 marked,the translator marked doubt where the German marks none - candidate silent transcription corruption,
64,064,2,number-check,90,,numeral in the German does not appear in the English,
64,064,2,number-check,10,,numeral in the German does not appear in the English,
64,064,2,number-check,955,,numeral in the German does not appear in the English,
64,064,2,name-check,,R. R. N. Weigel,name reported in the English is not in the German,
64,064,2,unmarked-in-german,0 marked,3 marked,the translator marked doubt where the German marks none - candidate silent transcription corruption,
64,064,2,marker-check,,3 present,model reported 2 markers but emitted 3,
64,064,2,emendation-degrades,für 90 Rthl,für 90000 Rthl,50 per cent of 180000 is 90000; the thousands appear to have dropped out.,
64,064,2,emendation-degrades,Stothet,Stössel,the only other holder of papers named in the calculation is v. Stössel.,
64,064,3,unmarked-in-german,0 marked,3 marked,the translator marked doubt where the German marks none - candidate silent transcription corruption,
64,064,4,name-check,,Hardenberg,name reported in the English is not in the German,
64,064,4,unmarked-in-german,0 marked,5 marked,the translator marked doubt where the German marks none - candidate silent transcription corruption,
64,064,4,glossary-mismatch,Transact,settlement,termbase rendering not found in the English,
64,064,5,unmarked-in-german,0 marked,2 marked,the translator marked doubt where the German marks none - candidate silent transcription corruption,
64,064,6,unmarked-in-german,0 marked,5 marked,the translator marked doubt where the German marks none - candidate silent transcription corruption,
64,064,6,emendation-uncertain,Zaabe,Baarschaft / Habe,the sum of 57 gulden suggests cash on hand.,
65,065,1,name-check,,v. d. Lahr,name reported in the English is not in the German,
65,065,1,unmarked-in-german,0 marked,4 marked,the translator marked doubt where the German marks none - candidate silent transcription corruption,
65,065,1,marker-check,,4 present,model reported 3 markers but emitted 4,
65,065,1,emendation-uncertain,Lungenheim,Lumpenkerl / Lungerer (?),'Lungenheim' is not attested as a common noun; the self-deprecating sense suggests a different word misread in Kurrent.,
65,065,1,emendation-uncertain,desous,dessous / Dessous (French 'dessous' = shortfall) or 'Douceur',French loan uncertain in transcription.,
65,065,2,unmarked-in-german,0 marked,3 marked,the translator marked doubt where the German marks none - candidate silent transcription corruption,
65,065,2,emendation-degrades,Boyedler / Boyadel / Boyndel,Boyadel (one form throughout),Three spellings of what is evidently one place on two pages; the Silesian place Beuthen an der Oder / Boyadel (Bojadła) is likely.,
65,065,3,name-check,Sacken,,name in the German is absent from the English,
65,065,3,unmarked-in-german,0 marked,2 marked,the translator marked doubt where the German marks none - candidate silent transcription corruption,
65,065,3,emendation-uncertain,ſohnen,schon / Ihnen,Long-s form suggests either 'schon' (already) or 'Ihnen' (to you); the manuscript should be re-checked.,
65,065,3,emendation-degrades,300 Rthl Eysen,300 Centner Eysen,The quantity of iron is given as 300 Centner twice elsewhere; Rthl here appears to be a slip or misreading.,
66,066,1,unmarked-in-german,0 marked,2 marked,the translator marked doubt where the German marks none - candidate silent transcription corruption,
66,066,1,emendation-uncertain,Kauft Briechfa,Kauft Bnińska / Brzechffa (?),Surname likely corrupted; a Polish noble name is expected before 'der würde die armen Thiere schon martern'.,
66,066,2,unmarked-in-german,0 marked,2 marked,the translator marked doubt where the German marks none - candidate silent transcription corruption,
66,066,2,emendation-uncertain,Zahrzewshe,Zakrzewski (?),Polish surname likely garbled in transcription.,
66,066,2,emendation-uncertain,Parczyneli,Parczewski / Poniński (?),Polish surname likely garbled.,
66,066,3,name-check,,Galicien,name reported in the English is not in the German,
66,066,3,name-check,,Honrichs,name reported in the English is not in the German,
66,066,3,unmarked-in-german,0 marked,6 marked,the translator marked doubt where the German marks none - candidate silent transcription corruption,
66,066,3,marker-check,,6 present,model reported 4 markers but emitted 6,
66,066,3,glossary-mismatch,Pohlen,Poland,termbase rendering not found in the English,
66,066,4,unmarked-in-german,0 marked,10 marked,the translator marked doubt where the German marks none - candidate silent transcription corruption,
66,066,4,marker-check,,10 present,model reported 8 markers but emitted 10,
66,066,4,emendation-uncertain,Kulany / Kielung / Kulawn / Kulawy,one single surname (Kulawy?),Four spellings of one skipper's name within a page; all retained as transcribed.,
66,066,4,emendation-uncertain,Burggreßen,Burggrafen (?),Possibly the office to which court advances are paid; unresolved.,
66,066,5,emendation-uncertain,der General Lieferant Cente,der General-Lieferant Coste (?),'Cente' and 'Coste' and 'Corten' may all be one and the same name; retained as transcribed.,
67,067,1,name-check,Honrichs,,name in the German is absent from the English,
67,067,1,unmarked-in-german,0 marked,1 marked,the translator marked doubt where the German marks none - candidate silent transcription corruption,
67,067,2,unmarked-in-german,0 marked,2 marked,the translator marked doubt where the German marks none - candidate silent transcription corruption,
67,067,2,glossary-mismatch,Vollmacht,power of attorney,termbase rendering not found in the English,
67,067,2,emendation-degrades,trom,gegen,"""gegen die Instructionen ... gethan"" (acted against the instructions) fits the surrounding accusation; but ""nach"" is equally possible and reverses the sense.",
67,067,3,unmarked-in-german,0 marked,2 marked,the translator marked doubt where the German marks none - candidate silent transcription corruption,
67,067,4,unmarked-in-german,0 marked,2 marked,the translator marked doubt where the German marks none - candidate silent transcription corruption,
68,068,1,unmarked-in-german,0 marked,3 marked,the translator marked doubt where the German marks none - candidate silent transcription corruption,
68,068,1,emendation-uncertain,wertende,werden / abwarten,possibly a garbled auxiliary,
68,068,1,emendation-degrades,stets in Konen,steht in Konen (or: Termin in Konen),'stets' recurs where 'steht' would give sense: a hearing 'stands' at Konen,
68,068,1,emendation-degrades,Konen,Konin,the Duchy of Warsaw town; but name left as transcribed,
68,068,1,emendation-degrades,Vervilechi,Kwilecki,same office named two lines above; but names are not normalised,
68,068,2,unmarked-in-german,0 marked,6 marked,the translator marked doubt where the German marks none - candidate silent transcription corruption,
68,068,2,marker-check,,6 present,model reported 5 markers but emitted 6,
68,068,2,emendation-uncertain,der Tod Prefect Brzechsta,der Hof-Prefect / der Herr Prefect,'Tod' (death) makes no sense before an official title,
68,068,2,emendation-degrades,Jachm,Jahr(e),possibly '3 Jahre Ersatz' or a sum; unresolved,
68,068,2,emendation-degrades,Traepisier,Trapponin (cf. p.1),may be the same estate,
68,068,3,unmarked-in-german,0 marked,9 marked,the translator marked doubt where the German marks none - candidate silent transcription corruption,
68,068,3,marker-check,,9 present,model reported 5 markers but emitted 9,
68,068,3,glossary-mismatch,Wechsel,bill of exchange,termbase rendering not found in the English,
68,068,3,emendation-degrades,59 Rthl d. 18 g.,59 Rthl 18 g.,'d.' stands in the Pfennig position but before the Groschen; possibly a stray,
68,068,3,emendation-degrades,Korien,"Konin (cf. Konen, König)",third variant spelling of what may be the same town,
69,069,1,glossary-mismatch,Ewr Hochfürstliche Durchlaucht,Your Most Serene Highness,termbase rendering not found in the English,
69,069,1,emendation-uncertain,H. H. Lombardini,H. Hn. Lombardini / Herrn Lombardini,"Doubled abbreviation, probably 'Herrn'; spelling of the name itself left as transcribed.",
69,069,2,marker-check,,0 present,model reported 2 markers but emitted 0,
69,069,2,emendation-degrades,unterthänigst treu gehorsamte Bally,unterthänigst treu gehorsamster Bally,Truncated superlative ending in the closing formula.,
69,069,2,emendation-uncertain,Bally,possibly a misread signature (e.g. Bally / Bailly / Balby),"The signature does not match the expected writer von Triebenfeld, who is here spoken of in the third person; the name is carried across exactly as transcribed.",
70,070,1,unmarked-in-german,0 marked,4 marked,the translator marked doubt where the German marks none - candidate silent transcription corruption,
70,070,1,emendation-degrades,Ober Preefectus Garczynski,Ober-Präfect Garczynski,"""Preefectus"" is likely a transcription artefact for Präfect(us); the Departmental Ober-Präfect of Posen was Garczyński.",
70,070,1,emendation-degrades,durch Parczynchen ... so wird Parcynchi,Garczynski,"Both spellings may be corruptions of Garczynski, the only such official named on this page; but Parczynski is also an attested name, so the reading is left as t",
70,070,2,unmarked-in-german,0 marked,2 marked,the translator marked doubt where the German marks none - candidate silent transcription corruption,
70,070,2,marker-check,,2 present,model reported 3 markers but emitted 2,
70,070,2,emendation-uncertain,Nachhandelt mann Sie zu und ankbar,Nach handelt man Sie zu undankbar / man handelt an Ihnen zu undankbar,"""undankbar"" split across a line-break is a plausible source of ""zu und ankbar"".",
70,070,2,emendation-uncertain,Kirchli bleibt noch 2 Monath,Kirchli bleibt noch 2 Monath [im Besitz?],The predicate is missing; a name-form Kirchli is also suspect (Kirchner? Kirchli?).,
70,070,2,emendation-uncertain,Wann ich Rector und Honrichs gesprochen habe,Recktor / Rechter (a surname?),"""Rector"" stands here as a personal name alongside Honrichs; may be a corrupted surname rather than the office of Rector.",
70,070,2,emendation-uncertain,Die Sache wegen Colloma,Colonie / Kollmar?,"""Colloma"" is unattested elsewhere in this correspondence; possibly a corrupted place or family name.",
70,070,3,unmarked-in-german,0 marked,2 marked,the translator marked doubt where the German marks none - candidate silent transcription corruption,
70,070,3,emendation-uncertain,ich konte also Leck ſprechen,ich konnte also frei sprechen / dreist sprechen,"""Leck"" appears to be a misreading of an adverb of frankness.",
70,070,3,emendation-uncertain,Rochad,Rochow?,"""Rochad"" is unattested; von Rochow would be a plausible Prussian correspondent, but the reading is left alone.",
71,071,1,glossary-mismatch,Vollmacht,power of attorney,termbase rendering not found in the English,
71,071,2,unmarked-in-german,0 marked,1 marked,the translator marked doubt where the German marks none - candidate silent transcription corruption,
71,071,2,marker-check,,1 present,model reported 0 markers but emitted 1,
72,072,1,name-check,Besichtigung,,name in the German is absent from the English,
72,072,2,unmarked-in-german,0 marked,2 marked,the translator marked doubt where the German marks none - candidate silent transcription corruption,
72,072,3,unmarked-in-german,0 marked,5 marked,the translator marked doubt where the German marks none - candidate silent transcription corruption,
72,072,3,marker-check,,5 present,model reported 4 markers but emitted 5,
72,072,3,emendation-degrades,Praes. cynes,Praetensions-,Possibly an abbreviation for the claim-suit ('Praetensionen-Prozeß'); wholly unsettled.,
72,072,3,emendation-uncertain,Hallkleister Kädlin,Hofkleister? / a notary's name,'not' following may be 'notarielle'; the name is corrupt and should be checked against the manuscript.,
72,072,4,unmarked-in-german,0 marked,2 marked,the translator marked doubt where the German marks none - candidate silent transcription corruption,
72,072,4,emendation-degrades,Ew. Rahten,Ew. Rath,Possibly 'Ihren Rath' or a truncated title; unsettled.,
72,072,4,emendation-uncertain,anschönen werde zu seyn,beharren werde zu seyn / verharre,A closing formula such as 'mit welchen ich stets verharre' is expected; reading unsettled.,
72a,072a,1,name-check,,Warschon,name reported in the English is not in the German,
72a,072a,1,name-check,,Triebenfeld,name reported in the English is not in the German,
72a,072a,1,unmarked-in-german,0 marked,1 marked,the translator marked doubt where the German marks none - candidate silent transcription corruption,
72a,072a,1,emendation-degrades,Wurtz,März,"a month is expected after ""den 11ten oder 12ten""; Kurrent M/W confusion is common",
72a,072a,1,emendation-degrades,"rahlichabiren (p.2, continuing this sentence)",ratihabiren,"ratihabere = to ratify, matching ""sub spe rati""",
72a,072a,2,unmarked-in-german,0 marked,1 marked,the translator marked doubt where the German marks none - candidate silent transcription corruption,
72a,072a,2,emendation-uncertain,Burgruf von Jarnowski,"Burggraf / Bürgermeister von Jarnowski, or the komornik","""Burgruf"" is not a title; the officer serving a judgment would be a court or town officer",
72a,072a,3,unmarked-in-german,0 marked,3 marked,the translator marked doubt where the German marks none - candidate silent transcription corruption,
72a,072a,3,emendation-degrades,Rada Stana,Rada Stanu,"the Council of State of the Duchy of Warsaw is ""Rada Stanu""; retained as written in the names list",
72a,072a,3,emendation-uncertain,Schlähre,Schwäre / Sphäre / Kraft,"the sense required is ""remain in force""; the transcribed word is not German",
72a,072a,4,emendation-degrades,stets 300000 Rthl werth,stets = wenigstens,"""at least 300000 Rthl worth"" would fit the argument that the estates are clear of debt",
72b,072b,1,unmarked-in-german,0 marked,1 marked,the translator marked doubt where the German marks none - candidate silent transcription corruption,
72b,072b,2,unmarked-in-german,0 marked,1 marked,the translator marked doubt where the German marks none - candidate silent transcription corruption,
72b,072b,2,emendation-degrades,Herr Durchlaucht,Ewr Durchlaucht,The salary was promised by the Prince; 'Herr' is likely a miscopy of the honorific.,
72b,072b,3,unmarked-in-german,0 marked,1 marked,the translator marked doubt where the German marks none - candidate silent transcription corruption,
72b,072b,4,unmarked-in-german,0 marked,1 marked,the translator marked doubt where the German marks none - candidate silent transcription corruption,
72c,072c,1,glossary-mismatch,Hochzuehrender Herr,Highly Honoured Sir,termbase rendering not found in the English,
72c,072c,1,emendation-degrades,o Brzechsta,v[on] Brzechsta,"An isolated ""o"" before a surname is not a German usage; Kurrent ""v"" is easily read as ""o"", and the parallel ""v Wieckowski"" in the same sentence supports ""v"".",
72d,072d,1,emendation-degrades,Brzechsta,(unresolved),The signature does not correspond to a name otherwise attested in this correspondence; possibly a corrupted surname. Left exactly as transcribed.,
72e,072e,1,emendation-uncertain,B. Brzechsta,B. Brzechwa (?),"'Brzechsta' is not an attested Polish surname form; 'Brzechwa' or a similar name is likelier, but the reading is not settled and must not be altered in the text",
72f,072f,1,number-check,10,,numeral in the German does not appear in the English,
72f,072f,1,unmarked-in-german,0 marked,3 marked,the translator marked doubt where the German marks none - candidate silent transcription corruption,
72f,072f,1,emendation-uncertain,Siedern,Siedern = Siederer? or a place-name attribute of the Podprefect,Unidentifiable as transcribed.,
72f,072f,2,number-check,14,,numeral in the German does not appear in the English,
72f,072f,2,unmarked-in-german,0 marked,5 marked,the translator marked doubt where the German marks none - candidate silent transcription corruption,
72f,072f,2,marker-check,,5 present,model reported 4 markers but emitted 5,
72f,072f,2,emendation-uncertain,Erquilett,"Krüppel or ""ein Erkrankter""","Context requires something like ""like a cripple""; unresolved.",
72f,072f,2,emendation-degrades,seit Mahn,seit Mai,"A month-name would fit ""täglich ist seit ... hier Einquartierung"".",
72f,072f,3,name-check,,Sorrechsta,name reported in the English is not in the German,
72f,072f,3,unmarked-in-german,0 marked,3 marked,the translator marked doubt where the German marks none - candidate silent transcription corruption,
72f,072f,4,unmarked-in-german,0 marked,6 marked,the translator marked doubt where the German marks none - candidate silent transcription corruption,
72f,072f,4,marker-check,,6 present,model reported 5 markers but emitted 6,
72f,072f,4,emendation-uncertain,Honrichs,Heinrichs / Hawich,Name unstable in this correspondence; carried as transcribed.,
72f,072f,4,emendation-degrades,Kopoyno,Kopojno,The heading spells it Kopojno; the signature line Kopoyno. Both carried as found.,
73,073,1,unmarked-in-german,0 marked,4 marked,the translator marked doubt where the German marks none - candidate silent transcription corruption,
73,073,1,marker-check,,4 present,model reported 6 markers but emitted 4,
73,073,1,emendation-degrades,Hochzuehnder Herr,Hochzuehrender Herr,standard salutation; 'Hochzuehnder' lacks the r,
73,073,1,emendation-degrades,der Part contract,der Pacht-Contract,context is a lease contract; 'Part' likely misread 'Pacht',
73,073,2,marker-check,,0 present,model reported 1 markers but emitted 0,
73,073,2,emendation-degrades,doron v Stössel,Baron v Stössel,'der alte Baron v. Stössel' appears on p.3; 'doron' is likely a misread 'Baron',
73,073,3,unmarked-in-german,0 marked,3 marked,the translator marked doubt where the German marks none - candidate silent transcription corruption,
73,073,4,unmarked-in-german,0 marked,1 marked,the translator marked doubt where the German marks none - candidate silent transcription corruption,
73,073,4,marker-check,,1 present,model reported 2 markers but emitted 1,
74a,074a,1,number-check,"1871,",,numeral in the German does not appear in the English,
74a,074a,1,name-check,,Kallischen,name reported in the English is not in the German,
74a,074a,1,name-check,,Berlin,name reported in the English is not in the German,
74a,074a,1,unmarked-in-german,2 marked,6 marked,the translator marked doubt where the German marks none - candidate silent transcription corruption,
74a,074a,1,marker-check,,6 present,model reported 5 markers but emitted 6,
74a,074a,1,emendation-degrades,bis Ende July 1871,bis Ende July 1811,"The document is dated 30 July 1811, and 1 Nov 1807 to end July 1811 is exactly 3 3/4 years, as the text itself states.",
74a,074a,1,emendation-degrades,obgedachte 8000 Rthl,obgedachte 80000 Rthl,The bequest is twice named as 80000 Rthl elsewhere.,
74a,074a,2,glossary-mismatch,Cammer,Chamber,termbase rendering not found in the English,
74a,074a,2,glossary-mismatch,Invaliden-Casse,the Invalids' Fund,termbase rendering not found in the English,
74b,074b,1,glossary-mismatch,Propination,propination rights,termbase rendering not found in the English,
74b,074b,1,glossary-mismatch,Pro Memoria,Pro Memoria,termbase rendering not found in the English,
74b,074b,1,damage-page,[...],,page carries a gap or damaged edge; confirm the English shows the hole rather than bridging it,
74b,074b,1,emendation-degrades,Nogeln / Nageln,one single surname (e.g. Nageln),Two spellings within three lines of what appears to be the same person; one is likely a transcription slip.,
74b,074b,1,emendation-degrades,Radzowski / Radzewski,one single surname,Same person named twice with differing vowel; one spelling is likely a misreading.,
74c,074c,1,glossary-mismatch,Invaliden-Casse,the Invalids' Fund,termbase rendering not found in the English,
74c,074c,1,emendation-degrades,der Fürsten von Sacken,der Fürstin von Sacken,"The testatrix is introduced as ""der verstorbenen Frau Fürstin von Sacken""; the estate should be hers.",
74d,074d,1,unmarked-in-german,0 marked,1 marked,the translator marked doubt where the German marks none - candidate silent transcription corruption,
74d,074d,1,glossary-mismatch,Invaliden-Casse,the Invalids' Fund,termbase rendering not found in the English,
74d,074d,1,emendation-degrades,Woldermann / Stoewersand,(court officials' signatures),"Both are signature names of uncertain reading; ""Stoewersand"" in particular may be a misread surname. Left exactly as transcribed.",
74d,074d,1,emendation-degrades,Grüneberg,Grünberg,Grünberg in Schlesien is the known place; but the transcription is left standing.,
75,075,1,unmarked-in-german,0 marked,1 marked,the translator marked doubt where the German marks none - candidate silent transcription corruption,
75,075,3,name-check,,Krüger,name reported in the English is not in the German,
75,075,3,emendation-degrades,auf Johann,auf Johanni,"leases in this correspondence run to and from Johanni (24 June); a bare given name makes no sense with ""verpachtet""",
77,077,1,unmarked-in-german,0 marked,3 marked,the translator marked doubt where the German marks none - candidate silent transcription corruption,
77,077,1,emendation-uncertain,in dem Geh. Rath Beyhm,an den Geh. Rath Beyhm / durch den Geh. Rath Beyhm,the letter is presumably conveyed by or addressed to Privy Councillor Beyhm; 'in dem' is anomalous,
77,077,1,emendation-uncertain,Glen,Sie / Klein (a person),'Glen' appears where a subject of 'formirte' is needed; possibly a misread name or pronoun,
77,077,3,unmarked-in-german,0 marked,1 marked,the translator marked doubt where the German marks none - candidate silent transcription corruption,
77,077,3,glossary-mismatch,treuester Knecht,most faithful servant,termbase rendering not found in the English,
77,077,3,emendation-uncertain,Burensprung,Burgsdorff / Burgsdorf,the Prussian Landforstmeister of the period; name may be corrupted — not folded into translation,
78,078,1,unmarked-in-german,0 marked,1 marked,the translator marked doubt where the German marks none - candidate silent transcription corruption,
78,078,1,emendation-degrades,Geh. Ewang Rath Schultz,Geh. Ober-Finanz-Rath Schultz (or Geh. Legations-Rath),'Ewang' is not a known Prussian councillor style; likely a garbled abbreviation in the Kurrent,
78,078,2,unmarked-in-german,0 marked,1 marked,the translator marked doubt where the German marks none - candidate silent transcription corruption,
78,078,2,emendation-degrades,H. v. Seit benfeld,H. v. Triebenfeld,v. Triebenfeld is named in the preceding sentence; 'Seit benfeld' is likely a misreading of the same name,
78,078,2,emendation-degrades,Minister v. Rath,Minister v. Voss,Voss is the minister named on page 1; 'Rath' may be a stray title read as a name,
78,078,2,emendation-uncertain,der Lebritz,der Cabinets-Rath / a place-name,unattested; the definite article suggests an office rather than a person,
78,078,3,unmarked-in-german,0 marked,2 marked,the translator marked doubt where the German marks none - candidate silent transcription corruption,
78,078,4,unmarked-in-german,0 marked,1 marked,the translator marked doubt where the German marks none - candidate silent transcription corruption,
78,078,4,emendation-uncertain,Michaelis,"possibly a surname, or the feast of Michaelmas mistaken for a signature",appears in the signature position but immediately before the place and date,
79,079,1,name-check,,Worner,name reported in the English is not in the German,
79,079,1,unmarked-in-german,0 marked,2 marked,the translator marked doubt where the German marks none - candidate silent transcription corruption,
79,079,2,unmarked-in-german,0 marked,1 marked,the translator marked doubt where the German marks none - candidate silent transcription corruption,
79,079,2,emendation-degrades,ihre 12 Rthl,possibly 12000 Rthl,The sum distributed below (2500 + 3000 + 300 ducats + remainder) far exceeds 12 Rthl. Figure left exactly as transcribed per rule.,
79,079,3,emendation-degrades,Stra ensee,Struensee,Word-break in the manuscript; the name is spelled 'Struensee' twice elsewhere.,
79,079,4,unmarked-in-german,0 marked,4 marked,the translator marked doubt where the German marks none - candidate silent transcription corruption,
79,079,4,glossary-mismatch,treuester Knecht,most faithful servant,termbase rendering not found in the English,
79,079,4,emendation-uncertain,ter 120 Rthl,"unter 120 Rthl, or a marginal insertion belonging elsewhere",'ter' is an orphaned syllable; the figure may belong to a different clause. Figure carried across unchanged.,
80,080,1,name-check,,Hohenlohe-Ingelfingen,name reported in the English is not in the German,
81,081,1,unmarked-in-german,0 marked,1 marked,the translator marked doubt where the German marks none - candidate silent transcription corruption,
81,081,1,emendation-degrades,Registratus mit Expedition,Registratur und Expedition,"The registry and dispatch office is the plausible institution from which the writer ""is just now returning"".",
81,081,1,emendation-degrades,Geh. Einweg Rath,Geh. [Ober-]Finanz Rath (or another title element),"""Einweg"" is not an element of any Prussian councillor's title; a misread compound is likely, but the correct reading cannot be settled here.",
81,081,2,unmarked-in-german,0 marked,1 marked,the translator marked doubt where the German marks none - candidate silent transcription corruption,
82,082,1,unmarked-in-german,0 marked,2 marked,the translator marked doubt where the German marks none - candidate silent transcription corruption,
82,082,2,unmarked-in-german,1 marked,2 marked,the translator marked doubt where the German marks none - candidate silent transcription corruption,
82,082,2,emendation-uncertain,seinen,seinen [Namen] / eigenhändig,possibly a truncated docket note or an abandoned word,
83,083,1,unmarked-in-german,0 marked,1 marked,the translator marked doubt where the German marks none - candidate silent transcription corruption,
83,083,1,emendation-uncertain,Unſchäppbares Begrat,unschätzbares Beygut / unschätzbares Kleinod,"""unschätzbares"" (inestimable) is the likely adjective; ""Begrat"" resembles no noun — possibly ""Beygut"" (adjoining estate) or a misread ""Kleinod"".",
83,083,3,name-check,Höym,,name in the German is absent from the English,
84,084,1,emendation-degrades,die Krotoszyn zu Sache zu arangiren,die Krotoszyner Sache zu arangiren,"Word order suggests a garbled ""die Krotoszyner Sache"" (the Krotoszyn affair).",
84,084,2,marker-check,1 in German,0 in English,a mark of doubt in the German is missing from the English - a hole may have been smoothed over,
84,084,3,unmarked-in-german,0 marked,2 marked,the translator marked doubt where the German marks none - candidate silent transcription corruption,
85,085,1,unmarked-in-german,0 marked,1 marked,the translator marked doubt where the German marks none - candidate silent transcription corruption,
85,085,1,emendation-degrades,Kr. Rath v. Triebenfeld,Kriegs- und Forstrath v. Triebenfeld,The abbreviation likely stands for the fuller title used elsewhere in the corpus.,
85,085,2,unmarked-in-german,0 marked,2 marked,the translator marked doubt where the German marks none - candidate silent transcription corruption,
86,086,1,emendation-degrades,gedachten Minister v. Voss aufgegeben haben,dem gedachten Minister v. Voss aufgegeben haben,Dative article apparently omitted in transcription.,
86,086,2,unmarked-in-german,0 marked,1 marked,the translator marked doubt where the German marks none - candidate silent transcription corruption,
86,086,2,emendation-degrades,in den Münster von Struensee,an den Minister von Struensee,"Münster/Minister is a plain letter confusion; ""in den"" for ""an den"" is a common Kurrent misreading.",
86,086,3,name-check,Höym,,name in the German is absent from the English,
86,086,3,unmarked-in-german,0 marked,1 marked,the translator marked doubt where the German marks none - candidate silent transcription corruption,
87,087,2,unmarked-in-german,0 marked,2 marked,the translator marked doubt where the German marks none - candidate silent transcription corruption,
87,087,3,unmarked-in-german,0 marked,1 marked,the translator marked doubt where the German marks none - candidate silent transcription corruption,
87,087,4,unmarked-in-german,0 marked,2 marked,the translator marked doubt where the German marks none - candidate silent transcription corruption,
88,088,1,name-check,,Breslau,name reported in the English is not in the German,
88,088,1,unmarked-in-german,0 marked,2 marked,the translator marked doubt where the German marks none - candidate silent transcription corruption,
88,088,1,glossary-mismatch,Hochwohlgebohren,Your Right Honourable,termbase rendering not found in the English,
88,088,2,unmarked-in-german,0 marked,2 marked,the translator marked doubt where the German marks none - candidate silent transcription corruption,
89,089,1,marker-check,,0 present,model reported 1 markers but emitted 0,
89,089,1,emendation-uncertain,eine an Noch:,"eine an Noch[hammer?] / ""und noch eine""",unclear whether a name or the adverb; left as transcribed,
89,089,3,unmarked-in-german,0 marked,1 marked,the translator marked doubt where the German marks none - candidate silent transcription corruption,
89,089,3,glossary-mismatch,Dismembration,dismemberment,termbase rendering not found in the English,
89,089,4,emendation-uncertain,Rentmeister Schmudels,Rentmeister Schmude / Schmudel,surname possibly corrupted or in the genitive with an added -s,
89,089,5,unmarked-in-german,0 marked,1 marked,the translator marked doubt where the German marks none - candidate silent transcription corruption,
89,089,6,unmarked-in-german,0 marked,1 marked,the translator marked doubt where the German marks none - candidate silent transcription corruption,
89,089,7,unmarked-in-german,0 marked,2 marked,the translator marked doubt where the German marks none - candidate silent transcription corruption,
89,089,8,marker-check,,1 present,model reported 2 markers but emitted 1,
91,091,1,unmarked-in-german,0 marked,1 marked,the translator marked doubt where the German marks none - candidate silent transcription corruption,
91,091,2,marker-check,1 in German,0 in English,a mark of doubt in the German is missing from the English - a hole may have been smoothed over,
91,091,2,emendation-degrades,Beym[?],Beyme,The edition's header gives the sender as Beyme; the signature is however only partly legible in the manuscript and is carried as transcribed.,
92,092,1,unmarked-in-german,0 marked,1 marked,the translator marked doubt where the German marks none - candidate silent transcription corruption,
92,092,1,emendation-uncertain,tausp.,Tausch- (exchange) or Kaufs- (purchase),An abbreviation for the subject-matter of the Krotoszyn affair; cannot be settled from this text alone.,
92,092,1,emendation-uncertain,Donntag,Sonntag or Donnerstag,No such weekday; single-letter confusion likely.,
93,093,1,unmarked-in-german,0 marked,1 marked,the translator marked doubt where the German marks none - candidate silent transcription corruption,
93,093,1,emendation-degrades,H. C. H Beym,H[err] C[abinets] R[ath] Beyme,Karl Friedrich Beyme was Cabinet Councillor to Friedrich Wilhelm III in 1798; the final -e may have been lost and R misread as H.,
93,093,2,unmarked-in-german,0 marked,2 marked,the translator marked doubt where the German marks none - candidate silent transcription corruption,
93,093,2,emendation-uncertain,elementiren,démolieren / ruiniren,"A verb of destruction is required by the metaphor; possibly ""eliminiren"" or a Kurrent misreading of ""demoliren"".",
93,093,3,unmarked-in-german,1 marked,4 marked,the translator marked doubt where the German marks none - candidate silent transcription corruption,
93,093,3,emendation-degrades,vlld,Rthl,A sum of several thousand in a gift snuff-box; the abbreviation may be a misread currency mark. Wholly conjectural.,
94,094,1,unmarked-in-german,0 marked,1 marked,the translator marked doubt where the German marks none - candidate silent transcription corruption,
94,094,2,marker-check,,1 present,model reported 2 markers but emitted 1,
94,094,2,emendation-degrades,Zartmo[?],unsettled,The signature is incomplete and the name-form is not attested elsewhere in the correspondence; left as transcribed.,
95,095,1,unmarked-in-german,0 marked,1 marked,the translator marked doubt where the German marks none - candidate silent transcription corruption,
95,095,2,unmarked-in-german,0 marked,1 marked,the translator marked doubt where the German marks none - candidate silent transcription corruption,
96,096,1,name-check,Bernhardi,,name in the German is absent from the English,
96,096,2,emendation-degrades,Weise nach Öhringen,Reise nach Öhringen,"""Reise"" (journey) fits the context of leave, route and tour; R/W confusion in Kurrent. Translation retains a neutral rendering.",
96,096,3,name-check,Beyhm,,name in the German is absent from the English,
97,097,2,unmarked-in-german,1 marked,3 marked,the translator marked doubt where the German marks none - candidate silent transcription corruption,
97,097,2,glossary-mismatch,treuester Knecht,most faithful servant,termbase rendering not found in the English,
97,097,2,emendation-degrades,Prot.,Protocoll-Sache,Abbreviation left unexpanded in the transcription; could equally be 'Protestations-' or a personal matter.,
97,097,2,emendation-uncertain,Glenck,Gelenk / a proper noun,"Unattested as written; possibly a mechanical term for the trap's hinge, or a corrupted surname.",
98,098,1,emendation-uncertain,Quat: Sache,Quart:/Quatember-Sache?,abbreviation left unexpanded in the transcription,
98,098,2,unmarked-in-german,0 marked,1 marked,the translator marked doubt where the German marks none - candidate silent transcription corruption,
98,098,2,emendation-uncertain,jedes Bees,jedes Böse / jedenfalls,"possibly ""alles Böse"" (all the trouble); unresolved",
98,098,3,unmarked-in-german,0 marked,2 marked,the translator marked doubt where the German marks none - candidate silent transcription corruption,
98,098,3,emendation-uncertain,der Armez verwerten Princes,der arrestirten/verwitweten Prinzess,context is the widowed Princess Louis of the previous page; wholly conjectural,
98,098,4,glossary-mismatch,treuester Knecht,most faithful servant,termbase rendering not found in the English,
99,099,1,unmarked-in-german,0 marked,3 marked,the translator marked doubt where the German marks none - candidate silent transcription corruption,
99,099,1,emendation-degrades,Durchlaucht v Köckritz,der Obrist v. Köckritz,"Köckritz was a royal adjutant, not a Durchlaucht; 'O v Ko.' appears on p. 3.",
99,099,2,emendation-degrades,wolte Brand: nicht erlaubt,wolte Brand: nicht erlauben,Infinitive required after 'wolte'.,
99,099,3,name-check,,O. v. Ko.,name reported in the English is not in the German,
99,099,3,unmarked-in-german,0 marked,6 marked,the translator marked doubt where the German marks none - candidate silent transcription corruption,
99,099,3,marker-check,,6 present,model reported 5 markers but emitted 6,
99,099,3,emendation-uncertain,das Löte,der Lette / der L[andrath],Unidentifiable; possibly a corrupted surname.,
99,099,3,emendation-degrades,K. Rath v Cöln,Kriegsrath v. Cöln,'K. Rath' expanded per the office; the name may also be a misreading.,
100,100,1,emendation-degrades,Etats Minister,Etats-Minister (Staatsminister),Standard Prussian title; spelling retained as transcribed in the translation.,
101,101,1,marker-check,,0 present,model reported 1 markers but emitted 0,
101,101,1,emendation-degrades,9540 Rthl,9543 Rthl,Page 2 gives the same fund as 9543 Rthl; one of the two figures is a misreading. Both left as transcribed.,
101,101,2,unmarked-in-german,0 marked,1 marked,the translator marked doubt where the German marks none - candidate silent transcription corruption,
101,101,3,unmarked-in-german,0 marked,1 marked,the translator marked doubt where the German marks none - candidate silent transcription corruption,
101,101,3,emendation-uncertain,Holländer Hufe / zweyer Holländer,Hauländer Hufe / zweyer Hauländer,The settler tenure in this correspondence is Hauländer (see NEEDS_CONFIRMATION section G); 'Holländer' may be the transcriber's normalisation. Left as transcrib,
101,101,4,number-check,20,,numeral in the German does not appear in the English,
101,101,4,unmarked-in-german,0 marked,3 marked,the translator marked doubt where the German marks none - candidate silent transcription corruption,
101,101,5,unmarked-in-german,0 marked,1 marked,the translator marked doubt where the German marks none - candidate silent transcription corruption,
101,101,6,unmarked-in-german,0 marked,2 marked,the translator marked doubt where the German marks none - candidate silent transcription corruption,
101,101,7,unmarked-in-german,0 marked,1 marked,the translator marked doubt where the German marks none - candidate silent transcription corruption,
101,101,7,glossary-mismatch,In tiefster,In deepest reverence,termbase rendering not found in the English,
102,102,1,glossary-mismatch,Durchlaucht,Serene Highness,termbase rendering not found in the English,
102,102,1,emendation-uncertain,Chelmshi,Chelmski / Chełmski,"Polish surname form; ""Chelmshi"" is orthographically unlikely in Kurrent transcription (k/h confusion)",
102,102,2,unmarked-in-german,0 marked,1 marked,the translator marked doubt where the German marks none - candidate silent transcription corruption,
102,102,2,emendation-degrades,der Prussiemski publicum zu laßen,der Prussiemski publiciren zu laßen,"""publicum"" is not construable; the sense of publishing a decree requires a verb",
102,102,3,name-check,,Prittswig,name reported in the English is not in the German,
102,102,3,emendation-uncertain,Winieces,Winiec / Wieniec,place name likely corrupted,
102,102,3,emendation-degrades,das Weigel davon Schuld ist,daß Weigel davon Schuld ist,"das/daß confusion, common in transcription",
102,102,4,name-check,,Berlin,name reported in the English is not in the German,
102,102,4,unmarked-in-german,0 marked,2 marked,the translator marked doubt where the German marks none - candidate silent transcription corruption,
102,102,4,emendation-degrades,schmarcht,schmachtet,nearest plausible German verb; but not settled,
103,103,1,unmarked-in-german,0 marked,1 marked,the translator marked doubt where the German marks none - candidate silent transcription corruption,
103,103,1,glossary-mismatch,Durchlaucht,Serene Highness,termbase rendering not found in the English,
103,103,2,name-check,,Beukert,name reported in the English is not in the German,
103,103,2,unmarked-in-german,0 marked,2 marked,the translator marked doubt where the German marks none - candidate silent transcription corruption,
103,103,2,emendation-uncertain,Winiges Forſte,Winieger / Winiec Forst,'Winiges' as an adjectival place-form is odd; likely a Polish forest name garbled.,
103,103,3,unmarked-in-german,0 marked,1 marked,the translator marked doubt where the German marks none - candidate silent transcription corruption,
103,103,3,emendation-degrades,Ertrag von p Beukert,Ertrag von H[errn] Beukert,'p' is likely an abbreviation ('praefatus' or 'Herrn'); left as transcribed.,
103,103,4,unmarked-in-german,1 marked,2 marked,the translator marked doubt where the German marks none - candidate silent transcription corruption,
104,104,1,unmarked-in-german,0 marked,2 marked,the translator marked doubt where the German marks none - candidate silent transcription corruption,
104,104,1,glossary-mismatch,Thoren,Thorn,termbase rendering not found in the English,
104,104,3,unmarked-in-german,0 marked,1 marked,the translator marked doubt where the German marks none - candidate silent transcription corruption,
104,104,3,glossary-mismatch,Thoren,Thorn,termbase rendering not found in the English,
105,105,1,marker-check,,0 present,model reported 1 markers but emitted 0,
105,105,1,emendation-degrades,auch Breslau Seniation gemacht habe,auch in Breslau Sensation gemacht habe,a missing preposition would make the clause parse,
106,106,1,emendation-uncertain,Empletu,"Emption / Empfion (emtio, purchase)","Latin emtio/emptio (""purchase"") would fit the context of a Güterkauf; the transcribed form is not a word.",
106,106,2,name-check,Besichtigung,,name in the German is absent from the English,
106,106,3,emendation-degrades,nur Eysenhardt sagt,mir Eysenhardt sagt,"""as Eysenhardt tells me"" is the expected idiom; nur/mir differ by one minim in Kurrent.",
107,107,2,unmarked-in-german,0 marked,3 marked,the translator marked doubt where the German marks none - candidate silent transcription corruption,
107,107,2,emendation-degrades,der Min Heinel,der Min. Heinitz,possible corruption of a Prussian minister's name; not settled,
107,107,3,unmarked-in-german,0 marked,2 marked,the translator marked doubt where the German marks none - candidate silent transcription corruption,
108,108,1,name-check,,Triebenfeld,name reported in the English is not in the German,
108,108,1,glossary-mismatch,Durchlaucht,Serene Highness,termbase rendering not found in the English,
108,108,2,unmarked-in-german,0 marked,5 marked,the translator marked doubt where the German marks none - candidate silent transcription corruption,
108,108,2,marker-check,,5 present,model reported 4 markers but emitted 5,
109,109,1,unmarked-in-german,0 marked,9 marked,the translator marked doubt where the German marks none - candidate silent transcription corruption,
109,109,1,marker-check,,9 present,model reported 8 markers but emitted 9,
109,109,1,emendation-degrades,Berlin den 31ten Januar 1805,Berlin den 31ten Januar 1801,The edition dates this letter [1801-01-31]; the year in the transcription reads 1805. Discrepancy left standing in the translation.,
109,109,1,emendation-uncertain,Wildegansch,Wildegans / Wildegansky,Possibly a corrupted surname; final -ch may be a Kurrent flourish. Not emended in the translation.,
109,109,2,unmarked-in-german,0 marked,1 marked,the translator marked doubt where the German marks none - candidate silent transcription corruption,
109,109,2,emendation-uncertain,Pärzten,Pächter? / a place name?,"Not a recognisable word or established name; possibly a corrupted place or a misreading of ""Pächter"" (lessees). Left unemended.",
110,110,1,unmarked-in-german,0 marked,1 marked,the translator marked doubt where the German marks none - candidate silent transcription corruption,
110,110,1,glossary-mismatch,treuester Knecht,most faithful servant,termbase rendering not found in the English,
110,110,1,emendation-degrades,in die erste Ministerial Bericht,in dem ersten Ministerial-Bericht,Gender/case do not agree as transcribed; likely a transcription slip rather than the writer's usage.,
111,111,1,unmarked-in-german,0 marked,2 marked,the translator marked doubt where the German marks none - candidate silent transcription corruption,
111,111,1,emendation-uncertain,Wildegansch,Wildegans / Wildeganß,Proper noun with an anomalous -sch ending; possibly the surname Wildegans. Not altered in the translation.,
112,112,1,emendation-degrades,der bis hafte Wildegansch,der boshafte Wildegansch,"""bis hafte"" is meaningless; boshaft (malicious) fits the invective and the Kurrent letter-shapes.",
112,112,1,emendation-uncertain,Wünster,Wüster / Münster (?),Name occurs once only and cannot be checked against the other letters; flagged as unverified.,
112,112,1,emendation-degrades,Wildegansch / Wildegens / Wilde Ganß,one consistent form,"Three spellings of the same person within two pages; at least two must be misreadings, but the edition leaves them as transcribed.",
112,112,2,unmarked-in-german,0 marked,3 marked,the translator marked doubt where the German marks none - candidate silent transcription corruption,
113,113,1,unmarked-in-german,0 marked,1 marked,the translator marked doubt where the German marks none - candidate silent transcription corruption,
113,113,1,emendation-uncertain,Asch und Gad,Asch und Gad (creditor firm?),"Reads as a pair of Jewish creditor names; on page 2 the same pair appears as ""Asch und Geld"", suggesting one of the two transcriptions is corrupt.",
113,113,2,unmarked-in-german,0 marked,1 marked,the translator marked doubt where the German marks none - candidate silent transcription corruption,
113,113,2,emendation-degrades,Wildegensch,Wildegensch (unidentified),Name form not otherwise attested in the correspondence; possibly a corrupted surname.,
114,114,1,unmarked-in-german,0 marked,3 marked,the translator marked doubt where the German marks none - candidate silent transcription corruption,
114,114,1,marker-check,,3 present,model reported 4 markers but emitted 3,
114,114,1,emendation-uncertain,die Schnee noth,die Schwind-noth / die schwere Not,"""Schneenoth"" makes no sense as an imprecation; ""die schwere Not"" (the falling sickness) is the period curse.",
114,114,2,unmarked-in-german,2 marked,4 marked,the translator marked doubt where the German marks none - candidate silent transcription corruption,
114,114,2,marker-check,,4 present,model reported 6 markers but emitted 4,
114,114,2,glossary-mismatch,Wechsel,bill of exchange,termbase rendering not found in the English,
114,114,2,emendation-uncertain,die Bethe,die Beylage / die Acte,"""Bethe"" is not an identifiable noun in this context; a document expected back with a declaration is meant.",
114,114,2,emendation-degrades,in großer Wechsel,in großen Wechseln,grammatical concord suggests a plural dative of Wechsel (bills of exchange).,
114,114,2,emendation-uncertain,Frig[?],Fritz / Frisch,signature abbreviation uncertain in the manuscript; left as transcribed.,
115,115,1,name-check,,Triebenfeld,name reported in the English is not in the German,
115,115,1,emendation-degrades,Mitt dH. Minister,Mit d[em] H[errn] Minister,abbreviation for 'dem Herrn Minister'.,
115,115,2,emendation-degrades,in der Quist. Angelegenheit,in der Quist[schen] Angelegenheit,"The abbreviation point suggests an adjectival form of a family name, 'the Quist affair'.",
116,116,1,unmarked-in-german,0 marked,1 marked,the translator marked doubt where the German marks none - candidate silent transcription corruption,
116,116,1,glossary-mismatch,Pohlen,Poland,termbase rendering not found in the English,
116,116,2,glossary-mismatch,Pohlen,Poland,termbase rendering not found in the English,
116,116,3,number-check,10,,numeral in the German does not appear in the English,
116,116,3,name-check,,Breslau,name reported in the English is not in the German,
116,116,3,unmarked-in-german,1 marked,3 marked,the translator marked doubt where the German marks none - candidate silent transcription corruption,
116,116,3,emendation-uncertain,Wünstere,a personal name (Wünsche? Wünster?),Reads as a proper noun in the position of a person not to be shown the note; the form is not a German word and the name is otherwise unattested here.,
117,117,1,unmarked-in-german,0 marked,2 marked,the translator marked doubt where the German marks none - candidate silent transcription corruption,
117,117,1,emendation-degrades,wie es o Grotowski ausstellen muß,wie es v. Grotowski ausstellen muß,"'o' almost certainly a misread 'v.' (von), as elsewhere on the page",
117,117,1,emendation-degrades,Hoffrath Ebersbach,Hofrath Ebersbach,orthographic doubling only; name itself left as transcribed,
117,117,2,unmarked-in-german,0 marked,2 marked,the translator marked doubt where the German marks none - candidate silent transcription corruption,
117,117,2,emendation-degrades,der Siderung Smith,der Sidney Smith,Sir Sidney Smith commanded off Flushing; 'Siderung' has no sense,
117,117,3,unmarked-in-german,0 marked,3 marked,the translator marked doubt where the German marks none - candidate silent transcription corruption,
117,117,3,marker-check,,3 present,model reported 2 markers but emitted 3,
118b,118b,1,unmarked-in-german,0 marked,1 marked,the translator marked doubt where the German marks none - candidate silent transcription corruption,
118b,118b,1,glossary-mismatch,Wechsel,bill of exchange,termbase rendering not found in the English,
118b,118b,1,emendation-degrades,die Mieths Kutscher 20 Rthl habe,die Mieths Kutscher 20 Rthl haben,Plural verb required by 'verlangten' in the same clause; likely a slip of the pen or a transcription error.,
118c,118c,1,glossary-mismatch,Ewr Hochfürstliche Durchlaucht,Your Most Serene Highness,termbase rendering not found in the English,
118c,118c,1,glossary-mismatch,Wechsel,bill of exchange,termbase rendering not found in the English,
118c,118c,1,emendation-degrades,Die Gräfin Schlabrendorff wird mit die 50000 Rthl bis Weinachten ... warten,mit den 50000 Rthl,Case error (accusative for dative) in the transcription; sense unaffected.,
119,119,1,unmarked-in-german,0 marked,1 marked,the translator marked doubt where the German marks none - candidate silent transcription corruption,
119,119,1,glossary-mismatch,Dismembration,dismemberment,termbase rendering not found in the English,
119,119,1,emendation-degrades,vor 23 Hufen,für 23 Hufen,'vor' for 'für' is a common orthographic variant of the period; sense is 'for'.,
119,119,2,unmarked-in-german,0 marked,1 marked,the translator marked doubt where the German marks none - candidate silent transcription corruption,
120,120,1,number-check,14,,numeral in the German does not appear in the English,
120,120,1,unmarked-in-german,0 marked,2 marked,the translator marked doubt where the German marks none - candidate silent transcription corruption,
120,120,1,emendation-uncertain,hinweitem,"hinreiten / hin, weiter","No such German word; a verb of motion is required by ""soll ... wieder"".",
120,120,2,unmarked-in-german,0 marked,1 marked,the translator marked doubt where the German marks none - candidate silent transcription corruption,
120,120,2,emendation-degrades,Wunchel,Kunckel,The two names occur three lines apart and the same person appears to be meant (he writes to his mother; the mother of the Kunckel lives here). One of the two re,
122,122,1,emendation-degrades,Hus sinietz,Hussinietz,"Almost certainly one word, the Silesian village of Hussinetz (Husinec) near Strehlen; the space is likely a line-break artefact. Not folded into the translation",
123,123,1,unmarked-in-german,0 marked,2 marked,the translator marked doubt where the German marks none - candidate silent transcription corruption,
124,124,1,emendation-uncertain,Skokum,Skoków / Skoki,Place name adjoining Kopoyno (Kopydłowo?) in Greater Poland; 'Skokum' is not a Polish toponym form. Not folded into the translation.,
125,125,1,unmarked-in-german,0 marked,1 marked,the translator marked doubt where the German marks none - candidate silent transcription corruption,
125,125,1,emendation-uncertain,Olesnica,Oleśnica / Oels,Silesian place name near Breslau; the transcribed form may reflect either the Polish or a corrupted spelling — left as transcribed,
126,126,1,marker-check,1 in German,0 in English,a mark of doubt in the German is missing from the English - a hole may have been smoothed over,
126,126,1,marker-check,,0 present,model reported 1 markers but emitted 0,
126,126,1,emendation-degrades,Cabunis / Cabanis,One consistent spelling (probably Cabanis),"The same person is evidently named twice in three lines with two different spellings; one is a transcription error, but which is not determinable from the text.",
126,126,1,emendation-uncertain,die Olesnicas Leute,die Olesnicaer Leute / die Oleśnica Leute,Place-name adjective form irregular; Olesnica (Oels) is plausible but the genitive-s form is unusual.,
127,127,1,emendation-degrades,900 Rthl,910 Rthl,the total computed immediately above is 910 Rthl; but the figure is left as transcribed,
128,128,1,name-check,,Triebenfeld,name reported in the English is not in the German,
128,128,1,unmarked-in-german,0 marked,1 marked,the translator marked doubt where the German marks none - candidate silent transcription corruption,
128,128,1,emendation-uncertain,eingekäuschte,eingeschlichene / eingekauschte(?),"no such participle exists; possibly ""eingeschlichene"" (crept in) or a Kurrent misreading of ""eingeräumte""",
128,128,2,name-check,Erreichung,,name in the German is absent from the English,
128,128,2,unmarked-in-german,0 marked,1 marked,the translator marked doubt where the German marks none - candidate silent transcription corruption,
128,128,2,emendation-uncertain,abheilet,abzuheben / erhalten,"no sense of ""abheilen"" (to heal over) fits a monetary calculation",
128,128,3,unmarked-in-german,0 marked,2 marked,the translator marked doubt where the German marks none - candidate silent transcription corruption,
128,128,3,emendation-uncertain,stuppen,stumm / stutzen,no such verb; the Kurrent forms of stumm and stuppen are close,
128,128,4,unmarked-in-german,0 marked,1 marked,the translator marked doubt where the German marks none - candidate silent transcription corruption,
128,128,4,emendation-uncertain,häste,sitze / hätte,"reported speech in the subjunctive would give ""sitze"" or ""hätte""",
129,129,1,unmarked-in-german,0 marked,1 marked,the translator marked doubt where the German marks none - candidate silent transcription corruption,
129,129,1,emendation-degrades,A.elang,Amelang,The same person is named 'Amelang' two lines later; the 'm' minims were probably lost.,
129,129,2,unmarked-in-german,1 marked,2 marked,the translator marked doubt where the German marks none - candidate silent transcription corruption,
130,130,1,unmarked-in-german,0 marked,1 marked,the translator marked doubt where the German marks none - candidate silent transcription corruption,
130,130,1,emendation-degrades,Leine,Leixner,the preceding sentences concern Leixner; 'Leine' may be a truncated reading,
130,130,2,emendation-uncertain,Bersch,Bersche / Beersch,place name uncertain and possibly corrupt,
131,131,1,emendation-degrades,dem Rußland will absolut Krieg,denn Rußland will absolut Krieg,dem/denn differ by one minim stroke; the causal conjunction is required,
131,131,2,unmarked-in-german,0 marked,2 marked,the translator marked doubt where the German marks none - candidate silent transcription corruption,
131,131,2,glossary-mismatch,treuester Knecht,most faithful servant,termbase rendering not found in the English,
131,131,2,emendation-degrades,Der Arrest Schlagen an genommen werden soll,der Arrest schlechthin angenommen werden soll,"one plausible reconstruction: ""the arrest is simply to be admitted""; wholly conjectural",
131,131,2,emendation-degrades,Broniewalische,Broniewskische,Polish surname Broniewski is the likelier underlying form; name kept exactly as transcribed in the translation,
132,132,1,unmarked-in-german,0 marked,2 marked,the translator marked doubt where the German marks none - candidate silent transcription corruption,
132,132,1,emendation-degrades,rung,Rthl,"A currency abbreviation is expected after 'dreißig Tausend'; cf. the '30000 mk' immediately following, which is also anomalous.",
132,132,1,emendation-degrades,dh Ere Director,der Herr Director,The abbreviation cluster is likely 'd[er] H[e]r[r]'.,
132,132,2,unmarked-in-german,0 marked,2 marked,the translator marked doubt where the German marks none - candidate silent transcription corruption,
132,132,2,emendation-degrades,ich inle den gleich wieder nach Berlin,ich eile dann gleich wieder nach Berlin,'I shall then hasten back at once to Berlin' fits the sequence conclude/furnish.,
132,132,2,emendation-degrades,Evection,Execution,'leiste die Execution' (carry out the execution of the contract) is a plausible legal formula.,
132,132,3,unmarked-in-german,0 marked,2 marked,the translator marked doubt where the German marks none - candidate silent transcription corruption,
132,132,3,emendation-degrades,Franckfurth a d h.,Franckfurth a d O(der),The letter is headed Frankfurt an der Oder; 'a d h.' is likely a misread 'a. d. O.'. Left as transcribed.,
133,133,1,unmarked-in-german,0 marked,1 marked,the translator marked doubt where the German marks none - candidate silent transcription corruption,
133,133,1,glossary-mismatch,Durchlaucht,Serene Highness,termbase rendering not found in the English,
133,133,2,unmarked-in-german,0 marked,1 marked,the translator marked doubt where the German marks none - candidate silent transcription corruption,
133,133,2,emendation-uncertain,entweren,entbehren / entwähren,A verb of doing-without or of warranting would fit; the transcription is not a word.,
133,133,3,unmarked-in-german,0 marked,1 marked,the translator marked doubt where the German marks none - candidate silent transcription corruption,
133,133,3,marker-check,,1 present,model reported 2 markers but emitted 1,
133,133,3,emendation-uncertain,versagte Holländische Forderungen,versägte / verjagte / versagte,'versagte' (refused) is odd with Forderungen; possibly 'verfallene' (matured).,
133,133,3,emendation-degrades,H. Beym,Herr Beyme (Cabinet Councillor Karl Friedrich Beyme),"The Prussian cabinet councillor Beyme is the likely referent, but the name is left as transcribed.",
133,133,4,unmarked-in-german,0 marked,1 marked,the translator marked doubt where the German marks none - candidate silent transcription corruption,
133,133,4,marker-check,,1 present,model reported 3 markers but emitted 1,
133,133,4,emendation-degrades,Der Alte bitte Köckritz,Der alte brave Köckritz,'brave' (worthy) fits the eulogistic context and is graphically near 'bitte'.,
133,133,4,emendation-uncertain,Leitischen Laagen,Leipziger / Schlesischen Lagen,'Leitisch' is not an attested adjective; a place-adjective is expected.,
134,134,1,unmarked-in-german,0 marked,2 marked,the translator marked doubt where the German marks none - candidate silent transcription corruption,
134,134,1,emendation-uncertain,Leugnich / Lengnich,one form throughout (Lengnich?),The same person is spelled two ways within four lines.,
134,134,2,unmarked-in-german,0 marked,2 marked,the translator marked doubt where the German marks none - candidate silent transcription corruption,
134,134,2,emendation-uncertain,Jentramente,Instrumente / Documente,Context requires the loan papers or documents.,
134,134,3,name-check,,Amelang,name reported in the English is not in the German,
134,134,3,unmarked-in-german,0 marked,1 marked,the translator marked doubt where the German marks none - candidate silent transcription corruption,
134,134,3,glossary-mismatch,Curland,Courland,termbase rendering not found in the English,
134,134,4,unmarked-in-german,0 marked,2 marked,the translator marked doubt where the German marks none - candidate silent transcription corruption,
134,134,5,name-check,,Amelang,name reported in the English is not in the German,
134,134,5,emendation-degrades,Inso lution,Resolution,Matches 'diese Resolution' on p.3.,
134,134,7,unmarked-in-german,0 marked,2 marked,the translator marked doubt where the German marks none - candidate silent transcription corruption,
134,134,7,emendation-degrades,124 Rthl,124000 Rthl,Only a six-figure sum makes the 'over half indebted' statement coherent.,
134,134,7,emendation-uncertain,Bronicurln,Bronikowski (?),A Polish surname is expected; form as transcribed is not viable.,
134,134,7,emendation-uncertain,Pliehen,Pfuel / Plüskow (?),Name doubtful; a Potsdam correspondent.,
134,134,8,unmarked-in-german,0 marked,2 marked,the translator marked doubt where the German marks none - candidate silent transcription corruption,
134,134,8,glossary-mismatch,Dismembration,dismemberment,termbase rendering not found in the English,
135,135,1,unmarked-in-german,1 marked,4 marked,the translator marked doubt where the German marks none - candidate silent transcription corruption,
135,135,1,emendation-degrades,der H. K. Werner,der Kammerrath Werner,p.2 names him 'Kamertrath Werner'; 'H. K.' probably abbreviates Herr Kammerrath.,
135,135,1,emendation-degrades,des regierenden Fürsten u Hohenlohe,zu Hohenlohe,'u' likely a misread 'zu'.,
135,135,2,unmarked-in-german,0 marked,3 marked,the translator marked doubt where the German marks none - candidate silent transcription corruption,
135,135,2,emendation-degrades,in Golden Adler d Plaz No 32,im Golden Adler am Platz No 32,inn address; left as transcribed.,
135,135,3,marker-check,2 in German,0 in English,a mark of doubt in the German is missing from the English - a hole may have been smoothed over,
135,135,3,marker-check,,0 present,model reported 1 markers but emitted 0,
136,136,1,emendation-uncertain,proxenetiva,proxeneticum / Proxenetica (brokerage commission),Latin term of art for a broker's fee; the plural form as transcribed is irregular.,
136,136,2,name-check,,Käbisch,name reported in the English is not in the German,
136,136,2,unmarked-in-german,0 marked,1 marked,the translator marked doubt where the German marks none - candidate silent transcription corruption,
136,136,2,emendation-degrades,wie nur Bernhard sagt,wie mir Bernhard sagt,'mir' misread as 'nur' — one minim.,
136,136,3,unmarked-in-german,1 marked,3 marked,the translator marked doubt where the German marks none - candidate silent transcription corruption,
136,136,3,marker-check,,3 present,model reported 4 markers but emitted 3,
136,136,3,emendation-degrades,Beym,Beyme,"Karl Friedrich von Beyme, Cabinet Councillor, would fit the Berlin context.",
136,136,4,unmarked-in-german,0 marked,4 marked,the translator marked doubt where the German marks none - candidate silent transcription corruption,
136,136,6,name-check,,Warta,name reported in the English is not in the German,
136,136,6,marker-check,1 in German,0 in English,a mark of doubt in the German is missing from the English - a hole may have been smoothed over,
136,136,6,marker-check,,0 present,model reported 1 markers but emitted 0,
136,136,6,emendation-uncertain,Skokum,Skoki (?),'Skokum' is not a Polish place-name form; possibly a transcription of a locative.,
136,136,7,unmarked-in-german,0 marked,1 marked,the translator marked doubt where the German marks none - candidate silent transcription corruption,
136,136,7,glossary-mismatch,Dismembration,dismemberment,termbase rendering not found in the English,
136,136,7,emendation-degrades,Sprichten,Sparren (rafters),The house is said to be on the point of falling in together with them.,
136,136,8,name-check,Voss,,name in the German is absent from the English,
136,136,10,name-check,Baden,,name in the German is absent from the English,
136,136,10,name-check,,Glenck,name reported in the English is not in the German,
136,136,11,unmarked-in-german,0 marked,1 marked,the translator marked doubt where the German marks none - candidate silent transcription corruption,
136,136,12,emendation-degrades,Fraudfurth an der Oder,Frankfurth an der Oder,Place of writing given in the letter's heading.,
137,137,1,unmarked-in-german,0 marked,2 marked,the translator marked doubt where the German marks none - candidate silent transcription corruption,
137,137,1,glossary-mismatch,Wechsel,bill of exchange,termbase rendering not found in the English,
137,137,1,emendation-degrades,Frau furth,Frankfurth,"The letter is written at Frankfurt an der Oder and the writer says ""da ich heute hier ankomme""; ""Frau furth"" is likely a misreading of ""Franffurth/Frankfurth"". ",
137,137,1,emendation-degrades,den Sie durchl. haben sa Betsch zu rückgekauft,denn Ew. Durchl. haben ja Betsch zurückgekauft,"""den""/""denn"", ""sa""/""ja"" are single-letter confusions typical of Kurrent transcription.",
137,137,1,emendation-degrades,Wanster,"possibly a personal name misread (e.g. Wagner, Wanstein)",Name appears nowhere else in the correspondence; carried across as transcribed.,
137,137,2,unmarked-in-german,0 marked,2 marked,the translator marked doubt where the German marks none - candidate silent transcription corruption,
137,137,3,emendation-degrades,die Frau Fürsten Sacken,die Frau Fürstin Sacken,"""Fürsten"" for ""Fürstin"" — single-letter confusion; the feminine is required by ""sie gehört hat"".",
138,138,1,unmarked-in-german,0 marked,4 marked,the translator marked doubt where the German marks none - candidate silent transcription corruption,
138,138,1,marker-check,,4 present,model reported 3 markers but emitted 4,
138,138,1,emendation-degrades,zur deposition fruchtniß ab gelauffen,zur Deposition fruchtlos abgelaufen,'fruchtniß' has no meaning; 'fruchtlos' ('fruitlessly') fits the sense of a failed attempt.,
138,138,1,emendation-uncertain,Kaemen,Kamien / Kamionek,"Possible corrupted South Prussian place-name paired with Kolno; not settled, so left as transcribed.",
138,138,2,marker-check,,1 present,model reported 2 markers but emitted 1,
138,138,2,emendation-degrades,Unterthäniger diener Amelang,Unterthänigster Diener,"Rendered as transcribed ('humble and obedient servant'); the superlative is the more usual form in this correspondence, but the positive stands as written.",
139,139,1,unmarked-in-german,0 marked,2 marked,the translator marked doubt where the German marks none - candidate silent transcription corruption,
139,139,2,name-check,,Wünster,name reported in the English is not in the German,
139,139,2,name-check,,Wunster,name reported in the English is not in the German,
139,139,2,unmarked-in-german,0 marked,3 marked,the translator marked doubt where the German marks none - candidate silent transcription corruption,
139,139,2,emendation-degrades,Wünster / Wunster,"one single name, spelling unsettled",Two spellings of apparently the same person on one page; left as written.,
139,139,3,unmarked-in-german,0 marked,3 marked,the translator marked doubt where the German marks none - candidate silent transcription corruption,
139,139,3,marker-check,,3 present,model reported 2 markers but emitted 3,
139,139,3,emendation-degrades,man Glenck nicht kommt,wenn Glenck nicht kommt,'man' for 'wan/wenn' occurs elsewhere in this letter (page 3: 'wan ich mich todt ärgern').,
139,139,4,unmarked-in-german,0 marked,4 marked,the translator marked doubt where the German marks none - candidate silent transcription corruption,
139,139,4,marker-check,,4 present,model reported 3 markers but emitted 4,
139,139,4,emendation-degrades,Weltzer,Metzer,The speaker admitting this is Metzer throughout the passage.,
140,140,1,unmarked-in-german,0 marked,3 marked,the translator marked doubt where the German marks none - candidate silent transcription corruption,
140,140,1,marker-check,,3 present,model reported 2 markers but emitted 3,
140,140,2,unmarked-in-german,0 marked,1 marked,the translator marked doubt where the German marks none - candidate silent transcription corruption,
140,140,2,emendation-degrades,Abre,[unresolved place-name],no known Vorwerk of this name; likely a misread,
140,140,3,name-check,,Betsche,name reported in the English is not in the German,
140,140,3,emendation-degrades,Röckli / Rochlitz,Rochlitz,same person under variant spellings,
140,140,4,unmarked-in-german,1 marked,4 marked,the translator marked doubt where the German marks none - candidate silent transcription corruption,
140,140,4,marker-check,,4 present,model reported 3 markers but emitted 4,
140,140,4,emendation-degrades,Kochlitz,Rochlitz,K/R confusion in Kurrent; Rochlitz named elsewhere,
140,140,5,unmarked-in-german,0 marked,1 marked,the translator marked doubt where the German marks none - candidate silent transcription corruption,
140,140,6,unmarked-in-german,0 marked,1 marked,the translator marked doubt where the German marks none - candidate silent transcription corruption,
140,140,7,emendation-uncertain,Kaemener und Kulmner,Kämmerer / Kulmer (?),place-names not otherwise attested in this correspondence; likely misread,
141,141,2,name-check,Würde,,name in the German is absent from the English,
141,141,2,name-check,,Wünster,name reported in the English is not in the German,
141,141,2,unmarked-in-german,0 marked,1 marked,the translator marked doubt where the German marks none - candidate silent transcription corruption,
141,141,2,emendation-degrades,Baragnieur,[unresolved],"a creditor's name; the form is unlike any other name in the letter and may be a machine misreading, but no better reading can be justified",
142,142,2,emendation-uncertain,non solides fude,ein non solidum fundatum / kein solides Fundament,the sense required is that settling for 5000 Rthl would rest on no solid foundation. Not folded into the translation.,
142,142,2,emendation-degrades,Betscher,Betscher,place- or person-adjective of uncertain identity; retained as transcribed for the record.,
144,144,1,marker-check,,0 present,model reported 1 markers but emitted 0,
144,144,1,emendation-degrades,den Greiff von Schulenburg,dem Grafen von Schulenburg,"""Greiff"" is plausibly a Kurrent misreading of ""Grafen""; the Schulenburg family is comital.",
144,144,1,emendation-degrades,unterthänigste die Amelang,unterthänigster Diener Amelang,"""die"" is probably a misread abbreviation of ""Diener"".",
145,145,1,unmarked-in-german,0 marked,1 marked,the translator marked doubt where the German marks none - candidate silent transcription corruption,
145,145,1,glossary-mismatch,Durchlaucht,Serene Highness,termbase rendering not found in the English,
145,145,1,emendation-degrades,kopillen Collegiums,Pupillen-Collegiums,The Pupillen-Collegium (board of wards) is a real Prussian body and fits a discharge of a receipted debt; but this is a guess and is kept out of the translation,
145,145,1,emendation-degrades,Nochlitz,Köckritz,Page 2 states the contract is to be demanded from Köckritz; the two names may be the same person misread. Left as transcribed.,
145,145,2,unmarked-in-german,0 marked,1 marked,the translator marked doubt where the German marks none - candidate silent transcription corruption,
146,146,2,emendation-degrades,Wrąbczin,Trąbczin,the estate is elsewhere spelled Trąbczin/Trąbczyn,
146,146,3,unmarked-in-german,0 marked,3 marked,the translator marked doubt where the German marks none - candidate silent transcription corruption,
146,146,3,emendation-degrades,Copoina,Kopojno,a village near Zagorow; the transcribed form is unattested,
146,146,4,name-check,Honrichs,,name in the German is absent from the English,
146,146,4,unmarked-in-german,1 marked,3 marked,the translator marked doubt where the German marks none - candidate silent transcription corruption,
146,146,4,marker-check,,3 present,model reported 2 markers but emitted 3,
147,147,1,unmarked-in-german,0 marked,2 marked,the translator marked doubt where the German marks none - candidate silent transcription corruption,
147,147,1,glossary-mismatch,Durchlaucht,Serene Highness,termbase rendering not found in the English,
147,147,3,emendation-uncertain,Schema,Schemat / Schenk?,unlikely surname; possibly a corrupted name,
148,148,1,unmarked-in-german,0 marked,2 marked,the translator marked doubt where the German marks none - candidate silent transcription corruption,
148,148,1,glossary-mismatch,Pro Memoria,Pro Memoria,termbase rendering not found in the English,
148,148,1,emendation-uncertain,Mannen,Thaler / rt. [Reichsthaler],"""rt."" already abbreviates Reichsthaler; ""Mannen"" in this position is inexplicable and may be a misread abbreviation.",
149,149,1,unmarked-in-german,0 marked,1 marked,the translator marked doubt where the German marks none - candidate silent transcription corruption,
149,149,1,glossary-mismatch,Durchlaucht,Serene Highness,termbase rendering not found in the English,
149,149,2,name-check,,Legnowelii,name reported in the English is not in the German,
149,149,2,emendation-uncertain,Legnowelii,Lignowelii / Ligowski (?),the form is not a recognisable German or Polish name as transcribed; a creditor's surname appears to be garbled,
149,149,3,unmarked-in-german,0 marked,1 marked,the translator marked doubt where the German marks none - candidate silent transcription corruption,
149,149,3,emendation-uncertain,Marowecke,Marowecki / Morawiecki,a Polish surname in '-cki' is likely behind the German-looking '-ecke',
149,149,3,emendation-uncertain,Rund,Gulden or a numeral,a unit of money is required after 'einen'; 'Rund' is not one,
150,150,1,unmarked-in-german,0 marked,1 marked,the translator marked doubt where the German marks none - candidate silent transcription corruption,
150,150,1,emendation-uncertain,abwägerne,abwägend / ohnegern,Unrecoverable as written; some adverbial form modifying 'will … Verdruß ersparen' is expected.,
150,150,1,emendation-degrades,5572 Rthl 12. gg.,5572 Rthl 12 gr.,'gg.' presumably 'gute Groschen'; figure carried across unchanged as required.,
151,151,2,emendation-uncertain,Suvigria,?,Place-name not otherwise attested in this correspondence; possibly a corrupted Polish estate name.,
151,151,2,emendation-uncertain,Wrgberin,?,Name appears twice in an unusual consonant cluster; likely a corrupted village name.,
152,152,1,unmarked-in-german,0 marked,1 marked,the translator marked doubt where the German marks none - candidate silent transcription corruption,
152,152,2,unmarked-in-german,0 marked,1 marked,the translator marked doubt where the German marks none - candidate silent transcription corruption,
152,152,2,emendation-degrades,er bon ordre,en bon ordre,"French idiom ""en bon ordre"" (in good order) fits ""zurückziehen""; the transcribed ""er"" is likely a misread ""en"".",
152,152,2,emendation-degrades,Nothard,Nothardt,"Spelled ""Nothardt"" on page 1 and ""Nothard"" here; both retained as transcribed.",
153,153,1,glossary-mismatch,Durchlaucht,Serene Highness,termbase rendering not found in the English,
153,153,1,emendation-degrades,Herr von Stein,"Herr von Stein (Karl Reichsfreiherr vom Stein, President of the Bank 1804-1805)",Identification only; spelling as transcribed is retained.,
154,154,1,emendation-degrades,ist pure Lage,ist pure Lüge,"""pure Lüge"" (a pure lie) is the expected idiom after ""geschwazt"" (prattled); Kurrent ü/a confusion is common",
154,154,2,unmarked-in-german,0 marked,2 marked,the translator marked doubt where the German marks none - candidate silent transcription corruption,
155,155,2,name-check,,Kalisch,name reported in the English is not in the German,
155,155,2,emendation-uncertain,Nurlich,"Nußlich / Nürlich / (a servant's or courier's name), or possibly ""Nährlich""","The word occupies a subject position and behaves like a person's name, but is not identifiable; single-letter Kurrent confusion is likely",
156,156,1,unmarked-in-german,0 marked,1 marked,the translator marked doubt where the German marks none - candidate silent transcription corruption,
156,156,1,glossary-mismatch,Durchlaucht,Serene Highness,termbase rendering not found in the English,
156,156,1,emendation-uncertain,Lafficiat,sufficiat / satisfaciat,"A Latin formula (""the security suffices"") would fit the clause; the initial L may be a misread S in Kurrent.",
156,156,2,number-check,11,,numeral in the German does not appear in the English,
156,156,2,emendation-degrades,die 9000 Rthl auf Szetlewek eingetragen,die 9000 Rthl auf Szetlewek eingetragen sind,The finite verb appears to be omitted in the transcription.,
156,156,3,emendation-uncertain,Canzler Hemuth,Canzler Hermuth / Helmuth,"""Hemuth"" is an unlikely surname; a nasal stroke may have been lost. Left as transcribed.",
156,156,3,emendation-degrades,Granfin von Schlabrendorff,Gräfin von Schlabrendorff,"""Granfin"" is almost certainly a misreading of ""Gräfin"" (Countess), which agrees with the female signatory of page 2. Not folded into the translation.",
156,156,3,emendation-degrades,Triebenfeld Feld,Triebenfeld,Dittography of the final syllable in the transcription.,
156,156,4,unmarked-in-german,0 marked,2 marked,the translator marked doubt where the German marks none - candidate silent transcription corruption,
156,156,4,emendation-uncertain,Liep Meyer,Lieb Meyer / Liepmann Meyer,Possibly the Berlin banking name Liepmann Meyer; carried across as transcribed.,
157,157,1,unmarked-in-german,0 marked,1 marked,the translator marked doubt where the German marks none - candidate silent transcription corruption,
157,157,1,emendation-degrades,Bülern Generals v. Köckritz,braven Generals v. Köckritz,"""Bülern"" is not a known style or title; on p.2 the same man is called ""der Bicke General"", and p.1 also has ""Der Braue Mann"". A Kurrent misreading of an adjecti",
157,157,1,emendation-degrades,Erleut,Procent,a rate of 10 and 12 per cent would fit the context of a money shortage; wholly conjectural.,
157,157,1,emendation-degrades,der Thörichten Schlabrendorff Ihre Drohungen,der thörichten Schlabrendorff ihre Drohungen,possessive dative construction; the capitalisation suggests the transcriber took Ihre as the honorific.,
157,157,2,unmarked-in-german,0 marked,2 marked,the translator marked doubt where the German marks none - candidate silent transcription corruption,
157,157,2,emendation-degrades,der Bicke General,der brave General,"the same officer is called ""Der Braue Mann"" on p.1; ""Bicke"" is not a German adjective or a known name.",
157,157,2,emendation-uncertain,v. Köchnen,v. Köhler / v. Köchnen,name not identifiable; retained as transcribed.,
157,157,2,emendation-uncertain,Frändische Siehe,fränkische Sache / französische Schuld,a corrupted phrase; no reading can be settled from the text alone.,
158,158,1,unmarked-in-german,0 marked,1 marked,the translator marked doubt where the German marks none - candidate silent transcription corruption,
158,158,1,glossary-mismatch,Durchlaucht,Serene Highness,termbase rendering not found in the English,
158,158,1,emendation-degrades,die Band oder Seehandlung,die Bank oder Seehandlung,'Band' is likely a misreading of 'Bank'; the Königliche Bank and the Seehandlung are the two Berlin state credit institutions named together,
158,158,1,emendation-degrades,der Braun General,der brave General,"adjective rather than name, matching 'des Verehrungswürdigen Generals v. Köckritz' above",
158,158,1,emendation-degrades,populle,pupillarische,the Pupillen-Depositorium (wards' deposit fund) would be the institution named alongside the Widows' Fund,
158,158,2,emendation-degrades,"die ſehen gefordert, 10000 Rthl",die sehr geforderten 10000 Rthl,'ſehen gefordert' is likely 'sehr gefordert(en)',
158,158,4,unmarked-in-german,0 marked,3 marked,the translator marked doubt where the German marks none - candidate silent transcription corruption,
158,158,4,glossary-mismatch,Dismembration,dismemberment,termbase rendering not found in the English,
158,158,4,emendation-degrades,Rochtet Sachen,Rochow'sche Sachen,a family name in adjectival form would fit 'Sachen'; wholly conjectural,
158,158,4,emendation-degrades,Kalleg,Kalisch,a South Prussian administrative seat where a Chamber revision could be directed; conjectural only,
159,159,1,unmarked-in-german,0 marked,2 marked,the translator marked doubt where the German marks none - candidate silent transcription corruption,
159,159,1,emendation-degrades,der redliche Ame lang,der redliche Amelang,Reads as a surname split by the transcription; 'Amelang' is a plausible Berlin name.,
160,160,1,unmarked-in-german,0 marked,1 marked,the translator marked doubt where the German marks none - candidate silent transcription corruption,
160,160,1,emendation-uncertain,Studen,Stücken / Studien / Thaler,"'hundert Tausend Studen' wants a countable noun; 'Stücken' (pieces, i.e. of the obligations) fits the Seehandlung papers. Not folded into the translation.",
160,160,2,unmarked-in-german,0 marked,1 marked,the translator marked doubt where the German marks none - candidate silent transcription corruption,
160,160,2,emendation-uncertain,eine hätten Brut,eine häßliche / harte / hartnäckige Brut,An adjective is required; 'hätten' is likely a misread of a word beginning with h-.,
161,161,1,unmarked-in-german,0 marked,1 marked,the translator marked doubt where the German marks none - candidate silent transcription corruption,
161,161,1,glossary-mismatch,Gulden,gulden,termbase rendering not found in the English,
161,161,2,emendation-uncertain,beſtrengen,beitragen / anstrengen,'Was ich dazu beitragen kann' ('what I can contribute to it') is the usual idiom; not carried into the translation.,
162,162,1,unmarked-in-german,0 marked,1 marked,the translator marked doubt where the German marks none - candidate silent transcription corruption,
162,162,1,glossary-mismatch,Durchlaucht,Serene Highness,termbase rendering not found in the English,
162,162,1,emendation-uncertain,Abord,Absud / Bord / Abord[nung],unresolved; possibly a term for the submission or the report,
162,162,2,unmarked-in-german,0 marked,1 marked,the translator marked doubt where the German marks none - candidate silent transcription corruption,
162,162,2,emendation-uncertain,den 2. Strahlitz,den 2 Strahlitz [estates] or 'dem 2ten Strahlitz',the numeral and its referent are unclear; carried across as written,
162,162,3,marker-check,,0 present,model reported 1 markers but emitted 0,
162,162,3,emendation-uncertain,Husslarzewski,Hussarzewski / Huszarzewski,Polish name likely corrupted; not altered in translation,
163,163,1,unmarked-in-german,0 marked,1 marked,the translator marked doubt where the German marks none - candidate silent transcription corruption,
163,163,2,unmarked-in-german,0 marked,2 marked,the translator marked doubt where the German marks none - candidate silent transcription corruption,
163,163,2,emendation-uncertain,Honrichs,Hondrichs / Heinrichs (?),"Personal name recurs, spelling uncertain; also 'Kammer Honrichs Peter' on p. 4 suggests a corrupted form.",
163,163,3,number-check,18,,numeral in the German does not appear in the English,
163,163,3,unmarked-in-german,0 marked,2 marked,the translator marked doubt where the German marks none - candidate silent transcription corruption,
163,163,4,unmarked-in-german,2 marked,5 marked,the translator marked doubt where the German marks none - candidate silent transcription corruption,
163,163,4,marker-check,,5 present,model reported 4 markers but emitted 5,
163,163,4,emendation-uncertain,von Rigs[?] … von Branzenis[?],von Blech … von Bronze (?),The passage concerns objects plated to look like a costlier material; wholly conjectural.,
164,164,1,unmarked-in-german,0 marked,1 marked,the translator marked doubt where the German marks none - candidate silent transcription corruption,
164,164,1,glossary-mismatch,Durchlaucht,Serene Highness,termbase rendering not found in the English,
164,164,1,emendation-uncertain,Otochten,unclear place or person name,"not identifiable; likely a corrupted Polish estate name (cf. Otoczno?), but not settled — left as transcribed",
164,164,2,glossary-mismatch,Dismembration,dismemberment,termbase rendering not found in the English,
164,164,2,glossary-mismatch,Propination,propination rights,termbase rendering not found in the English,
164,164,3,unmarked-in-german,0 marked,1 marked,the translator marked doubt where the German marks none - candidate silent transcription corruption,
164,164,3,emendation-uncertain,das Bier und Brandwein Urbar,Urbar = Urbarium / brewing right,'Urbar' here appears to denote the beer- and brandy-right rather than a rent-roll; left untranslated,
164,164,4,unmarked-in-german,0 marked,1 marked,the translator marked doubt where the German marks none - candidate silent transcription corruption,
164,164,4,emendation-degrades,im Ritlach und Floriche,um Ritlach und Floriche,'sich um etwas bekümmern' requires 'um',
165,165,1,unmarked-in-german,0 marked,1 marked,the translator marked doubt where the German marks none - candidate silent transcription corruption,
166,166,1,unmarked-in-german,0 marked,1 marked,the translator marked doubt where the German marks none - candidate silent transcription corruption,
166,166,1,glossary-mismatch,Durchlaucht,Serene Highness,termbase rendering not found in the English,
166,166,2,unmarked-in-german,0 marked,1 marked,the translator marked doubt where the German marks none - candidate silent transcription corruption,
166,166,3,unmarked-in-german,0 marked,1 marked,the translator marked doubt where the German marks none - candidate silent transcription corruption,
166,166,4,unmarked-in-german,0 marked,4 marked,the translator marked doubt where the German marks none - candidate silent transcription corruption,
168,168,1,name-check,,Trąbczyn,name reported in the English is not in the German,
168,168,1,unmarked-in-german,0 marked,1 marked,the translator marked doubt where the German marks none - candidate silent transcription corruption,
168,168,1,emendation-degrades,Amelan,Amelang,Spelled Amelang twice elsewhere in the same letter.,
168,168,2,name-check,,H. v. Klewitz,name reported in the English is not in the German,
168,168,2,unmarked-in-german,0 marked,1 marked,the translator marked doubt where the German marks none - candidate silent transcription corruption,
168,168,4,unmarked-in-german,0 marked,2 marked,the translator marked doubt where the German marks none - candidate silent transcription corruption,
169,169,2,marker-check,,1 present,model reported 2 markers but emitted 1,
169,169,2,emendation-uncertain,Epprech,"Eppreche / etwa: ""Erbrecht"" or a place-name","possibly ""Erbrecht"" (hereditary right) misread, but no reading can be settled",
169,169,2,emendation-degrades,48000 Rthl,possibly a smaller sum,the itemised figures on this page do not sum to 48000; figure carried across unaltered as required,
169,169,3,unmarked-in-german,0 marked,1 marked,the translator marked doubt where the German marks none - candidate silent transcription corruption,
169,169,4,name-check,,Solomon,name reported in the English is not in the German,
169,169,4,unmarked-in-german,0 marked,1 marked,the translator marked doubt where the German marks none - candidate silent transcription corruption,
169,169,4,emendation-degrades,der Arnden,der Amelang,the outcry-writer of the four thick pages is Amelang in the context; but the reading cannot be settled,
169,169,4,emendation-degrades,treuer dein v Triebenfeld,treuester Knecht v Triebenfeld,"""treuer dein"" is an implausible subscription from a dependent agent; likely a misreading of the standard formula",
170,170,1,glossary-mismatch,Hochzuehrender Herr,Highly Honoured Sir,termbase rendering not found in the English,
170,170,1,emendation-uncertain,ErtheSchweiner,"possibly a place-name of the form ""Erd(t)schweine"" / ""Ertheschweine"" or two word",the form as transcribed is not a German word or attested toponym; Kurrent ligatures frequently fuse a preposition or article to a place-name. Not folded into th,
170,170,2,unmarked-in-german,0 marked,2 marked,the translator marked doubt where the German marks none - candidate silent transcription corruption,
170,170,2,emendation-degrades,die Wüsten,"""die Kisten"" (the crates)",W/K and ü/i confusions are common in Kurrent; crates would plausibly go by the fahrende Post. Not folded into the translation.,
172,172,1,unmarked-in-german,0 marked,3 marked,the translator marked doubt where the German marks none - candidate silent transcription corruption,
172,172,1,glossary-mismatch,Durchlaucht,Serene Highness,termbase rendering not found in the English,
172,172,2,unmarked-in-german,0 marked,1 marked,the translator marked doubt where the German marks none - candidate silent transcription corruption,
172,172,2,emendation-uncertain,Mona Kunckel,Mama Kunckel / Frau Kunckel,'Mona' is not a Prussian given name; likely a misread honorific or abbreviation,
172,172,2,emendation-uncertain,Schencis,Schencks / Schenck,Polish-Prussian name likely Schenck; the terminal -is looks like a Kurrent flourish,
173,173,1,unmarked-in-german,0 marked,1 marked,the translator marked doubt where the German marks none - candidate silent transcription corruption,
173,173,1,marker-check,,1 present,model reported 2 markers but emitted 1,
173,173,1,emendation-degrades,Glenck,Gleich,"The Building Councillor named at the head of the letter is 'Gleich'; 'Glenck' may be the same man, or a contamination with 'Schenck'.",
173,173,2,unmarked-in-german,0 marked,1 marked,the translator marked doubt where the German marks none - candidate silent transcription corruption,
173,173,2,emendation-degrades,Stetteweck / Stetlewek,one form,The same name appears differently spelled on pages 2 and 3.,
173,173,3,name-check,Stein,,name in the German is absent from the English,
173,173,3,unmarked-in-german,0 marked,1 marked,the translator marked doubt where the German marks none - candidate silent transcription corruption,
173,173,3,emendation-uncertain,applarirt,apuriert / appuriert,"Accounting term 'apurieren' (to clear off, discharge) fits the context of paying off debts.",
173,173,4,unmarked-in-german,0 marked,1 marked,the translator marked doubt where the German marks none - candidate silent transcription corruption,
173,173,4,emendation-degrades,folgen eheren 50 Rthl,fehlen [d]ah[er] 50 Rthl,"Would make the arithmetic a shortfall of 50 Rthl against 1000; reverses the sense, hence kept out of the translation.",
174,174,1,unmarked-in-german,0 marked,2 marked,the translator marked doubt where the German marks none - candidate silent transcription corruption,
174,174,2,unmarked-in-german,0 marked,3 marked,the translator marked doubt where the German marks none - candidate silent transcription corruption,
174,174,3,unmarked-in-german,1 marked,10 marked,the translator marked doubt where the German marks none - candidate silent transcription corruption,
174,174,3,marker-check,,10 present,model reported 8 markers but emitted 10,
174,174,3,emendation-uncertain,Knon,Kiew?,an unidentified place between the Kalisz region and Odessa; the name as transcribed is not attested,
175,175,1,glossary-mismatch,Hochzuehrender Herr,Highly Honoured Sir,termbase rendering not found in the English,
175,175,1,emendation-uncertain,die Girard und Haupt,die Girard und Haupt [Erben/Handlung],"The bare article 'die' before two surnames may indicate an omitted plural noun (heirs, firm). Names carried across unaltered.",
176,176,1,unmarked-in-german,0 marked,1 marked,the translator marked doubt where the German marks none - candidate silent transcription corruption,
176,176,1,glossary-mismatch,Rthl,Rthl,termbase rendering not found in the English,
176,176,1,emendation-uncertain,Rathlauf,Blutlauf / Rothlauf,»Rothlauf« (erysipelas) is a recognised illness name; »Rathlauf« is not,
176,176,2,unmarked-in-german,0 marked,2 marked,the translator marked doubt where the German marks none - candidate silent transcription corruption,
176,176,2,emendation-uncertain,geheliche,gehässige or thätliche,»geheliche« is not a word; an adjective for hostile or forcible measures is required,
176,176,2,emendation-uncertain,Aufaenger,Anfänger or Amtleuten,»Aufaenger« is unattested; possibly the officials or the initiators on the Ingelfingen side,
176,176,3,name-check,,Ingelfingen,name reported in the English is not in the German,
176,176,3,unmarked-in-german,0 marked,1 marked,the translator marked doubt where the German marks none - candidate silent transcription corruption,
176,176,3,emendation-uncertain,Reonen,Revuen or Jagden,"»Reonen« is not a German word; something concluded in Silesia before September, perhaps military reviews",
177,177,1,unmarked-in-german,0 marked,2 marked,the translator marked doubt where the German marks none - candidate silent transcription corruption,
177,177,1,glossary-mismatch,Durchlaucht,Serene Highness,termbase rendering not found in the English,
177,177,1,emendation-uncertain,Eachschlagt,Fach / Einschlag(t),Kurrent E/F and a/n confusions; a word for 'department' or 'line of business' would fit 'in diesem Fache'.,
177,177,2,unmarked-in-german,0 marked,2 marked,the translator marked doubt where the German marks none - candidate silent transcription corruption,
177,177,2,emendation-uncertain,General Relitirente,General Rüchel? / a garbled surname,"'Relitirente' looks like a misread surname, perhaps contaminated by 'retirieren'.",
177,177,4,name-check,Wrąbczyn,,name in the German is absent from the English,
177,177,4,glossary-mismatch,Dismembration,dismemberment,termbase rendering not found in the English,
177,177,4,glossary-mismatch,Collonisten,colonists,termbase rendering not found in the English,
177,177,4,glossary-mismatch,Pohlen,Poland,termbase rendering not found in the English,
177,177,5,unmarked-in-german,0 marked,3 marked,the translator marked doubt where the German marks none - candidate silent transcription corruption,
177,177,5,emendation-uncertain,böfeste,böseste / bösester,'the worst man I have found' fits the context of an obstructive debtor.,
177,177,5,emendation-degrades,Breiten,Breslau,Breslau is named on p.6 as the Prince's seat; but the reading is not settled.,
177,177,6,unmarked-in-german,0 marked,1 marked,the translator marked doubt where the German marks none - candidate silent transcription corruption,
177,177,6,emendation-uncertain,Appenhumer,"a personal or place name, perhaps Oppenheimer",'Appenhumer' is not a known Prussian name; Oppenheimer would fit a creditor. Not folded into the translation.,
177,177,6,emendation-degrades,noch 150000 Rthl zusamen 30000 Rthl,"noch 150000 Rthl, zusammen 180000 Rthl",A total is expected after 'zusammen'; but the figures as transcribed cannot be reconciled.,
177,177,7,unmarked-in-german,0 marked,4 marked,the translator marked doubt where the German marks none - candidate silent transcription corruption,
177,177,7,marker-check,,4 present,model reported 3 markers but emitted 4,
177,177,7,emendation-degrades,in Hardenberg,H. v. Hardenberg,An abbreviated 'Hr.' misread as 'in'.,
177,177,7,emendation-degrades,der Könne ist ein Paretz,der König ist in Paretz,Two single-letter confusions; Paretz was the royal summer residence.,
177,177,7,emendation-degrades,Mucrowis,a garbled surname,Not a known name; possibly Polish (Mucharski?). Not folded into the translation.,
178,178,1,name-check,,von Triebenfeld,name reported in the English is not in the German,
178,178,1,name-check,,Hoheelohischen,name reported in the English is not in the German,
178,178,1,unmarked-in-german,0 marked,1 marked,the translator marked doubt where the German marks none - candidate silent transcription corruption,
178,178,1,emendation-degrades,chartes blauetes,chartes blanches,"the same term appears as ""Chartes blanches"" on page 2",
178,178,1,emendation-uncertain,Eilrigbreslau,Eile / in Breslau,"possibly ""in der Eile"" (in haste) plus a stray ""Breslau"", two words run together by the transcriber",
178,178,1,emendation-uncertain,Graf aus Behringen,Graf von Behringen (?),"""aus"" for ""von"" in a noble style is unusual; the name itself is unverified",
178,178,2,unmarked-in-german,0 marked,1 marked,the translator marked doubt where the German marks none - candidate silent transcription corruption,
179,179,3,marker-check,,1 present,model reported 2 markers but emitted 1,
179,179,3,emendation-degrades,Fragen v Hesse,Grafen v. Hesse,"""Grafen"" (Count) fits the syntax and the honorarium comparison.",
179,179,4,unmarked-in-german,0 marked,2 marked,the translator marked doubt where the German marks none - candidate silent transcription corruption,
179,179,6,unmarked-in-german,0 marked,2 marked,the translator marked doubt where the German marks none - candidate silent transcription corruption,
179,179,7,unmarked-in-german,0 marked,1 marked,the translator marked doubt where the German marks none - candidate silent transcription corruption,
179,179,8,unmarked-in-german,1 marked,4 marked,the translator marked doubt where the German marks none - candidate silent transcription corruption,
179,179,8,marker-check,,4 present,model reported 3 markers but emitted 4,
179,179,8,emendation-degrades,bestimmen,Bedienten,Would give: put the useless servants into retirement.,
179a,179a,1,unmarked-in-german,1 marked,3 marked,the translator marked doubt where the German marks none - candidate silent transcription corruption,
179a,179a,1,glossary-mismatch,Erbpacht,hereditary lease,termbase rendering not found in the English,
179a,179a,1,emendation-degrades,Wrąbczyn,Trąbczyn,"W/T confusion in Kurrent; Trąbczyn is the lordship named throughout, though a distinct village Wrąbczyn does exist.",
179a,179a,2,emendation-degrades,sehr Szetlewek,auf Szetlewek,"Parallel with items 3, 4, 5, 7, 8, 9; Kurrent ""auf"" misread.",
179a,179a,2,emendation-degrades,Au Zerboni,An Zerboni,n/u confusion in Kurrent.,
179a,179a,3,unmarked-in-german,1 marked,5 marked,the translator marked doubt where the German marks none - candidate silent transcription corruption,
179a,179a,3,marker-check,,5 present,model reported 4 markers but emitted 5,
179a,179a,3,emendation-degrades,im Weich,im Reich,"R/W confusion in Kurrent; ""the loss he suffered in the Empire"" would suit the political events referred to. Not settled.",
179a,179a,4,unmarked-in-german,0 marked,1 marked,the translator marked doubt where the German marks none - candidate silent transcription corruption,
179a,179a,6,unmarked-in-german,0 marked,1 marked,the translator marked doubt where the German marks none - candidate silent transcription corruption,
180,180,1,name-check,,Hohenlohe-Ingelfingen,name reported in the English is not in the German,
180,180,1,unmarked-in-german,0 marked,1 marked,the translator marked doubt where the German marks none - candidate silent transcription corruption,
180,180,2,unmarked-in-german,0 marked,2 marked,the translator marked doubt where the German marks none - candidate silent transcription corruption,
180,180,2,emendation-degrades,Stege litz,Steglitz,"village outside Berlin, spelled with a word break in the transcription",
180,180,2,emendation-degrades,treuester Knecht auf v Triebenfeld,treuester Knecht [signed] v Triebenfeld,'auf' probably a misreading of an abbreviation or flourish preceding the signature,
180,180,2,emendation-degrades,H. G. Gab: Rath Beym,H. Geh. Cab: Rath beym ...,Geheimer Cabinets-Rath is a plausible expansion; 'Gab:' for 'Cab:' is a single-letter confusion,
182,182,1,unmarked-in-german,0 marked,1 marked,the translator marked doubt where the German marks none - candidate silent transcription corruption,
182,182,1,emendation-degrades,Am König soll ich unter Ewr Durchlaucht Nahmen nicht schreiben,An den König soll ich unter Ewr Durchlaucht Nahmen nicht schreiben,"""Am"" for ""An den""; but note the alternative that the negation belongs elsewhere, which would reverse the sense.",
182,182,1,emendation-degrades,Herrn Doct. ammer,Herrn Doct. Pochammer,Truncated name; Pochammer is named twice elsewhere on the page.,
182,182,2,unmarked-in-german,0 marked,3 marked,the translator marked doubt where the German marks none - candidate silent transcription corruption,
182,182,2,emendation-degrades,H v Tandel,H. v. Faudel,Faudel is named on page 1 as an addressee; single-letter confusion in Kurrent.,
182,182,2,emendation-degrades,porte feulu,portefeuille,"French portefeuille, the ministerial portfolio.",
182,182,3,number-check,1/2,,numeral in the German does not appear in the English,
182,182,3,unmarked-in-german,0 marked,1 marked,the translator marked doubt where the German marks none - candidate silent transcription corruption,
182,182,3,emendation-uncertain,Gratsenauer,Gratzenauer / Kratzenauer,Name carried as transcribed; spelling not settled.,
182,182,4,unmarked-in-german,2 marked,3 marked,the translator marked doubt where the German marks none - candidate silent transcription corruption,
182,182,4,glossary-mismatch,gehorsamster Diener,most obedient servant,termbase rendering not found in the English,
183,183,1,unmarked-in-german,0 marked,1 marked,the translator marked doubt where the German marks none - candidate silent transcription corruption,
183,183,1,emendation-degrades,Buch holz,Buchholz,Word-space artefact of the Kurrent transcription; probably Professor Friedrich Buchholz of Berlin.,
183,183,1,emendation-uncertain,Rochritz,Rochlitz / Rochow,Uncertain personal name; the reading cannot be settled from this page alone.,
184,184,2,unmarked-in-german,0 marked,1 marked,the translator marked doubt where the German marks none - candidate silent transcription corruption,
185,185,1,unmarked-in-german,0 marked,1 marked,the translator marked doubt where the German marks none - candidate silent transcription corruption,
185,185,1,emendation-uncertain,v Höhneln,v Hoym / v Hoheneck (?),Presidential name possibly corrupted; no settled reading. Left as transcribed.,
186,186,1,unmarked-in-german,0 marked,4 marked,the translator marked doubt where the German marks none - candidate silent transcription corruption,
186,186,1,emendation-degrades,eine Lüttellie alten Mihn Wein,eine Buttellie alten Rhein Wein,"""Lüttellie"" is plainly the same word as ""Buttellie"" a few words later (B/L confusion in Kurrent); ""Mihn"" may be ""Rhein"" or ""Wein""-name misread",
186,186,1,emendation-degrades,im Schweineren,im Schweidnitzschen,"a Silesian district name would suit ""bey mir im ...""; not settled",
186,186,1,emendation-uncertain,auf eine Seyen,auf eine Suppe / auf einen Thee,an invitation to a meal would fit the context; the reading cannot be settled,
187,187,1,glossary-mismatch,Vollmacht,power of attorney,termbase rendering not found in the English,
187,187,2,marker-check,2 in German,1 in English,a mark of doubt in the German is missing from the English - a hole may have been smoothed over,
187,187,2,marker-check,,1 present,model reported 2 markers but emitted 1,
187,187,2,emendation-uncertain,diesen Gmür,diesen Gauner / this Oppenheimer,'Gmür' appears nowhere else in the correspondence and may be a misread epithet,
187,187,2,emendation-degrades,die das eo ipso vernichtet wird,die dadurch eo ipso vernichtet wird,restores agreement: 'which is thereby annulled eo ipso',
187,187,3,number-check,18,,numeral in the German does not appear in the English,
187,187,3,unmarked-in-german,0 marked,1 marked,the translator marked doubt where the German marks none - candidate silent transcription corruption,
187,187,3,emendation-degrades,ex nexu gesagt wären,ex nexu losgesagt wären,restores the legal formula: released from the obligation,
188,188,1,marker-check,,1 present,model reported 2 markers but emitted 1,
188,188,2,unmarked-in-german,0 marked,1 marked,the translator marked doubt where the German marks none - candidate silent transcription corruption,
188,188,2,emendation-uncertain,nach Türth,possibly a place-name misreading (Fürth?),Türth is otherwise unattested in this correspondence,
188,188,2,emendation-uncertain,Eichaust,possibly Eichhorst / Eichholtz,name shape suggests a compound in -horst/-holtz,
189,189,1,emendation-uncertain,Kreinig,Kreinig / Kreisig?,Personal name possibly corrupt in the Kurrent; -nig / -sig confusion is common.,
189,189,3,unmarked-in-german,0 marked,1 marked,the translator marked doubt where the German marks none - candidate silent transcription corruption,
190,190,2,emendation-degrades,den p Glenck undlich zum schweigen zu bringen,endlich,"'undlich' is likely a slip for 'endlich' (at last); 'p' is the usual abbreviation for 'praedictus/pp.', i.e. 'the aforesaid'",
190,190,3,unmarked-in-german,1 marked,4 marked,the translator marked doubt where the German marks none - candidate silent transcription corruption,
190,190,3,marker-check,,4 present,model reported 3 markers but emitted 4,
191,191,1,unmarked-in-german,1 marked,3 marked,the translator marked doubt where the German marks none - candidate silent transcription corruption,
191,191,1,marker-check,,3 present,model reported 2 markers but emitted 3,
191,191,1,emendation-uncertain,für die grauf,für die Grafen / für das Jahr,word is corrupt; unresolved,
191,191,2,unmarked-in-german,0 marked,5 marked,the translator marked doubt where the German marks none - candidate silent transcription corruption,
191,191,3,unmarked-in-german,1 marked,6 marked,the translator marked doubt where the German marks none - candidate silent transcription corruption,
191,191,3,marker-check,,6 present,model reported 4 markers but emitted 6,
191,191,4,unmarked-in-german,0 marked,1 marked,the translator marked doubt where the German marks none - candidate silent transcription corruption,
191,191,4,glossary-mismatch,Dismembration,dismemberment,termbase rendering not found in the English,
191,191,5,unmarked-in-german,0 marked,3 marked,the translator marked doubt where the German marks none - candidate silent transcription corruption,
191,191,6,unmarked-in-german,0 marked,7 marked,the translator marked doubt where the German marks none - candidate silent transcription corruption,
191,191,6,marker-check,,7 present,model reported 6 markers but emitted 7,
191,191,6,emendation-uncertain,Schanden / Schend,Schencken / Schenck,the Justitiarius Schenck named on pp. 7 and 11,
191,191,7,unmarked-in-german,0 marked,7 marked,the translator marked doubt where the German marks none - candidate silent transcription corruption,
191,191,7,marker-check,,7 present,model reported 6 markers but emitted 7,
191,191,8,name-check,Banden,,name in the German is absent from the English,
191,191,8,name-check,Erreichung,,name in the German is absent from the English,
191,191,8,name-check,,Mark,name reported in the English is not in the German,
191,191,8,unmarked-in-german,0 marked,3 marked,the translator marked doubt where the German marks none - candidate silent transcription corruption,
191,191,10,unmarked-in-german,0 marked,5 marked,the translator marked doubt where the German marks none - candidate silent transcription corruption,
191,191,10,emendation-uncertain,Bessinn,Bessin / Bessinn (a party to the suit),may be a name; left as transcribed,
191,191,11,glossary-mismatch,gehorsamster Diener,most obedient servant,termbase rendering not found in the English,
192,192,1,unmarked-in-german,0 marked,2 marked,the translator marked doubt where the German marks none - candidate silent transcription corruption,
192,192,2,unmarked-in-german,0 marked,1 marked,the translator marked doubt where the German marks none - candidate silent transcription corruption,
192,192,3,unmarked-in-german,0 marked,2 marked,the translator marked doubt where the German marks none - candidate silent transcription corruption,
193,193,1,name-check,Garczynski,,name in the German is absent from the English,
193,193,1,unmarked-in-german,0 marked,2 marked,the translator marked doubt where the German marks none - candidate silent transcription corruption,
193,193,1,emendation-degrades,Prefect Garczynski,Prefect Garczyński,Polish orthography; carried as transcribed.,
193,193,1,emendation-uncertain,Sarzechscha,Sarzecki (?),Polish surname likely garbled in Kurrent; not settled.,
193,193,1,emendation-uncertain,Dabsha,Dąbska (?),"Feminine article ""die"" suggests a Polish noblewoman's name; not settled.",
193,193,2,emendation-uncertain,Heckern,"Heckern (person) or ""Heckern"" = Hecker's heirs",Cannot be settled whether a surname or common noun.,
193,193,2,emendation-degrades,Kontop,Kontopp,Place-name spelling varies in the corpus; carried as transcribed.,
194,194,1,unmarked-in-german,0 marked,2 marked,the translator marked doubt where the German marks none - candidate silent transcription corruption,
194,194,1,emendation-degrades,Schlawen schitz,Schlawentschitz (Sławięcice),a Hohenlohe Upper Silesian holding; but name left as transcribed per house rule,
194,194,2,emendation-degrades,Honrichsen / Honrichs,one consistent form,the same official is spelled two ways within four lines; both retained as transcribed,
195,195,1,unmarked-in-german,0 marked,1 marked,the translator marked doubt where the German marks none - candidate silent transcription corruption,
195,195,1,emendation-uncertain,Gr Steine,Gut Steine / Gr[af] Stein,"'Gr' elsewhere abbreviates Graf, but the predicate 'das gehört dem jüngern Strachwitz' suggests an estate, not a person.",
195,195,2,emendation-uncertain,Ge Schneidniz,G[ra]f Schweidnitz / Schneidnitz,Possibly a corrupted name; Schweidnitz is a Silesian place-name that could stand behind it.,
195,195,2,emendation-uncertain,mein Whode,possibly a surname such as 'Wrede' or 'Rhode','Whode' is not attested; likely a corrupted proper noun.,
195,195,2,emendation-uncertain,der seel. Koloma,possibly 'Kalckreuth' or another surname,'Koloma' is unusual in this circle; likely corrupted.,
196,196,1,number-check,20,,numeral in the German does not appear in the English,
196,196,1,glossary-mismatch,Durchlaucht,Serene Highness,termbase rendering not found in the English,
196,196,2,unmarked-in-german,0 marked,1 marked,the translator marked doubt where the German marks none - candidate silent transcription corruption,
196,196,2,emendation-uncertain,Sterch,Sterk / Storch (?),A short surname of the kind most vulnerable to Kurrent misreading; left as transcribed.,
196,196,3,unmarked-in-german,0 marked,2 marked,the translator marked doubt where the German marks none - candidate silent transcription corruption,
196,196,3,emendation-uncertain,Respects mole,Respectsvoll / In tiefster Respect,"Position immediately before ""ersterbe ich"" indicates a reverence formula.",
196,196,3,emendation-uncertain,Leus Prefect,Unter-Prefect / Kreis-Prefect,"Zychlinski is elsewhere an official of the Duchy of Warsaw; ""Leus"" is likely a corrupt title element.",
197,197,1,name-check,,v Triebenfeld,name reported in the English is not in the German,
197,197,1,marker-check,1 in German,0 in English,a mark of doubt in the German is missing from the English - a hole may have been smoothed over,
197,197,1,marker-check,,0 present,model reported 1 markers but emitted 0,
197,197,1,emendation-uncertain,der beiden General Köckritz,der Herr General Köckritz / daß der General Köckritz,A single-word slip would give a grammatical subject for the following verbs.,
197,197,1,emendation-uncertain,Gl Etats Sachen,Gen[eral] Etats Sachen / General-Etats-Räthen,Possibly the General-Etats office; the reading cannot be settled.,
197,197,1,emendation-degrades,Olla bock,Ollaboch,The letter's place of writing is given as Ollaboch; 'Olla bock' may be the same place divided in transcription. Not normalised in the translation.,
197,197,2,name-check,,Goldstücher,name reported in the English is not in the German,
197,197,3,unmarked-in-german,0 marked,1 marked,the translator marked doubt where the German marks none - candidate silent transcription corruption,
197,197,3,emendation-uncertain,Tismar,Thismar / Tiedemann,"Proper noun of uncertain reading; flagged only, not altered.",
198,198,1,glossary-mismatch,Podprefect,sub-prefect,termbase rendering not found in the English,
198,198,2,marker-check,,1 present,model reported 3 markers but emitted 1,
198,198,2,emendation-uncertain,Guhl Rath Sanen[?],Geh. Rath Sanen / Geheimer Rath,"""Guhl Rath"" is likely a misreading of ""Geh. Rath"" (Geheimer Rath, Privy Councillor); the surname remains uncertain in the transcription itself",
198,198,2,emendation-degrades,Kösteritz ... Köckritz ... Köckritz,Köckritz throughout,Kösteritz and Köckritz may be one and the same person (the Adjutant-General v. Köckritz); both spellings retained as transcribed,
198,198,3,marker-check,3 in German,1 in English,a mark of doubt in the German is missing from the English - a hole may have been smoothed over,
198,198,3,marker-check,,1 present,model reported 4 markers but emitted 1,
198,198,3,emendation-degrades,Nüchel,Rüchel,General Ernst von Rüchel is a plausible contemporary figure; N/R confusion is common in Kurrent. Not folded into the translation.,
198,198,3,emendation-degrades,Kochry,Köckritz,possibly the same correspondent named twice above; retained as transcribed,
198,198,3,emendation-degrades,Fried Massow,Friedr. Massow,likely abbreviation of the forename Friedrich,
199,199,1,name-check,Kaemen,,name in the German is absent from the English,
199,199,1,marker-check,,0 present,model reported 4 markers but emitted 0,
199,199,1,emendation-uncertain,Erbgroßen Albert,Erbgrafen / Erbprinzen Albert,"""Erbgroßen"" is not a title; likely a garbled hereditary title. Left as transcribed in the translation.",
200,200,1,unmarked-in-german,0 marked,2 marked,the translator marked doubt where the German marks none - candidate silent transcription corruption,
200,200,1,glossary-mismatch,Estaffette,express courier,termbase rendering not found in the English,
200,200,1,emendation-uncertain,der faule Brufurt,der faule Bruffurt / Brunfurt (a person or a coach-line?),"Name not otherwise attested in the correspondence; ""faule"" (lazy) suggests a carrier or postilion, possibly a corrupted place-name for the mail-coach.",
200,200,1,emendation-uncertain,Jogorowo,Jagorowo / Jaworowo,"Polish estate name; -o- / -a- confusion frequent in Kurrent, but left as transcribed.",
200,200,2,unmarked-in-german,0 marked,5 marked,the translator marked doubt where the German marks none - candidate silent transcription corruption,
200,200,2,marker-check,,5 present,model reported 4 markers but emitted 5,
200,200,2,emendation-degrades,fide. Cörruch,fideicommissarisch,"""Cörruch"" may be a mis-expansion of an abbreviation for ""Commiss""; the legal point (entailed, hence unattachable estates) requires it.",
200,200,2,emendation-uncertain,Exproche,per Expressen / Estaffette,"Context is the forwarding of urgent news; ""Exproche"" is likely a garbled ""Expressen"".",
200,200,2,emendation-uncertain,Cohel,Cosel / Kohel,"Silesian place-name; Cosel (Kosel) lay on the King's likely route, but the reading cannot be settled.",
201,201,1,unmarked-in-german,0 marked,1 marked,the translator marked doubt where the German marks none - candidate silent transcription corruption,
201,201,1,marker-check,,1 present,model reported 2 markers but emitted 1,
201,201,1,emendation-uncertain,Schweinerin / Schweinern,one consistent form (Schweinern?),The same place appears twice in two spellings within a few lines; one is likely a transcription slip.,
201,201,1,emendation-degrades,Rolle,Rthl,"The figure 150000 requires a currency unit; ""Rolle"" may be a misread ""Rthl"" or a currency abbreviation sign.",
202,202,1,unmarked-in-german,0 marked,3 marked,the translator marked doubt where the German marks none - candidate silent transcription corruption,
202,202,1,marker-check,,3 present,model reported 4 markers but emitted 3,
202,202,1,emendation-uncertain,von allen Anfalt sezzen,von allem in Anstalt setzen / in Kenntniss setzen,"""Anfalt"" is not a German word; Kurrent st/f confusion would give Anstalt.",
202,202,1,emendation-uncertain,diesen Tauwerd gethan wird,dieser Tag werth gethan wird / diesen Tag werden,"""Tauwerd"" appears to conflate Tag and werth.",
203,203,1,name-check,Stein,,name in the German is absent from the English,
203,203,1,unmarked-in-german,0 marked,1 marked,the translator marked doubt where the German marks none - candidate silent transcription corruption,
203,203,1,emendation-uncertain,vor mitem,vor[zu]legen / vor mir,Probably a misread infinitive or pronoun.,
203,203,1,emendation-uncertain,Hainen,Hainau / Hainau[er] or a personal name,Uncertain proper noun; retained as transcribed.,
203,203,2,name-check,,Lausch,name reported in the English is not in the German,
203,203,2,unmarked-in-german,0 marked,1 marked,the translator marked doubt where the German marks none - candidate silent transcription corruption,
203,203,2,emendation-degrades,70000 Rthl Schulden,700000 Rthl,"For 390000 of debts to leave 310000 to the good, the estates must be valued at 700000; the transcribed 70000 is inconsistent with the following arithmetic. Figu",
203,203,2,emendation-uncertain,Strachard,Strachnitz or Strachau,Adjacent to 'Strachnitz' in the same sentence; one of the two forms is likely a misreading.,
203,203,2,emendation-uncertain,Seher Thos,Seher Th[oma]s / a personal name,Creditor's name garbled; retained as transcribed.,
203,203,3,unmarked-in-german,0 marked,3 marked,the translator marked doubt where the German marks none - candidate silent transcription corruption,
203,203,3,marker-check,,3 present,model reported 2 markers but emitted 3,
203,203,3,emendation-degrades,Schlawen Schul,Schlawenschitz,The same destination is named 'Schlawenschitz' on page 2.,
204,204,1,unmarked-in-german,0 marked,1 marked,the translator marked doubt where the German marks none - candidate silent transcription corruption,
204,204,1,emendation-uncertain,Balley,possibly a surname or the Bailli/Balley (a knightly-order title),"""den guten Balley"" with definite article suggests either a family name or an office; unsettled.",
205,205,1,name-check,,Triebenfeld,name reported in the English is not in the German,
205,205,1,unmarked-in-german,0 marked,3 marked,the translator marked doubt where the German marks none - candidate silent transcription corruption,
205,205,1,marker-check,,3 present,model reported 2 markers but emitted 3,
205,205,1,emendation-uncertain,Nochrich,"unidentified personal name, possibly 'Noch [er]' or a surname",no such German word or attested name; may be a misread surname or 'Man fürchtet',
205,205,2,unmarked-in-german,0 marked,2 marked,the translator marked doubt where the German marks none - candidate silent transcription corruption,
205,205,2,marker-check,,2 present,model reported 3 markers but emitted 2,
205,205,3,name-check,Würde,,name in the German is absent from the English,
206,206,1,unmarked-in-german,0 marked,1 marked,the translator marked doubt where the German marks none - candidate silent transcription corruption,
206,206,2,unmarked-in-german,0 marked,4 marked,the translator marked doubt where the German marks none - candidate silent transcription corruption,
206,206,2,marker-check,,4 present,model reported 3 markers but emitted 4,
206,206,2,emendation-uncertain,verurbeachtet,verurbart / urbar gemacht,"""verurbart"" (brought under cultivation) would suit contracts for colonist land.",
206,206,2,emendation-uncertain,Honrichs,Hoffrichter / Heinrichs,Name form uncertain; retained as transcribed.,
206,206,3,unmarked-in-german,0 marked,1 marked,the translator marked doubt where the German marks none - candidate silent transcription corruption,
207,207,1,glossary-mismatch,Gulden,gulden,termbase rendering not found in the English,
207,207,1,emendation-degrades,Der H. R. Falz,Der H[of]r[ath] Falz,"""H. R."" most likely abbreviates Hofrath; the name Falz itself may be a misreading (Falkh, Faltz, Pfalz).",
208,208,1,unmarked-in-german,0 marked,3 marked,the translator marked doubt where the German marks none - candidate silent transcription corruption,
208,208,1,emendation-degrades,Weise nach Pehlen,Reise nach Pehlen,"""Weise"" (manner) makes no sense with ""antreten""; Reise (journey) does, and the next clause says ""den reise ich so gleich""",
208,208,1,emendation-degrades,Schock / Schoch,"one name, consistently spelled",the same executor appears twice with different spellings within four lines,
208,208,2,unmarked-in-german,0 marked,6 marked,the translator marked doubt where the German marks none - candidate silent transcription corruption,
208,208,2,marker-check,,6 present,model reported 5 markers but emitted 6,
208,208,2,emendation-degrades,Mon Dessau ab,Von Dessau ab,"""Mon"" is a plain M/V misreading; ""Von ... ab"" = from ... onward",
208,208,2,emendation-degrades,in Stärme,in Stettin,"a Prussian city would fit ""arrested at the requisition of the French envoy""; wholly conjectural",
208,208,2,emendation-uncertain,Kuralien,Krusemarck / Kurakin,"Kurakin, the Russian ambassador returning from Paris, would fit the mention of a France-Russia breach; highly conjectural",
209,209,1,unmarked-in-german,0 marked,1 marked,the translator marked doubt where the German marks none - candidate silent transcription corruption,
210,210,1,emendation-uncertain,Zürich,Tribunal / Gericht,A Swiss city cannot be a local bureau at Kalisz; likely a misreading of an institutional name.,
210,210,3,glossary-mismatch,Pohlen,Poland,termbase rendering not found in the English,
210,210,3,emendation-uncertain,Adict,defect / deficit,Sense requires that the conscription lists not be left short.,
210,210,4,marker-check,1 in German,0 in English,a mark of doubt in the German is missing from the English - a hole may have been smoothed over,
210,210,4,glossary-mismatch,Propination,propination rights,termbase rendering not found in the English,
210,210,4,emendation-degrades,[B?]anckelmann,Danckelmann,A Danckelmann was President at Breslau in this period; the initial letter is flagged as uncertain in the transcription.,
211,211,1,unmarked-in-german,0 marked,2 marked,the translator marked doubt where the German marks none - candidate silent transcription corruption,
211,211,1,emendation-uncertain,Hawich,[unidentified place or person name],Reads as an ordinary name but is unattested elsewhere in the correspondence; possibly a corrupted toponym. Left as transcribed.,
212,212,1,unmarked-in-german,0 marked,4 marked,the translator marked doubt where the German marks none - candidate silent transcription corruption,
212,212,1,marker-check,,4 present,model reported 3 markers but emitted 4,
212,212,1,glossary-mismatch,Sequestration,sequestration,termbase rendering not found in the English,
212,212,1,emendation-uncertain,dathen,Podathen / Podatki,glossed in the text itself by 'oder Steuern und Abgaben'; cf. 'Podacken' later on the same page.,
212,212,2,unmarked-in-german,0 marked,4 marked,the translator marked doubt where the German marks none - candidate silent transcription corruption,
212,212,2,marker-check,,4 present,model reported 3 markers but emitted 4,
212,212,3,name-check,,Hauländer,name reported in the English is not in the German,
212,212,3,unmarked-in-german,0 marked,2 marked,the translator marked doubt where the German marks none - candidate silent transcription corruption,
212,212,4,unmarked-in-german,0 marked,2 marked,the translator marked doubt where the German marks none - candidate silent transcription corruption,
212,212,4,emendation-degrades,Schwemmern,[unresolved],"possibly a property name in Silesia, possibly 'Schwestern'; cannot be settled.",
212,212,4,emendation-degrades,Fürsten Suhken,[unresolved personal name],no such name occurs elsewhere in the correspondence.,
213,213,1,unmarked-in-german,0 marked,2 marked,the translator marked doubt where the German marks none - candidate silent transcription corruption,
213,213,1,glossary-mismatch,Durchlaucht,Serene Highness,termbase rendering not found in the English,
213,213,2,unmarked-in-german,0 marked,7 marked,the translator marked doubt where the German marks none - candidate silent transcription corruption,
213,213,2,marker-check,,7 present,model reported 6 markers but emitted 7,
213,213,2,glossary-mismatch,Pohlen,Poland,termbase rendering not found in the English,
213,213,3,unmarked-in-german,1 marked,6 marked,the translator marked doubt where the German marks none - candidate silent transcription corruption,
213,213,3,marker-check,,6 present,model reported 5 markers but emitted 6,
213,213,3,emendation-degrades,Podat,Podatek,Polish for tax; fits a list of dues in the Duchy of Warsaw.,
213,213,4,unmarked-in-german,0 marked,5 marked,the translator marked doubt where the German marks none - candidate silent transcription corruption,
213,213,4,marker-check,,5 present,model reported 4 markers but emitted 5,
213,213,4,glossary-mismatch,Pfennig,Pfennig,termbase rendering not found in the English,
213,213,4,emendation-degrades,Hard,Hardenberg,A Berlin correspondent demanding proofs of the attachment; likely the Staatskanzler.,
214,214,1,unmarked-in-german,0 marked,5 marked,the translator marked doubt where the German marks none - candidate silent transcription corruption,
214,214,1,marker-check,,5 present,model reported 4 markers but emitted 5,
214,214,1,glossary-mismatch,Abschrift,Copy,termbase rendering not found in the English,
214,214,1,emendation-uncertain,Frau Fürstin Sanken,Frau Fürstin Sacken (?),Personal name possibly corrupted; not emended in translation.,
214,214,2,unmarked-in-german,0 marked,8 marked,the translator marked doubt where the German marks none - candidate silent transcription corruption,
214,214,2,marker-check,,8 present,model reported 5 markers but emitted 8,
214,214,2,emendation-degrades,Baum 1500 Rthl,kaum 1500 Rthl,'kaum' (hardly) fits the sense; K/B confusion in Kurrent.,
214,214,3,unmarked-in-german,0 marked,9 marked,the translator marked doubt where the German marks none - candidate silent transcription corruption,
214,214,3,marker-check,,9 present,model reported 7 markers but emitted 9,
214,214,3,emendation-degrades,Stolz apfel,Stolzapfel,read as one surname; word division uncertain in the manuscript.,
214,214,4,unmarked-in-german,0 marked,6 marked,the translator marked doubt where the German marks none - candidate silent transcription corruption,
214,214,4,marker-check,,6 present,model reported 5 markers but emitted 6,
214,214,4,emendation-uncertain,Graf Gacczynali,Graf Gaczynski / Garczynski,reads as a corrupted Polish surname; not emended in translation.,
215,215,1,marker-check,,0 present,model reported 1 markers but emitted 0,
215,215,1,glossary-mismatch,Pro Memoria,Pro Memoria,termbase rendering not found in the English,
215,215,2,unmarked-in-german,3 marked,4 marked,the translator marked doubt where the German marks none - candidate silent transcription corruption,
215,215,3,name-check,,Kaemener,name reported in the English is not in the German,
215,215,3,damage-page,[...],,page carries a gap or damaged edge; confirm the English shows the hole rather than bridging it,
215,215,3,emendation-uncertain,Karzunki,Karczmarz / Karczunki,possibly a Polish word for clearings (karczunek) rather than a personal name; the list otherwise consists of persons,
215,215,4,unmarked-in-german,0 marked,3 marked,the translator marked doubt where the German marks none - candidate silent transcription corruption,
215,215,5,unmarked-in-german,0 marked,2 marked,the translator marked doubt where the German marks none - candidate silent transcription corruption,
215,215,5,emendation-degrades,Schiffen / Schließen,one and the same name,the same creditor appears twice with different spellings on one page; the manuscript reading should be checked,
215,215,6,unmarked-in-german,0 marked,2 marked,the translator marked doubt where the German marks none - candidate silent transcription corruption,
215,215,6,glossary-mismatch,Collonisten,colonists,termbase rendering not found in the English,
215,215,6,emendation-uncertain,Collonmasche,Collonnasche / Colonna'sche,probably an adjectival form of a family name; the base name cannot be settled,
215,215,7,unmarked-in-german,0 marked,3 marked,the translator marked doubt where the German marks none - candidate silent transcription corruption,
215,215,8,unmarked-in-german,0 marked,2 marked,the translator marked doubt where the German marks none - candidate silent transcription corruption,
215,215,8,emendation-uncertain,Brzechsta,Brzechwa / Brzechffa,a Polish surname; the transcribed form is unlikely as Polish orthography and the name is among the least reliable elements,
216,216,1,unmarked-in-german,0 marked,2 marked,the translator marked doubt where the German marks none - candidate silent transcription corruption,
216,216,2,unmarked-in-german,0 marked,1 marked,the translator marked doubt where the German marks none - candidate silent transcription corruption,
216,216,2,emendation-uncertain,Honrichsen,Heinrichsen / Hindrichsen,Possibly a scribal variant; left as transcribed.,
216,216,2,emendation-uncertain,Fatharium,Factum / Verfahren,Context requires a noun meaning 'proceeding'.,
217,217,1,unmarked-in-german,0 marked,2 marked,the translator marked doubt where the German marks none - candidate silent transcription corruption,
217,217,2,name-check,,Dresden,name reported in the English is not in the German,
217,217,3,unmarked-in-german,0 marked,1 marked,the translator marked doubt where the German marks none - candidate silent transcription corruption,
217,217,3,emendation-uncertain,des Fürsten Trombſchyner Güter,Trembatschauer / Trzebiny(?),the estate name is not identifiable in this form; left as transcribed,
217,217,4,name-check,Würde,,name in the German is absent from the English,
217,217,4,unmarked-in-german,0 marked,2 marked,the translator marked doubt where the German marks none - candidate silent transcription corruption,
218,218,1,name-check,,Triebenfeld,name reported in the English is not in the German,
218,218,1,unmarked-in-german,0 marked,3 marked,the translator marked doubt where the German marks none - candidate silent transcription corruption,
218,218,1,emendation-degrades,"keine 322,625 Rthl","reine 322,625 Rthl",560000 − 237375 = 322625; 'reine' (clear) matches the parallel construction 'reine 115000' above.,
218,218,2,name-check,,Stockel,name reported in the English is not in the German,
218,218,2,unmarked-in-german,0 marked,6 marked,the translator marked doubt where the German marks none - candidate silent transcription corruption,
218,218,2,marker-check,,6 present,model reported 5 markers but emitted 6,
218,218,2,emendation-degrades,Stössel / Stöckeln / Stockel / Stöchte / v. Stöck,Stöckel (one person),Five spellings within two pages most likely denote a single individual.,
218,218,3,name-check,,Betschen,name reported in the English is not in the German,
218,218,3,unmarked-in-german,0 marked,4 marked,the translator marked doubt where the German marks none - candidate silent transcription corruption,
218,218,3,glossary-mismatch,Gulden,gulden,termbase rendering not found in the English,
218,218,4,number-check,10,,numeral in the German does not appear in the English,
218,218,4,unmarked-in-german,0 marked,7 marked,the translator marked doubt where the German marks none - candidate silent transcription corruption,
218,218,4,marker-check,,7 present,model reported 5 markers but emitted 7,
218,218,4,glossary-mismatch,Pohlen,Poland,termbase rendering not found in the English,
219,219,1,unmarked-in-german,0 marked,3 marked,the translator marked doubt where the German marks none - candidate silent transcription corruption,
219,219,1,emendation-degrades,Midirinal Rath,Medizinal Rath,"a Medizinalrath from Kalisz would be a plausible title; ""Midirinal"" is not attested",
219,219,1,emendation-uncertain,Münse,Münster / Miensk / Muszyna?,not identifiable as written; likely a corrupted place name,
219,219,1,emendation-uncertain,schiedig,schied / entschied,"no such finite form; possibly ""so schied man"" or ""so entschied man""",
219,219,1,emendation-uncertain,Dierschlag,Bierschlag / Dieterich?,"surname of the President and Conservator of Mortgages; D/B confusion possible, unverified",
220,220,1,unmarked-in-german,0 marked,1 marked,the translator marked doubt where the German marks none - candidate silent transcription corruption,
220,220,2,unmarked-in-german,1 marked,6 marked,the translator marked doubt where the German marks none - candidate silent transcription corruption,
220,220,2,marker-check,,6 present,model reported 5 markers but emitted 6,
220,220,2,emendation-degrades,Baurrretten darfftigkeit,"Bauern retten, Bedürftigkeit","possibly ""to save something for the peasants, where neediness requires it""; wholly conjectural",
220,220,2,emendation-uncertain,aplicii,in duplo / in applicatione,"abbreviation of an unidentified Latin term; possibly ""in duplo"" (in duplicate)",
220,220,3,emendation-degrades,mein Wartensleben noch kein Wort,weiß mein Wartensleben noch kein Wort,"supplies the missing verb: ""my Wartensleben as yet knows not a word""",
221,221,1,unmarked-in-german,0 marked,2 marked,the translator marked doubt where the German marks none - candidate silent transcription corruption,
221,221,1,emendation-degrades,Ge Sendralzki,Sandrelzki,"Page 2 spells the same person ""Sandrelzki""; ""Ge"" may be an abbreviation (Geheimrath?) or a false start.",
221,221,2,unmarked-in-german,0 marked,6 marked,the translator marked doubt where the German marks none - candidate silent transcription corruption,
221,221,2,marker-check,,6 present,model reported 5 markers but emitted 6,
221,221,2,emendation-degrades,Pielen,Pila,"Elsewhere in the letter the estate is ""Pila""/""Pilaer""; ""Pielen"" is likely the same place.",
221,221,2,emendation-degrades,Sandrelzki,Sendralzki,"Page 1 has ""Ge Sendralzki""; one of the two spellings is a misreading.",
222,222,1,name-check,Stössel,,name in the German is absent from the English,
222,222,1,name-check,,Triebenfeld,name reported in the English is not in the German,
222,222,1,unmarked-in-german,0 marked,1 marked,the translator marked doubt where the German marks none - candidate silent transcription corruption,
222,222,1,emendation-degrades,Stossel / Stössel,consistent single spelling,"the same name appears with and without umlaut on this page; also ""Stöckel"" and ""Stocheln"" on later pages",
222,222,2,emendation-degrades,Fürsten Sacken,Fürstin Sacken,"page 3 speaks of the death of the Prince's mother-in-law and of ""die Frau Fürsten"" having made a will",
222,222,3,unmarked-in-german,1 marked,2 marked,the translator marked doubt where the German marks none - candidate silent transcription corruption,
222,222,3,emendation-degrades,Gr. Cesur Wartensleben,Gr. Caesar Wartensleben,"a given name is expected after ""Gr."" (Graf)",
222,222,4,name-check,,Kochritz,name reported in the English is not in the German,
222,222,4,unmarked-in-german,1 marked,2 marked,the translator marked doubt where the German marks none - candidate silent transcription corruption,
222,222,4,emendation-degrades,2 ten Schluſe zuſaren Regiment,2ten Schlesischen Husaren-Regiment,"""Schluse"" for ""Schlesischen"" and ""zusaren"" for ""Husaren"" are plausible Kurrent misreadings; the 2nd Silesian Hussars existed",
222,222,4,emendation-degrades,Garde da Corps,Garde du Corps,standard name of the Prussian regiment,
222,222,4,emendation-degrades,Koch[ritz?],Köckritz,Karl Leopold von Köckritz was the King's adjutant-general and a plausible subject of royal enquiry,
223,223,1,unmarked-in-german,0 marked,2 marked,the translator marked doubt where the German marks none - candidate silent transcription corruption,
223,223,2,name-check,Erreichung,,name in the German is absent from the English,
223,223,2,unmarked-in-german,0 marked,4 marked,the translator marked doubt where the German marks none - candidate silent transcription corruption,
223,223,3,unmarked-in-german,0 marked,5 marked,the translator marked doubt where the German marks none - candidate silent transcription corruption,
223,223,3,marker-check,,5 present,model reported 4 markers but emitted 5,
223,223,4,unmarked-in-german,0 marked,6 marked,the translator marked doubt where the German marks none - candidate silent transcription corruption,
223,223,5,name-check,,Deschenten,name reported in the English is not in the German,
223,223,5,unmarked-in-german,0 marked,4 marked,the translator marked doubt where the German marks none - candidate silent transcription corruption,
223,223,5,emendation-uncertain,eine Bally,einen Ball / eine Familie,unidentifiable; possibly a place or an occasion,
223,223,6,name-check,,Sommer,name reported in the English is not in the German,
223,223,6,unmarked-in-german,0 marked,3 marked,the translator marked doubt where the German marks none - candidate silent transcription corruption,
223,223,7,unmarked-in-german,0 marked,4 marked,the translator marked doubt where the German marks none - candidate silent transcription corruption,
223,223,8,name-check,Erreichung,,name in the German is absent from the English,
223,223,8,unmarked-in-german,0 marked,6 marked,the translator marked doubt where the German marks none - candidate silent transcription corruption,
223,223,8,glossary-mismatch,Wechsel,bill of exchange,termbase rendering not found in the English,
223,223,9,unmarked-in-german,0 marked,3 marked,the translator marked doubt where the German marks none - candidate silent transcription corruption,
224,224,1,unmarked-in-german,1 marked,6 marked,the translator marked doubt where the German marks none - candidate silent transcription corruption,
224,224,1,marker-check,,6 present,model reported 5 markers but emitted 6,
224,224,2,unmarked-in-german,0 marked,4 marked,the translator marked doubt where the German marks none - candidate silent transcription corruption,
224,224,2,marker-check,,4 present,model reported 3 markers but emitted 4,
224,224,3,unmarked-in-german,0 marked,5 marked,the translator marked doubt where the German marks none - candidate silent transcription corruption,
224,224,3,marker-check,,5 present,model reported 4 markers but emitted 5,
224,224,4,unmarked-in-german,0 marked,6 marked,the translator marked doubt where the German marks none - candidate silent transcription corruption,
226,226,1,name-check,,Sch.,name reported in the English is not in the German,
226,226,1,unmarked-in-german,0 marked,2 marked,the translator marked doubt where the German marks none - candidate silent transcription corruption,
226,226,2,unmarked-in-german,0 marked,2 marked,the translator marked doubt where the German marks none - candidate silent transcription corruption,
226,226,3,unmarked-in-german,0 marked,4 marked,the translator marked doubt where the German marks none - candidate silent transcription corruption,
226,226,4,unmarked-in-german,0 marked,1 marked,the translator marked doubt where the German marks none - candidate silent transcription corruption,
227,227,1,emendation-degrades,Gedachter H. v. von Brzechsta,Gedachter H. v. Brzechsta,Doubled abbreviation and preposition; likely a transcription duplication.,
227,227,2,unmarked-in-german,0 marked,3 marked,the translator marked doubt where the German marks none - candidate silent transcription corruption,
227,227,2,emendation-uncertain,Podothen,Podathen (Podatki / Podathen = Polish taxes),"In a list of dues payable in the Duchy of Warsaw, ""Podatken/Podathen"" (from Polish podatki, taxes) fits the sense.",
227,227,2,emendation-degrades,Au Weigel,an Weigel,"""an Weigel 1250. Rthl schicken lassen"" (have 1250 Rthl sent to Weigel) reads naturally; ""Au"" is likely a misread ""an"".",
227,227,3,unmarked-in-german,1 marked,2 marked,the translator marked doubt where the German marks none - candidate silent transcription corruption,
227,227,4,unmarked-in-german,0 marked,2 marked,the translator marked doubt where the German marks none - candidate silent transcription corruption,
228,228,1,name-check,,Schlawenschitz,name reported in the English is not in the German,
228,228,1,emendation-degrades,H v Steger mann,H. v Stägemann,The same person is spelled Stägemann later in the same sentence.,
228,228,2,name-check,Besichtigung,,name in the German is absent from the English,
228,228,2,unmarked-in-german,0 marked,1 marked,the translator marked doubt where the German marks none - candidate silent transcription corruption,
229,229,1,emendation-uncertain,Brzechsta,Brzechwa or Brzechffa,"Polish surname; -sta ending unusual, may be a Kurrent misreading of -wa",
229,229,2,unmarked-in-german,0 marked,1 marked,the translator marked doubt where the German marks none - candidate silent transcription corruption,
229,229,2,emendation-degrades,in forma Probunte,in forma probante,standard legal formula for a document in probative form,
229,229,2,emendation-uncertain,Parobeck,Parobek (Polish: farm-hand) or a dog's name,"context (""an even bigger dog"") suggests either a hound's name or the Polish word parobek",
230,230,1,name-check,Besichtigung,,name in the German is absent from the English,
230,230,2,unmarked-in-german,0 marked,2 marked,the translator marked doubt where the German marks none - candidate silent transcription corruption,
230,230,3,unmarked-in-german,0 marked,6 marked,the translator marked doubt where the German marks none - candidate silent transcription corruption,
230,230,3,marker-check,,6 present,model reported 5 markers but emitted 6,
231,231,1,unmarked-in-german,0 marked,1 marked,the translator marked doubt where the German marks none - candidate silent transcription corruption,
231,231,1,glossary-mismatch,Hochzuehrender Herr,Highly Honoured Sir,termbase rendering not found in the English,
231,231,1,emendation-degrades,Johann Fürstens v. Hohenlohe,dem Herrn Fürsten v. Hohenlohe,"The Prince addressed throughout this correspondence is Friedrich Ludwig; ""Johann"" may be a misreading of an abbreviated ""Herrn"".",
232,232,1,name-check,,Triebenfeld,name reported in the English is not in the German,
232,232,1,unmarked-in-german,1 marked,5 marked,the translator marked doubt where the German marks none - candidate silent transcription corruption,
232,232,1,emendation-uncertain,Justiz rath Kuntzel,Justizrath Küntzel / Kuntzel,Word-division only; name left exactly as transcribed in the translation.,
232,232,2,unmarked-in-german,1 marked,7 marked,the translator marked doubt where the German marks none - candidate silent transcription corruption,
232,232,2,emendation-uncertain,Seymanous,Seyman (Amtmann?) / a surname,Likely a corrupted proper noun; not repaired in the translation.,
232,232,2,emendation-uncertain,Mielrowitz,Mieluchowitz / Milkowitz?,Already marked doubtful in the transcription; a place or party name of uncertain form.,
232,232,3,unmarked-in-german,0 marked,5 marked,the translator marked doubt where the German marks none - candidate silent transcription corruption,
232,232,3,emendation-uncertain,Goſcipischen,Gościszewski? / Gostkowski?,Appears to be a corrupted surname in an inflected form.,
232,232,4,unmarked-in-german,1 marked,8 marked,the translator marked doubt where the German marks none - candidate silent transcription corruption,
232,232,4,marker-check,,8 present,model reported 6 markers but emitted 8,
232,232,4,glossary-mismatch,Collonisten,colonists,termbase rendering not found in the English,
232,232,4,emendation-degrades,Kopoyno 16t Juny 1811,Kopoyno 16t Juny 1812,The editorial heading dates the letter 1812; the manuscript as transcribed reads 1811. Figure left exactly as written in the translation.,
232,232,4,emendation-uncertain,Brieges Precz,Brief des Pretz / Precz'sche Praetension?,Likely a personal name plus a claim; the transcription already flags it as uncertain.,
232,232,4,emendation-uncertain,Kontonper Kontract,Konopnitzer / Kopoyner Kontract?,Probably a place-derived adjective naming the contract; unresolved.,
232,232,4,emendation-degrades,neu und Alt Swięcia,Neu- und Alt-Swięcia,Hyphenation only; spelling preserved.,
233,233,1,name-check,Berlin,,name in the German is absent from the English,
233,233,1,emendation-uncertain,Swixce,Swierczyna / Swierczyn (or similar),'Swixce' is not a plausible Polish place-name form; likely a Kurrent misreading,
233,233,1,emendation-degrades,den 2 Berlin 200 Rthl,den 2 Beiden 200 Rthl,'Berlin' makes no sense among vacant colonists' holdings in South Prussia; 'Beiden' fits the minim pattern,
233,233,1,emendation-degrades,H. p. Sommer,H. v. Sommer,'p.' is likely a misread 'v.' (von),
233,233,2,unmarked-in-german,0 marked,2 marked,the translator marked doubt where the German marks none - candidate silent transcription corruption,
233,233,2,emendation-degrades,Vorwand Kopoyno,Vorwerk Kopoyno,'Vorwerk' is the standing term for such an outlying farm and is elsewhere in the corpus; 'Vorwand' is meaningless here,
233,233,2,emendation-degrades,Nybbel,Mühle (or a place-name),no plausible German word; possibly a misread mill or holding,
233,233,3,unmarked-in-german,0 marked,2 marked,the translator marked doubt where the German marks none - candidate silent transcription corruption,
233,233,3,emendation-degrades,Fürst August,Fürst August (unverified),flagged only as a name to be checked against the family; not altered,
233,233,4,unmarked-in-german,0 marked,3 marked,the translator marked doubt where the German marks none - candidate silent transcription corruption,
233,233,4,marker-check,,3 present,model reported 2 markers but emitted 3,
234,234,1,unmarked-in-german,0 marked,2 marked,the translator marked doubt where the German marks none - candidate silent transcription corruption,
234,234,2,name-check,Stein,,name in the German is absent from the English,
234,234,2,name-check,,Prince August,name reported in the English is not in the German,
234,234,2,name-check,,the King,name reported in the English is not in the German,
234,234,2,unmarked-in-german,0 marked,1 marked,the translator marked doubt where the German marks none - candidate silent transcription corruption,
234,234,3,name-check,,Prince August,name reported in the English is not in the German,
234,234,3,name-check,,the King,name reported in the English is not in the German,
234,234,3,unmarked-in-german,0 marked,3 marked,the translator marked doubt where the German marks none - candidate silent transcription corruption,
234,234,3,emendation-uncertain,Zwalden,Schulden (?),"'die Schulden drängen mich' would fit the context of pressing debts, but this is a guess and must be checked against the manuscript",
234,234,4,unmarked-in-german,0 marked,4 marked,the translator marked doubt where the German marks none - candidate silent transcription corruption,
234,234,4,glossary-mismatch,treuester Knecht,most faithful servant,termbase rendering not found in the English,
235,235,1,name-check,,Blizanow,name reported in the English is not in the German,
235,235,1,name-check,,Triebenfeld,name reported in the English is not in the German,
236,236,1,emendation-uncertain,Honrichs,Hoimar / Heinrichs,"The name recurs on p. 2 as ""Hoimar"" in what appears to be the same reference; one of the two spellings is corrupt.",
236,236,2,unmarked-in-german,0 marked,1 marked,the translator marked doubt where the German marks none - candidate silent transcription corruption,
236,236,2,emendation-uncertain,d. 41ten July 1812,d. 11ten or 21ten July 1812,There is no 41st of July; figure retained as transcribed per house rule.,
236,236,2,emendation-degrades,Hoimar,Cosmar,The liar in question is the Cosmar named on p. 1; the name may have been misread.,
237,237,1,number-check,12,,numeral in the German does not appear in the English,
237,237,1,unmarked-in-german,0 marked,1 marked,the translator marked doubt where the German marks none - candidate silent transcription corruption,
237,237,1,emendation-uncertain,Fieder entworfen Art,in der entworfenen Art / nach der entworfenen Art,'Fieder' may be a misreading of 'in der' or 'nach der'; the sense required is 'in the manner drafted'.,
237,237,1,emendation-degrades,sandte den Brief am Amtman König,sandte den Brief an den Amtman König,'am' for 'an den' is a likely transcription contraction.,
237,237,1,emendation-degrades,Trzcinski oder König noch Zerboni,Trzcinski weder König noch Zerboni,"'oder' may be a misreading of 'weder', which would complete the negative series.",
237,237,2,unmarked-in-german,0 marked,1 marked,the translator marked doubt where the German marks none - candidate silent transcription corruption,
237,237,2,emendation-degrades,Mecerowitz,Meierowitz,"Page 1 has 'Meierowitz'; the same person is presumably meant, and one of the two spellings is a misreading. Both are left as transcribed.",
238,238,1,number-check,14,,numeral in the German does not appear in the English,
238,238,1,marker-check,1 in German,0 in English,a mark of doubt in the German is missing from the English - a hole may have been smoothed over,
238,238,1,marker-check,,0 present,model reported 1 markers but emitted 0,
238,238,1,glossary-mismatch,Wechsel,bill of exchange,termbase rendering not found in the English,
238,238,2,name-check,,Koenige,name reported in the English is not in the German,
238,238,2,unmarked-in-german,0 marked,1 marked,the translator marked doubt where the German marks none - candidate silent transcription corruption,
238,238,2,emendation-degrades,mitt errathen,nicht errathen,"Single-letter/word confusion; ""cannot guess"" fits ""besonders da Sie mir den Datum nicht anzeigten"".",
238,238,2,emendation-uncertain,Würtemberg,Wurtenberg / Wartenberg,A post-town with a recorded fire is more likely a Silesian place-name than the duchy of Württemberg; not folded into the translation.,
238,238,3,unmarked-in-german,0 marked,2 marked,the translator marked doubt where the German marks none - candidate silent transcription corruption,
238,238,4,name-check,,Kolisch,name reported in the English is not in the German,
238,238,4,unmarked-in-german,0 marked,1 marked,the translator marked doubt where the German marks none - candidate silent transcription corruption,
239,239,1,unmarked-in-german,0 marked,2 marked,the translator marked doubt where the German marks none - candidate silent transcription corruption,
239,239,1,glossary-mismatch,Durchlaucht,Serene Highness,termbase rendering not found in the English,
239,239,1,emendation-uncertain,eodem,Zeit / Stunde (?),"""zur höchsten eodem"" is unintelligible; likely a misread abbreviation.",
239,239,2,unmarked-in-german,0 marked,2 marked,the translator marked doubt where the German marks none - candidate silent transcription corruption,
239,239,2,emendation-uncertain,Ortel,Oertzen / Ortell (?),General's name possibly corrupted; not identified.,
239,239,2,emendation-degrades,Min Hard:,Min. Hardenberg,Standard abbreviation for the Prussian State Chancellor; left as transcribed in the translation.,
240,240,1,unmarked-in-german,0 marked,4 marked,the translator marked doubt where the German marks none - candidate silent transcription corruption,
240,240,1,glossary-mismatch,Durchlaucht,Serene Highness,termbase rendering not found in the English,
240,240,1,emendation-uncertain,Brönen,"[verb, perh. ""krönen"" or ""beschönen""]","No such word; likely a misread verb governing ""die Sache"".",
240,240,1,emendation-uncertain,Sontien,Subsidien / Soutien,"Napoleon procuring ""Subsidien"" (subsidies) or ""Soutien"" (support, Fr. soutien) fits the sense; unresolved.",
240,240,1,emendation-uncertain,Koch:,Knesebeck: / v. Kleist,Abbreviated name; personal names are the least reliable part of the transcription. Not emended in translation.,
240,240,1,emendation-degrades,Hard:,Hardenberg,"Standard abbreviation for the Prussian State Chancellor Hardenberg, who fits the dialogue.",
240,240,2,emendation-uncertain,Ortell,Oertel / d'Orville,Personal name likely corrupted; not emended.,
240,240,2,emendation-uncertain,Schwierin,Schwerin / Świerzyna,Uncertain place; carried across as written.,
241,241,1,name-check,Gneizenau,,name in the German is absent from the English,
241,241,1,unmarked-in-german,0 marked,1 marked,the translator marked doubt where the German marks none - candidate silent transcription corruption,
241,241,1,emendation-degrades,General Gneizenau,General Gneisenau,"August Neidhardt von Gneisenau, Chief of the General Staff in 1813; 'z' for 's' is a plausible Kurrent slip. Not folded into the translation.",
241,241,1,emendation-degrades,General Gewerner,General-Gouverneur,Zastrow's appointment in Prussia would fit 'General-Gouverneur'; the reading is uncertain.,
241,241,1,emendation-degrades,M Hard:,H[err] v. Hardenberg,the Prussian State Chancellor was with the Russian Emperor in Bohemia in June 1813; 'Hard:' is an abbreviation.,
241,241,1,emendation-degrades,die Schlesen Landwehr,die Schlesische Landwehr,apparently a truncated adjective.,
241,241,2,unmarked-in-german,0 marked,2 marked,the translator marked doubt where the German marks none - candidate silent transcription corruption,
241,241,2,emendation-degrades,Oppendorff,Oppersdorf(f),a Silesian noble seat and place name near Neisse; 'Oppendorff' may be a transcription slip. Left as written in the translation.,
241,241,2,emendation-uncertain,in Fall und Schwartz,in Falkenberg und Schurgast (?),purely speculative; the two words look like abbreviated Silesian place names but cannot be settled.,
242,242,1,unmarked-in-german,0 marked,4 marked,the translator marked doubt where the German marks none - candidate silent transcription corruption,
242,242,1,marker-check,,4 present,model reported 3 markers but emitted 4,
242,242,1,glossary-mismatch,Durchlaucht,Serene Highness,termbase rendering not found in the English,
242,242,1,emendation-degrades,um fein de paille,ein feu de paille,phonetic rendering of the French idiom 'a flash in the pan',
242,242,1,emendation-uncertain,monveniren,Conferenzen / Manövers,unattested; a scribal corruption,
242,242,1,emendation-degrades,Post,Pest,the pair 'Ofen und Pest' (Buda and Pest) is expected; name left as transcribed per rule,
242,242,2,name-check,Würtemberg,,name in the German is absent from the English,
242,242,2,name-check,,Württemberg,name reported in the English is not in the German,
242,242,2,unmarked-in-german,3 marked,6 marked,the translator marked doubt where the German marks none - candidate silent transcription corruption,
242,242,2,damage-page,[...],,page carries a gap or damaged edge; confirm the English shows the hole rather than bridging it,
242,242,2,emendation-degrades,wir noch jemand aus dem Cabinet,wo noch jemand aus dem Cabinet,wie/wir/wo confusion; 'wo' would give 'when someone else from the Cabinet will also be with me',
242,242,2,emendation-degrades,Geheime [?]ath Goesch,Geheime Rath Goesch,the illegible initial is almost certainly R (Geheimer Rath),
242,242,2,emendation-degrades,mediati sirt,mediatisirt,word split across the line,
243,243,1,glossary-mismatch,Gulden,gulden,termbase rendering not found in the English,
243,243,1,emendation-uncertain,Keob[?]chi[tz?],Kosch[..]witz or similar place/banker name,"Unreadable proper noun; possibly a Silesian place-name or a banking house, but not settleable from the transcription.",
244,244,1,unmarked-in-german,0 marked,6 marked,the translator marked doubt where the German marks none - candidate silent transcription corruption,
244,244,1,glossary-mismatch,Durchlaucht,Serene Highness,termbase rendering not found in the English,
244,244,2,unmarked-in-german,0 marked,8 marked,the translator marked doubt where the German marks none - candidate silent transcription corruption,
244,244,2,marker-check,,8 present,model reported 6 markers but emitted 8,
244,244,3,unmarked-in-german,0 marked,1 marked,the translator marked doubt where the German marks none - candidate silent transcription corruption,
244,244,3,marker-check,,1 present,model reported 4 markers but emitted 1,
244,244,3,emendation-uncertain,sehr nötig werde ich,"so ehr(ietig)st werde ich / sehr nöthig werde ... ; possibly ""so wie nöthig werd",As transcribed the phrase cannot govern the clause that follows.,
244,244,3,emendation-degrades,Der Souveraine Prinz von Holland nimt der Königs Titell an,den Königs-Titel an,"Accusative expected after ""annehmen""; ""der"" is likely a slip or misreading. Rendered as transcribed.",
245,245,1,name-check,,Brieger,name reported in the English is not in the German,
245,245,1,name-check,,Triebenfeld,name reported in the English is not in the German,
245,245,1,unmarked-in-german,2 marked,30 marked,the translator marked doubt where the German marks none - candidate silent transcription corruption,
245,245,1,marker-check,,30 present,model reported 25 markers but emitted 30,
245,245,1,damage-page,[...],,page carries a gap or damaged edge; confirm the English shows the hole rather than bridging it,
245,245,2,unmarked-in-german,5 marked,42 marked,the translator marked doubt where the German marks none - candidate silent transcription corruption,
245,245,2,marker-check,,42 present,model reported 30 markers but emitted 42,
245,245,2,glossary-mismatch,Majorat,entailed estate,termbase rendering not found in the English,
245,245,2,emendation-degrades,die Luitz Erben / die Lutz Erb / Der Endl. Erben / den Curische Erben,one consistent form of the creditor-heirs' name,Four different spellings for what appears to be one party; the correct form must be settled from the manuscript.,
246,246,1,name-check,,Sachsen (Sachßtens),name reported in the English is not in the German,
246,246,1,unmarked-in-german,0 marked,2 marked,the translator marked doubt where the German marks none - candidate silent transcription corruption,
246,246,1,emendation-uncertain,dem Laug,dem Bund / dem Landtag,A collective body to which the small states are subordinated is expected; the reading is unresolved.,
246,246,2,unmarked-in-german,0 marked,3 marked,the translator marked doubt where the German marks none - candidate silent transcription corruption,
246,246,2,emendation-degrades,des Westen Kaysers,des Rußischen Kaysers,If the district falls to Russia the intercession would be with the Russian Emperor.,
247,247,1,unmarked-in-german,1 marked,2 marked,the translator marked doubt where the German marks none - candidate silent transcription corruption,
247,247,1,glossary-mismatch,Transact,settlement,termbase rendering not found in the English,
247,247,1,emendation-degrades,Fürsten Sacken / F. Sachen,Fürstin Sacken,recurs in variant forms; likely the Princess (von der) Sacken,
247,247,2,unmarked-in-german,8 marked,12 marked,the translator marked doubt where the German marks none - candidate silent transcription corruption,
247,247,2,marker-check,,12 present,model reported 10 markers but emitted 12,
247,247,2,damage-page,[...],,page carries a gap or damaged edge; confirm the English shows the hole rather than bridging it,
247,247,2,emendation-degrades,Gr E Constantin,Gr[oß]F[ürst] Constantin,"Grand Duke Constantin, then in Vienna",
247,247,3,marker-check,,10 present,model reported 9 markers but emitted 10,
247,247,3,damage-page,[...],,page carries a gap or damaged edge; confirm the English shows the hole rather than bridging it,
247,247,3,emendation-degrades,79462. bleibe übrig. 38 Rthl,sum and remainder to be checked against the itemised entries,the listed items as transcribed do not obviously total 79462; figures carried as written per house rule,
248,248,1,name-check,,Triebenfeld,name reported in the English is not in the German,
248,248,1,unmarked-in-german,0 marked,1 marked,the translator marked doubt where the German marks none - candidate silent transcription corruption,
248,248,1,emendation-uncertain,Quldt,?,"Unidentified place-name, possibly a corrupted estate name; left as transcribed.",
248,248,1,emendation-degrades,Winzingerode,Wintzingerode,Usual spelling of the family name; left as transcribed.,
248,248,2,name-check,Sachßen,,name in the German is absent from the English,
248,248,2,unmarked-in-german,0 marked,1 marked,the translator marked doubt where the German marks none - candidate silent transcription corruption,
248,248,2,glossary-mismatch,gehorsamster Diener,most obedient servant,termbase rendering not found in the English,
248,248,2,emendation-uncertain,ein großes Brink,ein großes Gedränge / eine große Bewegung,"""Brink"" is not German; some noun for stir/commotion is required.",
248,248,2,emendation-degrades,ein Gericht ohne allen Grund,ein Gerücht ohne allen Grund,"""Gerücht"" (rumour) fits; ""Gericht"" (court/dish) does not. Rendered in the translation as ""rumour"" would be a repair, so the doubt is recorded here.",
249,249,1,unmarked-in-german,0 marked,2 marked,the translator marked doubt where the German marks none - candidate silent transcription corruption,
249,249,1,emendation-uncertain,Gelung,Gelingt es hier / Gelingt's,"Possibly a truncated verbal phrase (""if it succeeds here""), but no reading can be settled from the transcription.",
249,249,2,unmarked-in-german,2 marked,5 marked,the translator marked doubt where the German marks none - candidate silent transcription corruption,
249,249,2,glossary-mismatch,gehorsamster Diener,most obedient servant,termbase rendering not found in the English,
249,249,2,emendation-degrades,Wessling,Wessenberg,A secret conference with Metternich and Wrede in Vienna 1814 would more plausibly involve Baron Wessenberg; but the name stands as transcribed.,
249,249,2,emendation-degrades,Gral[?],Grätz (Graz),A tour to Graz and Triest is the geographically coherent pairing; the manuscript reading is not settled and is left marked.,
249,249,2,emendation-degrades,Göschet / Göschell,"one and the same name, consistently spelled",The two spellings within three lines suggest one name; which form is correct cannot be settled.,
250,250,1,emendation-degrades,Andenherrn Herrn v. Triebenfeld,An den Herrn v. Triebenfeld,"Word division; the doubled ""Herrn"" is probably a transcription duplication.",
251,251,1,unmarked-in-german,2 marked,3 marked,the translator marked doubt where the German marks none - candidate silent transcription corruption,
251,251,1,glossary-mismatch,Unterthanen,subjects,termbase rendering not found in the English,
251,251,1,emendation-uncertain,Der E. E. zu höherliche,Der Fürst zu Hohenlohe(?),"""zu höherliche"" may be a garbled ""zu Hohenlohe""; wholly speculative and not carried into the English",
252,252,1,emendation-uncertain,Kaemen,Kaemen / Kamień (?),A Polish place-name in the Trąbczyn neighbourhood; the transcribed form may conceal Kamień or similar. Left as transcribed; not settled from evidence.,
252,252,1,emendation-uncertain,C f v Hardenberg,C[arl] A[ugust] v. Hardenberg (?),"The Prussian State Chancellor at Vienna was Karl August von Hardenberg; the initials as transcribed do not match, so the middle initial may be misread. Not sett",
253,253,1,unmarked-in-german,0 marked,2 marked,the translator marked doubt where the German marks none - candidate silent transcription corruption,
253,253,1,marker-check,,2 present,model reported 3 markers but emitted 2,
253,253,1,emendation-degrades,dHl. Hofft: Hahn,des Herrn Hofrath Hahn,"""Hofft:"" is almost certainly an abbreviation of Hofrath; left as read in the translation only as the title.",
253,253,1,emendation-uncertain,einen Wirscher,einen Wischer (a rebuke/dressing-down),"""Wischer"" in period usage = a sharp reproof, which fits ""und darauf gestern Abend diese kurzen Bescheid"".",
253,253,2,unmarked-in-german,0 marked,1 marked,the translator marked doubt where the German marks none - candidate silent transcription corruption,
254,254,1,name-check,,Triebenfeld,name reported in the English is not in the German,
254,254,1,unmarked-in-german,0 marked,1 marked,the translator marked doubt where the German marks none - candidate silent transcription corruption,
254,254,2,number-check,14,,numeral in the German does not appear in the English,
254,254,2,name-check,Banden,,name in the German is absent from the English,
254,254,2,unmarked-in-german,0 marked,5 marked,the translator marked doubt where the German marks none - candidate silent transcription corruption,
254,254,2,marker-check,,5 present,model reported 4 markers but emitted 5,
254,254,3,unmarked-in-german,0 marked,2 marked,the translator marked doubt where the German marks none - candidate silent transcription corruption,
254,254,4,unmarked-in-german,0 marked,3 marked,the translator marked doubt where the German marks none - candidate silent transcription corruption,
254,254,4,glossary-mismatch,Ewr Hochfürstliche Durchlaucht,Your Most Serene Highness,termbase rendering not found in the English,
254,254,5,unmarked-in-german,0 marked,5 marked,the translator marked doubt where the German marks none - candidate silent transcription corruption,
254,254,6,unmarked-in-german,0 marked,2 marked,the translator marked doubt where the German marks none - candidate silent transcription corruption,
254,254,6,emendation-degrades,die Prin Post,die Preußische Post,"matches ""Preußen Post"" later on the same page",
255,255,1,unmarked-in-german,0 marked,4 marked,the translator marked doubt where the German marks none - candidate silent transcription corruption,
255,255,1,marker-check,,4 present,model reported 3 markers but emitted 4,
255,255,1,emendation-degrades,Fürsten Hard:,Fürst Hardenberg,"The 'Fürst Staats Kanzler' at Vienna in 1814 is Hardenberg; 'Hard:' is an abbreviation, and 'der Fürst H' earlier likely the same. Not folded into the translati",
255,255,2,unmarked-in-german,0 marked,1 marked,the translator marked doubt where the German marks none - candidate silent transcription corruption,
255,255,2,glossary-mismatch,gehorsamster Diener,most obedient servant,termbase rendering not found in the English,
256,256,1,unmarked-in-german,1 marked,3 marked,the translator marked doubt where the German marks none - candidate silent transcription corruption,
256,256,1,emendation-degrades,denen v Triebenfeld,Diener v Triebenfeld,Signature formula requires 'treu unterthäniger Diener'.,
256,256,1,emendation-degrades,Bulow Ekelg.,Bulow Excellenz,'Ekelg.' in the position after a minister's name is likely an abbreviation of 'Excellenz'; left as transcribed.,
256,256,1,emendation-degrades,Er ist dicken Freund des Zerboni und Cosmar,Er ist dicker Freund des Zerboni und Cosmar,Inflection; sense 'close friend' either way.,
257,257,1,marker-check,,3 present,model reported 5 markers but emitted 3,
257,257,1,damage-page,[...],,page carries a gap or damaged edge; confirm the English shows the hole rather than bridging it,
257,257,1,emendation-uncertain,Gruemann[??],Grumann / Grunemann / Grüneisen,Signature reading is explicitly doubtful in the transcription; the name is not otherwise attested in the register.,
258,258,1,emendation-uncertain,Carz Schuld / Kurz Erben / Cur. Erbe,Kurländische Schuld / Kurländische Erben (?),Three spellings for what appears to be one creditor party; the true form cannot be settled from this letter alone.,
259,259,1,unmarked-in-german,1 marked,5 marked,the translator marked doubt where the German marks none - candidate silent transcription corruption,
259,259,2,name-check,Würde,,name in the German is absent from the English,
259,259,2,unmarked-in-german,0 marked,6 marked,the translator marked doubt where the German marks none - candidate silent transcription corruption,
259,259,2,marker-check,,6 present,model reported 5 markers but emitted 6,
259,259,2,glossary-mismatch,Wien,Vienna,termbase rendering not found in the English,
260,260,1,name-check,,Triebenfeld,name reported in the English is not in the German,
260,260,1,unmarked-in-german,1 marked,2 marked,the translator marked doubt where the German marks none - candidate silent transcription corruption,
260,260,1,damage-page,[...],,page carries a gap or damaged edge; confirm the English shows the hole rather than bridging it,
260,260,1,emendation-uncertain,ex neom,ex novo / ex nomine,"abbreviated Latin, unresolved",
260,260,2,name-check,,Württemberg,name reported in the English is not in the German,
260,260,2,unmarked-in-german,1 marked,8 marked,the translator marked doubt where the German marks none - candidate silent transcription corruption,
260,260,2,marker-check,,8 present,model reported 6 markers but emitted 8,
260,260,2,emendation-uncertain,instanien administrationen,insanen / unstatthaften Administrationen,adjective expected before 'Administrationen',
260,260,2,emendation-uncertain,aus dummen Gritz,aus dummem Grimm / Trotz,an emotional noun is required,
260,260,2,emendation-uncertain,im Mich,in Mich[elau] or similar place name,'Mich' appears to be a truncated toponym,
260,260,2,emendation-degrades,Toni,[unresolved],may be a personal name or a corruption of 'Tonic/darin',
260,260,3,unmarked-in-german,0 marked,5 marked,the translator marked doubt where the German marks none - candidate silent transcription corruption,
260,260,3,marker-check,,5 present,model reported 4 markers but emitted 5,
260,260,3,emendation-uncertain,udirt,adressirt / avisirt,a verb of communicating is required,
261,261,1,unmarked-in-german,0 marked,1 marked,the translator marked doubt where the German marks none - candidate silent transcription corruption,
261,261,2,unmarked-in-german,0 marked,2 marked,the translator marked doubt where the German marks none - candidate silent transcription corruption,
261,261,3,unmarked-in-german,0 marked,5 marked,the translator marked doubt where the German marks none - candidate silent transcription corruption,
261,261,3,marker-check,,5 present,model reported 4 markers but emitted 5,
261,261,3,emendation-degrades,Minor,Memoire,A written memorandum would be the instrument by which Triebenfeld vexed his opponent.,
261,261,3,emendation-degrades,Grotner,Gärtner,A Herr v. Gärtner is named on page 2 of the same letter; the two forms may be the same person.,
262,262,1,unmarked-in-german,0 marked,1 marked,the translator marked doubt where the German marks none - candidate silent transcription corruption,
262,262,1,marker-check,,1 present,model reported 3 markers but emitted 1,
262,262,1,emendation-degrades,des Hören Fürsten Hardenberg,des Herrn Fürsten Hardenberg,'Hören' is almost certainly a misreading of 'Herrn',
262,262,1,emendation-uncertain,Connus,Cosmar / Cornus,Possibly a corruption; Cosmar is the antagonist named twice on this page,
262,262,2,unmarked-in-german,1 marked,3 marked,the translator marked doubt where the German marks none - candidate silent transcription corruption,
262,262,2,emendation-degrades,Wüstemberge,Württemberg,"Possibly a corruption of Württemberg, but the form is retained as transcribed",
262,262,3,unmarked-in-german,0 marked,1 marked,the translator marked doubt where the German marks none - candidate silent transcription corruption,
262,262,3,emendation-degrades,Coblen,Coblenz,Coblenz was the émigré centre where the Comte d'Artois resided,
263,263,1,unmarked-in-german,0 marked,3 marked,the translator marked doubt where the German marks none - candidate silent transcription corruption,
263,263,1,glossary-mismatch,Vollmacht,power of attorney,termbase rendering not found in the English,
263,263,1,emendation-degrades,Hoffrath Hahn,Hofrath Hahn,spelling variant only; retained as written in the translation,
263,263,2,unmarked-in-german,0 marked,3 marked,the translator marked doubt where the German marks none - candidate silent transcription corruption,
264,264,1,name-check,,Triebenfeld,name reported in the English is not in the German,
264,264,2,name-check,,Silesia (Schleſen),name reported in the English is not in the German,
264,264,2,unmarked-in-german,0 marked,3 marked,the translator marked doubt where the German marks none - candidate silent transcription corruption,
264,264,2,emendation-degrades,Mitlein,Million,A round sum appears to be at issue; but the reading is too damaged to settle.,
264,264,3,marker-check,,1 present,model reported 2 markers but emitted 1,
264,264,3,emendation-uncertain,allerweitigste,allerbaldigste / allerschleunigste,"Context requires a superlative of speed, since he asks for the undertaking to be sent.",
265a,265a,1,unmarked-in-german,1 marked,4 marked,the translator marked doubt where the German marks none - candidate silent transcription corruption,
265a,265a,1,marker-check,,4 present,model reported 3 markers but emitted 4,
265a,265a,1,glossary-mismatch,Wohlgeborn,Your Honour,termbase rendering not found in the English,
265a,265a,1,emendation-degrades,der alten Schuld von 35000 Rthl,statt der alten Schuld von 35000 Rthl,The contrast of 35000 against 461000 requires 'statt' or 'für'.,
265a,265a,1,emendation-uncertain,Hoffrath Hater,Hofrath Hüter / Hayer / Haser,Name unreliable; second element of the surname could be several readings. Left as transcribed.,
265a,265a,1,emendation-uncertain,der Seel. fürsten Sacke,der seel. Fürstin Sache / Sacken,'fürsten' should probably be 'Fürstin' (the late Princess); 'Sacke' may be a corrupted family name or a misread 'Casse'.,
265a,265a,1,emendation-degrades,Krieges Rath von Triebenfeld,Kriegs- und Forstrath von Triebenfeld,His full title elsewhere; here abbreviated or misread.,
265b,265b,1,number-check,14,,numeral in the German does not appear in the English,
265b,265b,1,unmarked-in-german,0 marked,5 marked,the translator marked doubt where the German marks none - candidate silent transcription corruption,
265b,265b,1,marker-check,,5 present,model reported 4 markers but emitted 5,
265b,265b,1,emendation-degrades,die einem gewißen Prussiemski confizirten ... Güter,die einem gewißen Prussiemski confiscirten ... Güter,"""confizirten"" is likely a shortened writing of confiscirten; matches ""confiscated from"".",
265b,265b,1,emendation-degrades,Landskog,Lanskoy,The Russian Governor-General of the Duchy of Warsaw in 1815 was V. S. Lanskoy; Kurrent -oy could yield -og. Not folded into translation.,
265b,265b,1,emendation-uncertain,rectomirung,reclamirung / restituirung,No such word; the context requires reclamation or restitution of the estates.,
266,266,1,unmarked-in-german,4 marked,5 marked,the translator marked doubt where the German marks none - candidate silent transcription corruption,
266,266,1,marker-check,,5 present,model reported 8 markers but emitted 5,
266,266,2,unmarked-in-german,0 marked,2 marked,the translator marked doubt where the German marks none - candidate silent transcription corruption,
266,266,2,glossary-mismatch,Vollmacht,power of attorney,termbase rendering not found in the English,
267,267,1,name-check,,Triebenfeld,name reported in the English is not in the German,
267,267,1,unmarked-in-german,1 marked,3 marked,the translator marked doubt where the German marks none - candidate silent transcription corruption,
267,267,1,marker-check,,3 present,model reported 4 markers but emitted 3,
267,267,1,emendation-uncertain,Bertenstein Stetten,"possibly Bretzenheim, Wittgenstein or similar",two surnames run together suggest a misread single name; not settled,
267,267,1,emendation-degrades,renehirte,reclamirte,"a claim (""bedeutende Forderung"") is being pressed at Paris",
267,267,2,emendation-degrades,den sonst steht die ganze Maschine still,denn sonst steht die ganze Maschine still,"""den"" for ""denn"" is a routine Kurrent slip",
267,267,2,emendation-degrades,Fürst Hardenberg,Fürst [Staatskanzler von] Hardenberg,style incomplete as transcribed; not emended in translation,
268,268,1,name-check,,Triebenfeld,name reported in the English is not in the German,
268,268,1,unmarked-in-german,0 marked,1 marked,the translator marked doubt where the German marks none - candidate silent transcription corruption,
268,268,2,unmarked-in-german,0 marked,2 marked,the translator marked doubt where the German marks none - candidate silent transcription corruption,
268,268,2,emendation-degrades,112 Rthl,112000 Rthl,Matches the sum named on page 1; but the figure is left as transcribed in the translation.,
268,268,2,emendation-degrades,Ihren Hoffrath Hahn,Ihrem Hofrath Hahn,Dative required; spelling Hoffrath non-standard.,
268,268,3,unmarked-in-german,0 marked,1 marked,the translator marked doubt where the German marks none - candidate silent transcription corruption,
268,268,3,glossary-mismatch,Gulden,gulden,termbase rendering not found in the English,
269,269,1,unmarked-in-german,0 marked,2 marked,the translator marked doubt where the German marks none - candidate silent transcription corruption,
269,269,1,emendation-uncertain,Beugelin,Beuguelin / Bignon?,name form doubtful; personal names are the least reliable part of the transcription,
269,269,2,unmarked-in-german,1 marked,3 marked,the translator marked doubt where the German marks none - candidate silent transcription corruption,
269,269,2,glossary-mismatch,gehorsamster Diener,most obedient servant,termbase rendering not found in the English,
269,269,2,emendation-uncertain,Königin von Baum,Königin von Bai[ern] / Königin von Baiern,"'Baum' is not a state; the King of Bavaria is named two clauses later, so another sovereign is probably intended",
269a,269a,1,unmarked-in-german,0 marked,7 marked,the translator marked doubt where the German marks none - candidate silent transcription corruption,
269a,269a,1,marker-check,,7 present,model reported 5 markers but emitted 7,
269a,269a,1,emendation-degrades,Cossnars / Cormas / Cosmar,Cosmar,Three spellings apparently denote one person; 'Cosmar' occurs twice. Left unnormalised in the translation per house rule.,
269a,269a,1,emendation-uncertain,Intravante,Instrumente / Intabulation,A document or registration is what could be 'delivered into Your Serene Highness's hands'.,
269a,269a,1,emendation-uncertain,verweint,vorweg / verwendet,'dazu verwendet' ('applied thereto') would fit; 'von der Hand verwandt' may be a doubling of the same verb.,
270,270,1,unmarked-in-german,0 marked,2 marked,the translator marked doubt where the German marks none - candidate silent transcription corruption,
270,270,1,glossary-mismatch,Durchlaucht,Serene Highness,termbase rendering not found in the English,
270,270,1,emendation-degrades,die Wohl verwaltungs Commission,die Ober-Verwaltungs-Commission,"""Wohl"" is likely a misreading of ""Ober""; the Provisional Administration Commission of Poland.",
270,270,2,unmarked-in-german,0 marked,2 marked,the translator marked doubt where the German marks none - candidate silent transcription corruption,
270,270,2,emendation-uncertain,die Hämster,die Pächter / die Hamster,"""Hämster"" may be a corrupted surname or a nickname; the feminine ""sie"" suggests a person.",
270,270,3,unmarked-in-german,0 marked,3 marked,the translator marked doubt where the German marks none - candidate silent transcription corruption,
270,270,3,emendation-degrades,vom für Mett,vom Fürst Metternich,"""Mett"" abbreviates Metternich, as ""Fürst Met:"" on p. 1.",
271,271,1,name-check,Sachßen,,name in the German is absent from the English,
271,271,1,unmarked-in-german,0 marked,1 marked,the translator marked doubt where the German marks none - candidate silent transcription corruption,
271,271,1,glossary-mismatch,Durchlaucht,Serene Highness,termbase rendering not found in the English,
271,271,1,emendation-uncertain,Saoleslawiae,Zdunska Wola / Slawa? (unresolved),Not a recognisable place on the Prosna; the form is Latinate and probably a misreading of a Polish place-name.,
271,271,1,emendation-degrades,Pitschum,Pitschen (Byczyna),"Pitschen lies on the Silesian frontier near the Prosna, which fits the described boundary line.",
271,271,2,emendation-degrades,Brieger & L Gericht,Brieger O.L. Gericht,"The ""&"" is almost certainly a misread ""O"" for Oberlandesgericht, as spelled a few lines earlier.",
271,271,2,emendation-degrades,f August,Fürst August,"Context suggests a person who can revoke a power of attorney, not a month.",
272,272,1,unmarked-in-german,0 marked,1 marked,the translator marked doubt where the German marks none - candidate silent transcription corruption,
272,272,2,unmarked-in-german,0 marked,1 marked,the translator marked doubt where the German marks none - candidate silent transcription corruption,
272,272,3,unmarked-in-german,0 marked,1 marked,the translator marked doubt where the German marks none - candidate silent transcription corruption,
272,272,4,unmarked-in-german,0 marked,2 marked,the translator marked doubt where the German marks none - candidate silent transcription corruption,
273,273,1,glossary-mismatch,Pohlen,Poland,termbase rendering not found in the English,
273,273,2,unmarked-in-german,0 marked,2 marked,the translator marked doubt where the German marks none - candidate silent transcription corruption,
273,273,2,emendation-degrades,f. Augusts 100000 Rthl,Fürst Augusts 100000 Rthl,Occurs on page 3; 'f.' likely abbreviates 'Fürst'.,
273,273,3,unmarked-in-german,0 marked,4 marked,the translator marked doubt where the German marks none - candidate silent transcription corruption,
273,273,3,marker-check,,4 present,model reported 3 markers but emitted 4,
273,273,3,emendation-degrades,Basbe,Barbe,Page 1 has 'Fruth Barbe' in the same function of handing in papers; the two are likely the same name.,
273,273,4,unmarked-in-german,0 marked,2 marked,the translator marked doubt where the German marks none - candidate silent transcription corruption,
273,273,4,emendation-uncertain,Hoathausen,Hochhausen / Rothhausen,Name garbled; no attested form recoverable from this letter alone. Left as transcribed.,
273,273,4,emendation-uncertain,AusanKopf,Hasenkopf / Dummkopf,Page 2 has 'totalen Dummkopf' in the same self-defence; a pejorative '-kopf' compound is expected.,
274,274,1,unmarked-in-german,0 marked,2 marked,the translator marked doubt where the German marks none - candidate silent transcription corruption,
274,274,1,emendation-uncertain,der alte Metternich,der Fürst Metternich (?),"""the old Metternich"" as an Estate protesting at the Congress is anomalous; the name may be corrupted or may refer to a different Metternich. Not folded into the",
274,274,2,name-check,Sachßen,,name in the German is absent from the English,
274,274,2,emendation-uncertain,General Amstetten,"General [?] — Amstetten is an Austrian place-name, not a common surname",possible corruption of a general's name; flagged rather than corrected,
274,274,3,unmarked-in-german,0 marked,1 marked,the translator marked doubt where the German marks none - candidate silent transcription corruption,
275,275,1,unmarked-in-german,0 marked,2 marked,the translator marked doubt where the German marks none - candidate silent transcription corruption,
276,276,1,unmarked-in-german,0 marked,2 marked,the translator marked doubt where the German marks none - candidate silent transcription corruption,
276,276,2,name-check,Sachßen,,name in the German is absent from the English,
276,276,2,unmarked-in-german,0 marked,5 marked,the translator marked doubt where the German marks none - candidate silent transcription corruption,
277,277,1,name-check,,Frankfurt,name reported in the English is not in the German,
277,277,1,name-check,,v Triebenfeld,name reported in the English is not in the German,
277,277,1,unmarked-in-german,1 marked,3 marked,the translator marked doubt where the German marks none - candidate silent transcription corruption,
277,277,1,marker-check,,3 present,model reported 6 markers but emitted 3,
277,277,1,emendation-uncertain,Geh. Staats Rathes v. Beugelin,v. Beyme? v. Bülow?,"Name likely corrupted; ""Beugelin"" is not a known Prussian Privy Councillor of State. Not folded into the translation.",
277,277,2,name-check,Sachßen,,name in the German is absent from the English,
277,277,2,name-check,Winzingerode,,name in the German is absent from the English,
277,277,2,unmarked-in-german,0 marked,1 marked,the translator marked doubt where the German marks none - candidate silent transcription corruption,
277,277,2,marker-check,,1 present,model reported 2 markers but emitted 1,
277,277,2,emendation-uncertain,Bertherand ... Molis,Bertrand ... Mouton? Molitor?,Napoleonic generals; names likely corrupted.,
278,278,1,unmarked-in-german,0 marked,1 marked,the translator marked doubt where the German marks none - candidate silent transcription corruption,
278,278,1,glossary-mismatch,Durchlaucht,Serene Highness,termbase rendering not found in the English,
278,278,1,glossary-mismatch,Abschrift,Copy,termbase rendering not found in the English,
278,278,3,unmarked-in-german,0 marked,1 marked,the translator marked doubt where the German marks none - candidate silent transcription corruption,
278,278,3,emendation-degrades,Korb kann er wird gewiſ Rath ſchaffen,Korb kann u. wird gewiß Rath schaffen,"A ""u."" (und) read as ""er"" would restore the syntax.",
279,279,1,unmarked-in-german,0 marked,3 marked,the translator marked doubt where the German marks none - candidate silent transcription corruption,
279,279,1,glossary-mismatch,Durchlaucht,Serene Highness,termbase rendering not found in the English,
279,279,1,emendation-uncertain,Gruf Stuben in Mükken,Graf Bubna in Mücken(?),"'Gruf' is almost certainly Graf; 'Stuben' as an Austrian commander's name in March 1815 is doubtful, and 'Mükken' is not a known place on the Gap–Grenoble road.",
279,279,1,emendation-uncertain,V dem Cosmar diese Brustwehr zerstört,Ist dem Cosmar diese Brustwehr zerstört / Wird dem Cosmar...,'V' is an isolated letter where a verb or conjunction is required,
279,279,2,unmarked-in-german,0 marked,3 marked,the translator marked doubt where the German marks none - candidate silent transcription corruption,
279,279,2,glossary-mismatch,Pohlen,Poland,termbase rendering not found in the English,
279,279,2,emendation-uncertain,in Eichen Krank,in Ketten krank / an Eichel...,no confident reading; flagged rather than emended,
280,280,1,name-check,,Triebenfeld,name reported in the English is not in the German,
280,280,1,unmarked-in-german,0 marked,5 marked,the translator marked doubt where the German marks none - candidate silent transcription corruption,
280,280,1,marker-check,,5 present,model reported 4 markers but emitted 5,
280,280,1,emendation-degrades,Poustales,Pourtalès,A known Prussian-Neuchâtel family name; but left as transcribed per house rule.,
280,280,2,unmarked-in-german,0 marked,1 marked,the translator marked doubt where the German marks none - candidate silent transcription corruption,
281,281,1,name-check,,Triebenfeld,name reported in the English is not in the German,
281,281,1,unmarked-in-german,0 marked,2 marked,the translator marked doubt where the German marks none - candidate silent transcription corruption,
281,281,1,marker-check,,2 present,model reported 3 markers but emitted 2,
281,281,1,emendation-degrades,Alizancio,unresolved place name,no such place is known in this correspondence; the reading is doubtful but is left as transcribed,
281,281,2,unmarked-in-german,1 marked,6 marked,the translator marked doubt where the German marks none - candidate silent transcription corruption,
281,281,2,marker-check,,6 present,model reported 5 markers but emitted 6,
281,281,2,glossary-mismatch,Wien,Vienna,termbase rendering not found in the English,
281,281,2,emendation-degrades,Satia,Sache,conjecture only; the word cannot be settled and is left as transcribed,
282,282,1,unmarked-in-german,0 marked,5 marked,the translator marked doubt where the German marks none - candidate silent transcription corruption,
282,282,1,marker-check,,5 present,model reported 4 markers but emitted 5,
282,282,2,unmarked-in-german,2 marked,5 marked,the translator marked doubt where the German marks none - candidate silent transcription corruption,
282,282,2,glossary-mismatch,Wien,Vienna,termbase rendering not found in the English,
282,282,2,damage-page,[...],,page carries a gap or damaged edge; confirm the English shows the hole rather than bridging it,
282,282,2,emendation-uncertain,Kapon ben,Bonaparte / Napoleon,the referent who evades danger and would visit Paris is Napoleon,
283,283,2,emendation-degrades,Bequelin[?],Beugelin,"The edition's header gives the sender as ""Beugelin""; the signature as transcribed reads ""Bequelin"" with a query. Possibly also Beguelin (the Berlin/Prussian fam",
284,284,1,marker-check,,0 present,model reported 2 markers but emitted 0,
284,284,1,emendation-uncertain,Kohlen,"Kohlern / Kohler (surname), or possibly ""Kolen""","""die Kohlen"" as a party holding estates suggests a family name garbled in transcription; ""the coals"" is nonsense here.",
284,284,1,emendation-uncertain,Seher Thos,Scheer Thos / Seher & Co.,Name plainly corrupt; listed among creditors.,
284,284,2,unmarked-in-german,0 marked,2 marked,the translator marked doubt where the German marks none - candidate silent transcription corruption,
284,284,2,emendation-uncertain,Monc Rey,Mons. Ney / Marschall Ney,The desertion of Marshal Ney to Napoleon in March 1815 is exactly the event described.,
284,284,2,emendation-uncertain,Alegemann,Allgemann / Hallgemann - unidentified,Name likely corrupt; no known correspondent of that spelling.,
284,284,3,unmarked-in-german,1 marked,9 marked,the translator marked doubt where the German marks none - candidate silent transcription corruption,
284,284,3,marker-check,,9 present,model reported 6 markers but emitted 9,
284,284,3,glossary-mismatch,Wien,Vienna,termbase rendering not found in the English,
284,284,3,emendation-degrades,Honrichs,Heinrichs,"Named beside a Duke Willhelm and a son of Eugen; a Württemberg prince Heinrich is plausible, but unverified.",
284,284,4,unmarked-in-german,0 marked,4 marked,the translator marked doubt where the German marks none - candidate silent transcription corruption,
284,284,4,marker-check,,4 present,model reported 3 markers but emitted 4,
284,284,4,emendation-degrades,Seige,Carnot,Carnot became Minister of the Interior in the Hundred Days; but no letter-level warrant for the substitution.,
284,284,4,emendation-degrades,Fürst Hardenberg,Fürst Hardenberg (Staatskanzler) - correct as written,"No emendation needed; noted only because ""Fürst"" for Hardenberg is right for 1814 onward.",
285,285,1,unmarked-in-german,2 marked,7 marked,the translator marked doubt where the German marks none - candidate silent transcription corruption,
285,285,1,marker-check,,7 present,model reported 6 markers but emitted 7,
285,285,1,emendation-uncertain,Prussiemski / Prusimska,Prusimski / Prusimska,The same family appears in two spellings within one page; the shorter form recurs below.,
285,285,1,emendation-degrades,Z[?]erbowski,Zerboni,A v. Zerboni appears among the creditors lower on the page; the two may be the same person.,
285,285,1,emendation-degrades,die Kost Senats Casse,die Kost- (Gerichtskosten-) Senats-Casse,"Probably a court-costs treasury of a Senate; ""Kost"" alone is unlikely.",
285,285,1,emendation-uncertain,latmschen Gütern,lat[owi]tschen / Latoschen Gütern,Place-name element appears truncated.,
285,285,1,emendation-uncertain,Seeher Thoch,"Seeger, Tuch- (?) / Secher Thoch",Reads as two fragments; likely one creditor's name garbled.,
285,285,1,emendation-degrades,Zusamen mit kamen 467114 Rthl,Zusammen mithin 467114 Rthl,"""mithin"" (hence) fits the summation.",
286,286,1,unmarked-in-german,0 marked,1 marked,the translator marked doubt where the German marks none - candidate silent transcription corruption,
286,286,1,glossary-mismatch,Pro Memoria,Pro Memoria,termbase rendering not found in the English,
286,286,1,emendation-uncertain,Huße pp,Russen etc. (?),appears in a list of powers alongside the Austrians; 'Huße' is not a known name.,
286,286,2,unmarked-in-german,0 marked,4 marked,the translator marked doubt where the German marks none - candidate silent transcription corruption,
286,286,2,emendation-uncertain,Beugelin,Beuglin / Bergius (?),name not otherwise attested in the correspondence; flagged as a possibly corrupted proper noun.,
286,286,3,number-check,14,,numeral in the German does not appear in the English,
286,286,3,unmarked-in-german,0 marked,4 marked,the translator marked doubt where the German marks none - candidate silent transcription corruption,
286,286,4,name-check,Sachßen,,name in the German is absent from the English,
286,286,4,marker-check,,0 present,model reported 1 markers but emitted 0,
287,287,1,unmarked-in-german,0 marked,2 marked,the translator marked doubt where the German marks none - candidate silent transcription corruption,
287,287,1,marker-check,,2 present,model reported 3 markers but emitted 2,
287,287,1,emendation-uncertain,Irrenrieden,"Ihre Iren[?]/Leidensreden or ""Jeremiaden""","a noun meaning laments would fit ""zerschneiden mein Herz""",
287,287,1,emendation-uncertain,kublen,kucken / gucken (?),unrecoverable; noted only as a locus of corruption,
287,287,2,unmarked-in-german,0 marked,5 marked,the translator marked doubt where the German marks none - candidate silent transcription corruption,
287,287,2,marker-check,,5 present,model reported 4 markers but emitted 5,
287,287,3,unmarked-in-german,0 marked,2 marked,the translator marked doubt where the German marks none - candidate silent transcription corruption,
287,287,3,emendation-uncertain,Caropin,?,appears to be a person or place; unrecoverable from the transcription,
287,287,4,number-check,10,,numeral in the German does not appear in the English,
287,287,4,unmarked-in-german,0 marked,10 marked,the translator marked doubt where the German marks none - candidate silent transcription corruption,
287,287,4,marker-check,,10 present,model reported 7 markers but emitted 10,
287,287,4,glossary-mismatch,Pohlen,Poland,termbase rendering not found in the English,
287,287,4,emendation-uncertain,Rodecurii,Radziwill (?),a prince travelling to receive homage in Posen in 1815 suggests Radziwill; wholly conjectural,
287,287,4,emendation-uncertain,Hecheschen Länder,Sächsischen or Hessischen Länder,listed with Weimar and Gotha,
287,287,4,emendation-uncertain,Vorblünten Vorwürfe,vorbrünstigen / verblümten Vorwürfe,"""verblümt"" (veiled, covert) reproaches would fit the context",
287,287,4,emendation-degrades,Feldenerschall Hunger,Feldmarschall Hunger,"the personified Field-Marshal Famine, a common rhetorical figure of the period",
288,288,1,unmarked-in-german,0 marked,1 marked,the translator marked doubt where the German marks none - candidate silent transcription corruption,
288,288,1,marker-check,,1 present,model reported 2 markers but emitted 1,
288,288,1,emendation-uncertain,unternen Versprechungen,unsere Versprechungen / untern Versprechungen,Single-letter Kurrent confusion; sense requires a determiner or adjective.,
288,288,2,unmarked-in-german,2 marked,6 marked,the translator marked doubt where the German marks none - candidate silent transcription corruption,
288,288,2,marker-check,,6 present,model reported 5 markers but emitted 6,
288,288,2,glossary-mismatch,gehorsamster Diener,most obedient servant,termbase rendering not found in the English,
288,288,2,emendation-uncertain,wilunver Szetlewek,wie[?] und Szetlewek / [Trąbczyn] nebst Szetlewek,"Appears to be a corrupted conjunction plus estate name; ""nebst"" (together with) would fit the syntax.",
288,288,2,emendation-degrades,Luciam Bonaparte,Lucian Bonaparte,"The German reads Luciam; rendered as transcribed in the name list, with the standard form noted here only.",
289,289,1,unmarked-in-german,11 marked,15 marked,the translator marked doubt where the German marks none - candidate silent transcription corruption,
289,289,1,marker-check,,15 present,model reported 14 markers but emitted 15,
289,289,1,damage-page,[...],,page carries a gap or damaged edge; confirm the English shows the hole rather than bridging it,
289,289,1,emendation-degrades,einen Vorschlag von 112 Rthl,einen Vorschuß von 112000 Rthl,"The compromise figure is stated twice as 112000 Rthl, and the amount is to be reimbursed over 4 years; 'Vorschlag ... von 112 Rthl' is likely a double error. No",
289,289,1,emendation-degrades,Justiz roth Inten[...],Justiz Rath Inten[...],'roth' for 'Rath' is a routine Kurrent confusion; the surname remains incomplete.,
289,289,2,glossary-mismatch,Wien,Vienna,termbase rendering not found in the English,
289,289,2,emendation-degrades,Sich in allen 461000 Rthl erhalten,461000 = 426000 + 35000,"The arithmetic of the two preceding figures gives 461000, so the figure is internally consistent; noted only to show it was checked, not altered.",
290,290,1,unmarked-in-german,1 marked,2 marked,the translator marked doubt where the German marks none - candidate silent transcription corruption,
290,290,1,damage-page,[...],,page carries a gap or damaged edge; confirm the English shows the hole rather than bridging it,
290,290,1,emendation-degrades,ganz gehorſamster die v Triebenfeld,ganz gehorsamster Diener v Triebenfeld,'die' is very likely a truncated 'Diener' in the subscription.,
290,290,2,unmarked-in-german,0 marked,1 marked,the translator marked doubt where the German marks none - candidate silent transcription corruption,
290,290,2,marker-check,,1 present,model reported 2 markers but emitted 1,
290,290,2,emendation-degrades,Gräfin Fricis,Gräfin Fries,The Viennese banking family Fries is prominent in Congress-period correspondence; name left as transcribed in the translation.,
291,291,1,unmarked-in-german,0 marked,1 marked,the translator marked doubt where the German marks none - candidate silent transcription corruption,
291,291,1,glossary-mismatch,Durchlaucht,Serene Highness,termbase rendering not found in the English,
291,291,1,emendation-degrades,Fristen August,Fürsten August,"""Prince August"" is named elsewhere in the same sentence; Kurrent Fü/Fri confusion.",
291,291,2,unmarked-in-german,0 marked,5 marked,the translator marked doubt where the German marks none - candidate silent transcription corruption,
291,291,2,marker-check,,5 present,model reported 4 markers but emitted 5,
291,291,2,glossary-mismatch,Wien,Vienna,termbase rendering not found in the English,
291,291,2,emendation-uncertain,Adolph Both,Adolph Both[?],"possibly a corrupted surname (e.g. Roth, Bothe); left as transcribed.",
292,292,1,unmarked-in-german,0 marked,3 marked,the translator marked doubt where the German marks none - candidate silent transcription corruption,
292,292,1,emendation-uncertain,der 7. Pingatilli,possibly a corrupted surname or a Latin/Italian tag; not identifiable,"Pingatilli occurs nowhere else in the correspondence; the ordinal ""7."" before a name is anomalous",
292,292,2,unmarked-in-german,0 marked,2 marked,the translator marked doubt where the German marks none - candidate silent transcription corruption,
292,292,2,glossary-mismatch,Curland,Courland,termbase rendering not found in the English,
292,292,2,emendation-degrades,Cosmar wäre dafür nicht solvendo u entstünde die Frage war diese Summen dereinst,"""wer diese Summen ... ersetzen solle""",war for wer; a one-letter confusion which otherwise leaves the clause without a subject,
292,292,2,emendation-degrades,Schlovenzitzer,"possibly Slawentzitz (Sławięcice), the Hohenlohe estate in Upper Silesia",the estate complex repeatedly at issue; spelling here is anomalous but left as transcribed,
292,292,3,glossary-mismatch,gehorsamster Diener,most obedient servant,termbase rendering not found in the English,
294,294,1,unmarked-in-german,0 marked,1 marked,the translator marked doubt where the German marks none - candidate silent transcription corruption,
294,294,1,emendation-uncertain,die Erwinnen,der Erwähnten / die Erwähnte,"Possibly 'der Erwähnten' ('the aforementioned lady'), i.e. the Duchess; but the reading cannot be settled from the transcription.",
294,294,1,emendation-degrades,"p. 30000 Rthl, oder 100000 Ducaten in Gold",figure uncertain,30000 Rthl and 100000 ducats are not equivalent sums; one of the two numerals is likely miscopied. Both are carried across as written.,
294,294,2,name-check,Banden,,name in the German is absent from the English,
294,294,2,name-check,,J[illegible] Bisenti,name reported in the English is not in the German,
295,295,1,unmarked-in-german,0 marked,2 marked,the translator marked doubt where the German marks none - candidate silent transcription corruption,
295,295,1,glossary-mismatch,Durchlaucht,Serene Highness,termbase rendering not found in the English,
295,295,1,emendation-uncertain,freundt a/m,Frankfurth a/M,Later on page 3 'Frankfurth a/m' appears; the same place is plainly meant.,
295,295,2,unmarked-in-german,0 marked,3 marked,the translator marked doubt where the German marks none - candidate silent transcription corruption,
295,295,2,emendation-degrades,Schack,Schenck,"Possibly the same name again, corrupted; but left as transcribed.",
295,295,3,unmarked-in-german,0 marked,1 marked,the translator marked doubt where the German marks none - candidate silent transcription corruption,
295,295,3,emendation-uncertain,kannz,Graf / Kanzler,Position before the name suggests a title; unresolved.,
295,295,3,emendation-uncertain,General Ch,General [Chernyshev?],Abbreviation left unexpanded in the manuscript.,
296,296,1,unmarked-in-german,1 marked,3 marked,the translator marked doubt where the German marks none - candidate silent transcription corruption,
296,296,2,emendation-degrades,Kohler,[unsettled],"Feminine ""meine eigne"" does not agree with Kohler; possibly a corrupted noun. Left unsettled.",
297,297,1,unmarked-in-german,0 marked,5 marked,the translator marked doubt where the German marks none - candidate silent transcription corruption,
297,297,1,marker-check,,5 present,model reported 4 markers but emitted 5,
297,297,1,glossary-mismatch,Warschau,Warsaw,termbase rendering not found in the English,
297,297,1,emendation-uncertain,zeremieden,Ceremonien / Zeremonie,No such word; possibly a garbled 'welcher Trauerkunde' or 'Ceremonien'. Left untranslated.,
297,297,2,unmarked-in-german,0 marked,3 marked,the translator marked doubt where the German marks none - candidate silent transcription corruption,
297,297,2,emendation-uncertain,hächlirung,Hebung / Cassirung des Contracts,Not a German word; sense requires annulment or rescission.,
297,297,3,unmarked-in-german,0 marked,2 marked,the translator marked doubt where the German marks none - candidate silent transcription corruption,
297,297,4,unmarked-in-german,0 marked,6 marked,the translator marked doubt where the German marks none - candidate silent transcription corruption,
297,297,4,marker-check,,6 present,model reported 5 markers but emitted 6,
297,297,4,emendation-uncertain,anfält,in Kenntniß gesetzt / instand gesetzt,Not a word; the sense requires being informed or put in a position to act.,
297,297,4,emendation-uncertain,Collores,Colomb / Collas,A Posen Regierungs-Director's name; the transcription is doubtful.,
298,298,1,unmarked-in-german,0 marked,1 marked,the translator marked doubt where the German marks none - candidate silent transcription corruption,
298,298,1,emendation-degrades,7 Rthl stärte,7 Rthl Porto,Postage charges are the expected referent for letters long on the road,
298,298,1,emendation-uncertain,Bvidlang,Bridlang / Bülow / [unidentified],Initial cluster 'Bv-' is not a German name-initial; certainly a misread proper noun,
298,298,1,emendation-degrades,Zerbonis super Kluge Reden,Zerbonis superkluge Reden,Single compound adjective 'superklug',
298,298,2,unmarked-in-german,1 marked,5 marked,the translator marked doubt where the German marks none - candidate silent transcription corruption,
298,298,2,marker-check,,5 present,model reported 4 markers but emitted 5,
298,298,2,glossary-mismatch,Pohlen,Poland,termbase rendering not found in the English,
298,298,2,emendation-uncertain,Brafurt,Frankfurt / Erfurt,'Brafurt' is not an attested place; -furt ending suggests a misread first syllable,
298,298,2,emendation-degrades,Prentz Courant,Preuß. Courant,'Prentz' likely a misreading of the abbreviation for 'Preußisch',
299,299,1,unmarked-in-german,0 marked,1 marked,the translator marked doubt where the German marks none - candidate silent transcription corruption,
299,299,1,marker-check,,1 present,model reported 2 markers but emitted 1,
299,299,1,emendation-degrades,Bayon ner Summen,Bayonner Summen,"the Bayonne sums, i.e. the debts assigned under the Bayonne convention of 1808",
299,299,2,unmarked-in-german,0 marked,5 marked,the translator marked doubt where the German marks none - candidate silent transcription corruption,
299,299,2,marker-check,,5 present,model reported 4 markers but emitted 5,
299,299,2,emendation-degrades,d O P Zerboni,d. O. Pr. Zerboni,"probably Ober-Präsident Zerboni; page 1 has ""d O H Zerboni""",
299,299,3,unmarked-in-german,0 marked,7 marked,the translator marked doubt where the German marks none - candidate silent transcription corruption,
299,299,3,marker-check,,7 present,model reported 6 markers but emitted 7,
299,299,3,emendation-uncertain,Frisling,Freischein / Frischling,"undetermined; possibly a young boar (Frischling) as a gift, or a document. Not settled.",
299,299,3,emendation-degrades,Bonn,Posen,the itinerary in the same letter runs Posen–Betsche; Bonn is geographically implausible,
299,299,3,emendation-degrades,Geheimen Rath von Triebenfeld,Kriegs- und Forstrath von Triebenfeld,the writer's own title elsewhere is Kriegs- und Forstrath; but he may here refer to another person or to himself in the third person,
300,300,1,unmarked-in-german,6 marked,8 marked,the translator marked doubt where the German marks none - candidate silent transcription corruption,
300,300,1,damage-page,[...],,page carries a gap or damaged edge; confirm the English shows the hole rather than bridging it,
300,300,2,marker-check,,12 present,model reported 15 markers but emitted 12,
300,300,2,glossary-mismatch,Pohlen,Poland,termbase rendering not found in the English,
300,300,2,damage-page,[...],,page carries a gap or damaged edge; confirm the English shows the hole rather than bridging it,
300,300,2,emendation-uncertain,Sterbui,Sterbin? / Sterberg?,Place-name unattested in this form; the -ui ending is unusual for the region. Left as written.,
300,300,2,emendation-uncertain,Schlawaatschitz,Slawoschitz / Slawatschitz,Doubled 'aa' suggests a transcription slip in a Silesian/Polish place-name. Left as written.,
300,300,2,emendation-degrades,Betsche,Betsche (Pszczew),Likely the town of Betsche in Posen; retained as written.,
301,301,1,name-check,,Triebenfeld,name reported in the English is not in the German,
301,301,1,unmarked-in-german,0 marked,5 marked,the translator marked doubt where the German marks none - candidate silent transcription corruption,
301,301,1,marker-check,,5 present,model reported 4 markers but emitted 5,
301,301,2,unmarked-in-german,0 marked,1 marked,the translator marked doubt where the German marks none - candidate silent transcription corruption,
302,302,1,name-check,,Sachsen (King of Saxony),name reported in the English is not in the German,
302,302,1,unmarked-in-german,0 marked,6 marked,the translator marked doubt where the German marks none - candidate silent transcription corruption,
302,302,2,unmarked-in-german,0 marked,3 marked,the translator marked doubt where the German marks none - candidate silent transcription corruption,
302,302,2,emendation-degrades,committirt,exmittirt,"Context (so the lands may be let to others) requires eviction. Flagged, not folded in, per the rare-pair rule.",
302,302,2,emendation-uncertain,Tobkanſts-Gelder,Erbpachts-Gelder (?),Context is arrears of canon under hereditary lease; the compound as transcribed is not a word. Highly uncertain.,
303,303,1,unmarked-in-german,1 marked,2 marked,the translator marked doubt where the German marks none - candidate silent transcription corruption,
303,303,1,emendation-degrades,Der schlossen Rass,Der Schlosser Rass,"A trade designation (locksmith) would match the pattern of neighbouring entries (saddler, joiner).",
303,303,1,emendation-degrades,Benshausen,Brenzhausen,"Item 80 reads ""Valentin Jung in Brenzhausen""; the same person and place may be intended, but the two spellings differ and neither is settled.",
303,303,2,unmarked-in-german,0 marked,1 marked,the translator marked doubt where the German marks none - candidate silent transcription corruption,
303,303,2,emendation-degrades,Grafen von Lichtenau,Gräfin von Lichtenau,"The well-known Countess Lichtenau; but the transcription reads ""Grafen"", so the case/gender is unsettled.",
303,303,3,unmarked-in-german,0 marked,1 marked,the translator marked doubt where the German marks none - candidate silent transcription corruption,
303,303,3,emendation-degrades,Coffetur,Coiffeur,A hairdresser would fit the run of trade designations; but the reading is not settled.,
303,303,3,emendation-uncertain,Barter,Bartel / Bader,"Possibly a forename (Barthel) or a trade (Bader, barber-surgeon).",
303,303,4,name-check,Gärtner,,name in the German is absent from the English,
303,303,4,unmarked-in-german,1 marked,2 marked,the translator marked doubt where the German marks none - candidate silent transcription corruption,
303,303,4,emendation-uncertain,der p Über,der p. Uber / Ueber,"""p"" here as elsewhere in this register abbreviates the formulaic ""pp."" (the aforesaid); the surname itself is doubtful.",
303,303,5,unmarked-in-german,0 marked,1 marked,the translator marked doubt where the German marks none - candidate silent transcription corruption,
303,303,5,emendation-degrades,stöpfen,Töpfer,A potter would fit the run of trades.,
303,303,5,emendation-degrades,Kaufmauer Lampe sehr Con.e. Masse,Kaufmann Lampe seine Concurs-Masse,"""his bankruptcy estate"" would fit the sense and the abbreviation; unconfirmed.",
303,303,5,emendation-degrades,verw. Kaufmann Adolph,verw. Kaufmännin Adolph,"""verw."" (widowed) with a female creditor; the transcription's masculine form leaves the sense uncertain.",
303,303,6,unmarked-in-german,0 marked,2 marked,the translator marked doubt where the German marks none - candidate silent transcription corruption,
303,303,6,emendation-uncertain,Fraußmann,Kaufmann / Hausmann,Likely a Kurrent misreading of a common trade word.,
303,303,6,emendation-degrades,Frankner,Banquier,Schlesinger of Frankfurt a/M. appears elsewhere as a banking house; wholly conjectural.,
303,303,7,unmarked-in-german,0 marked,3 marked,the translator marked doubt where the German marks none - candidate silent transcription corruption,
303,303,7,emendation-uncertain,stehender,Schneider / Stellmacher,A trade designation is expected in this slot; unsettled.,
303,303,9,emendation-degrades,Sporte Casse,Sportel-Casse,"The Sportelkasse was the fee-treasury of a Prussian court; ""Sporte"" is likely an abbreviated or misread form.",
303,303,9,emendation-degrades,Der Schmidt Gümmler,Der Schmidt (Schmied) Gümmler,"""Schmidt"" here is read as the trade (smith) rather than the surname; the two are indistinguishable in the transcription.",
