letter,page,line,next_line,mark,head,tail,joined,decision,confidence,reason,crosses_page,joined_corpus,joined_dwds,head_corpus,head_dwds,tail_corpus,tail_dwds,context
2,1,44,45,¬,re,girenden,regirenden,join,high,joined form occurs elsewhere in this corpus,False,2,,5,,1,,deiner hochfürstlichen Durchlaucht des re¬ || girenden Herrn Fürsten zu Hohenlo¬
2,1,45,46,¬,Hohenlo,he,Hohenlohe,join,high,joined form occurs elsewhere in this corpus,False,90,,0,,3,,girenden Herrn Fürsten zu Hohenlo¬ || he Ingelfingen Herrn Forst-Inspec¬
2,1,46,47,¬,Inspec,tor,Inspector,join,high,joined form occurs elsewhere in this corpus,False,8,,0,,3,,he Ingelfingen Herrn Forst-Inspec¬ || tor Rochlitz als Verkäufern an
2,1,48,49,¬,Hon,richs,Honrichs,join,high,joined form occurs elsewhere in this corpus,False,6,,0,,1,,einem und dem Herrn Martin Hon¬ || richs und Herrn Valentin v. Kwasie¬
2,1,49,50,¬,Kwasie,borski,Kwasieborski,join,high,joined form occurs elsewhere in this corpus,False,1,,0,,1,,"richs und Herrn Valentin v. Kwasie¬ || borski, als Käufern am andern"
2,1,53,54,¬,ge,richtlichen,gerichtlichen,join,high,joined form occurs elsewhere in this corpus,False,7,,6,,1,,abzuschließenden förmlichen ge¬ || richtlichen Kauf und Verkauf-Con¬
2,1,54,55,¬,Con,tracts,Contracts,join,high,joined form occurs elsewhere in this corpus,False,48,,0,,2,,richtlichen Kauf und Verkauf-Con¬ || tracts nachstehende Punctation
2,1,56,57,¬,wohlbedach,tig,wohlbedachtig,join,high,head is not a word on its own,False,0,0,0,0,4,,"unterm heutigen dato wohlbedach¬ || tig verabredet, und abgeschloßen"
2,1,65,66,¬,Kal,schen,Kalschen,split,high,joined form unattested; both halves are real words,False,0,0,0,13357,3,33740,Principal im Königl. Südpreysch. Kal¬ || schen Regierungs Departement
2,1,67,68,¬,bele,gene,belegene,join,high,joined form occurs elsewhere in this corpus,False,2,,0,,2,,und dessen Wartaschen Creise bele¬ || gene adeliche Guth und zwar Dorf
2,1,69,70,¬,zu,behörigen,zubehörigen,split,high,joined form unattested; both halves are real words,False,0,7,610,403356332,1,8,und Scholtisey Witow mit allem zu¬ || behörigen Rechten und Gerechtlichkeiten
2,1,72,73,¬,Donations,Urkunde,DonationsUrkunde,split,high,joined form unattested; both halves are real words,False,0,21,2,575,8,734383,solches gemäs Allerhöchster Donations¬ || Urkunde des höchstseeligen Königs Frie¬
2,1,73,74,¬,Frie,dricht,Friedricht,split,high,joined form unattested; both halves are real words,False,0,32,0,7600,1,8,Urkunde des höchstseeligen Königs Frie¬ || dricht
2,1,74,76,,dricht,drichs,,catchword,high,unmarked catchword: the page ends with the word the next page begins,True,,,,,,,dricht || drichs Willhelms des Zweyten dem
2,2,82,83,¬,Va,lentin,Valentin,join,high,joined form occurs elsewhere in this corpus,False,1,,0,,1,,"Herrn Martin Honrichs und Va¬ || lentin v Kwasieborski, und zwar"
2,2,87,88,¬,Reichs,thaler,Reichsthaler,join,high,joined form occurs elsewhere in this corpus,False,38,,30,,42,,schreibe sechszehn Tausend Reichs¬ || thaler Preußl. Courant
2,2,92,93,¬,nächste,henden,nächstehenden,split,high,joined form unattested; both halves are real words,False,0,6,3,18510778,2,1019,"seiner hochfürstl. Durchlaucht in nächste¬ || henden Ratis zu bezahlen, nämlich"
2,2,100,101,¬,Rückstan,des,Rückstandes,join,high,"joined form attested in DWDS (1,155,118 hits)",False,0,1155118,0,,272,,zur völliger Bezahlung des Rückstan¬ || des aber solchen mit 5 procent zu ver¬
2,2,101,102,¬,ver,zinsen,verzinsen,join,high,joined form occurs elsewhere in this corpus,False,1,,3,,23,,des aber solchen mit 5 procent zu ver¬ || zinsen.
2,2,107,109,,tradition,Tradition,,catchword,high,unmarked catchword: the page ends with the word the next page begins,True,,,,,,,tradition || Tradition zu übergebenden Grund
2,3,112,113,¬,War,ta,Warta,join,high,joined form occurs elsewhere in this corpus,False,1,,8,,2,,"so von der Bürgerschaft zu War¬ || ta evincirt werden können, und"
2,3,115,116,¬,Evi,tion,Evition,split,high,joined form unattested; both halves are real words,False,0,0,0,106593,7,13611,"durchlaucht befinden wird keine Evi¬ || tion geleistet, sondern es bleibt"
2,3,117,118,¬,dies,fälligen,diesfälligen,join,high,joined form occurs elsewhere in this corpus,False,2,,6,,1,,der Käufer Sache allein die dies¬ || fälligen Aecker auf ihre ganz
2,3,119,120,¬,vin,diciren,vindiciren,split,high,joined form unattested; both halves are real words,False,0,0,0,12588,1,0,"eigene Gefahr und Kosten zu vin¬ || diciren, wogegen indessen dener¬"
2,3,120,121,¬,dener,hochfüßl,denerhochfüßl,split,high,joined form unattested; both halves are real words,False,0,0,3,2437,1,0,"diciren, wogegen indessen dener¬ || hochfüßl. demnacht sich an die Bau¬"
2,3,121,122,¬,Bau,fer,Baufer,split,high,joined form unattested; both halves are real words,False,0,0,17,4421760,9,18749,hochfüßl. demnacht sich an die Bau¬ || fer aller Ansprüche begeben;
2,3,123,124,¬,ge,gen,gegen,join,high,joined form occurs elsewhere in this corpus,False,24,,6,,40,,wenn sie diese Skladen Acker ge¬ || gen die Bürgerschaft zu Warta
2,3,128,129,¬,verkauf,ten,verkauften,join,high,joined form occurs elsewhere in this corpus,False,2,,18,,141,,die Uebergabe dieses verkauf¬ || ten Guths an die Käufer soll 14
2,3,138,139,¬,Vieh,und,Viehund,split,high,joined form unattested; both halves are real words,False,0,5,9,122739,1506,1133103472,jenige Grund zuverloren und Vieh¬ || und Geratschaften mit übergeben
2,4,143,144,¬,Knob,lauch,Knoblauch,join,high,joined form occurs elsewhere in this corpus,False,1,,0,,1,,Receß abseiten des Pächter Knob¬ || lauch an den v Bloch auf Blotniz
2,4,148,149,¬,mit,genommenen,mitgenommenen,join,high,"joined form attested in DWDS (12,492 hits)",False,0,12492,193,,6,,July an Pferden und Ochsen mit¬ || genommenen plus Inventarii
2,4,154,155,¬,Con,sens,Consens,join,high,joined form occurs elsewhere in this corpus,False,13,,0,,1,,6. Verspricht Herr Verkäufer der Con¬ || sens zur Acquisition dieses Guts
2,4,157,158,¬,beschaf,fen,beschaffen,join,high,"joined form attested in DWDS (361,065 hits)",False,0,361065,0,,4,,"stens als Johann a. c. zu beschaf¬ || fen, sollte derselbe aber nicht"
2,4,159,160,¬,diesfälli,ge,diesfällige,join,high,joined form occurs elsewhere in this corpus,False,2,,0,,6,,"erfolgen, so gehet der diesfälli¬ || ge Kauf zurück."
2,4,161,162,¬,we,gen,wegen,join,high,joined form occurs elsewhere in this corpus,False,29,,1,,40,,7. Sollte die Final Resolution we¬ || gen des diesfälligen Contentes
2,4,163,164,¬,Jo,hann,Johann,join,high,joined form occurs elsewhere in this corpus,False,39,,1,,1,,"langer als 14 Tage bis nach Jo¬ || hann a. c. sich vergegern, derge¬"
2,4,164,165,¬,derge,stallt,dergestallt,join,high,joined form occurs elsewhere in this corpus,False,1,,0,,1,,"hann a. c. sich vergegern, derge¬ || stallt, daß die Uebergabe bereits"
2,5,177,178,¬,Jo,hanni,Johanni,join,high,joined form occurs elsewhere in this corpus,False,30,,1,,1,,nämlich bis 14 Tage nach St. Jo¬ || hanni 1804. Pachtweise in Besitz
2,5,179,180,¬,die,ses,dieses,join,high,joined form occurs elsewhere in this corpus,False,93,,604,,11,,"behalten, dagegen über für die¬ || ses Jahr ein Pacht quantum"
2,5,182,183,¬,Ver,ckäufer,Verckäufer,split,high,joined form unattested; both halves are real words,False,0,0,3,0,1,0,"Reichsthaler an Herrn Ver¬ || ckäufer bezahlen, auch sämtl."
2,5,187,188,¬,Propri,et,Propriet,join,high,head is not a word on its own,False,0,9,0,0,13,,auf die Competenz ex Propri¬ || et entrichten ohne dem Herrn
2,5,197,198,¬,Execu,tion,Execution,join,high,"joined form attested in DWDS (2,896 hits)",False,0,2896,0,,7,,sich bey der bereitesten Execu¬ || tion das Guth Witow 14 Tage
2,5,199,200,¬,wirth,schaftlich,wirthschaftlich,split,high,joined form unattested; both halves are real words,False,0,18,3,149694,1,8417,nach Johann 1804 in wirth¬ || schaftlich guten Stande zu räumen
2,5,202,204,,halb,halb,,catchword,high,unmarked catchword: the page ends with the word the next page begins,True,,,,,,,halb || halb dem Executiv Process mit
2,6,210,211,¬,stipul,irten,stipulirten,join,high,joined form occurs elsewhere in this corpus,False,3,,0,,1,,4000 rtl nach Abzug der stipul¬ || irten Pacht-Pension von 800 rt
2,6,218,219,¬,Som,mer,Sommer,join,high,joined form occurs elsewhere in this corpus,False,1,,0,,3,,"wöllig bestellter Winter und Som¬ || mer-Saat übergeben, und er¬"
2,6,219,220,¬,er,klären,erklären,join,high,joined form occurs elsewhere in this corpus,False,3,,57,,1,,"mer-Saat übergeben, und er¬ || klären Käufer hiebey, daß sie"
2,6,227,228,¬,Consen,ses,Consenses,join,high,head is not a word on its own,False,0,47,0,27,11,,gleich nach Eingang des Consen¬ || ses zu ihrer Aequisitions
2,7,240,241,¬,Nichthaltungs,oder,Nichthaltungsoder,join,high,head is not a word on its own,False,0,0,0,0,161,,und setzen auf den Nichthaltungs¬ || oder Nohterstellungs Fall dieses
2,7,242,243,¬,Con,ventional,Conventional,join,high,joined form occurs elsewhere in this corpus,False,1,,0,,1,,Contracts ein vadium oder Con¬ || ventional Strafe von 1000 rtll
2,7,256,257,¬,Kauf,Punctalion,KaufPunctalion,split,high,joined form unattested; both halves are real words,False,0,0,79,3524718,1,0,ihnen selbst dem gelesene Kauf¬ || Punctalion welche den Mitkäufer
2,7,260,261,¬,ver,ganziger,verganziger,split,high,joined form unattested; both halves are real words,False,0,0,3,0,1,211,"explicirt werden, nach ver¬ || ganziger"
2,8,276,277,¬,über,Christian,überChristian,split,high,joined form unattested; both halves are real words,False,0,0,79,112520162,11,5381968,Geschehen wie über¬ || Christian Friedrich Rochlitz
2,8,284,285,¬,Tau,send,Tausend,join,high,joined form occurs elsewhere in this corpus,False,39,,0,,7,,"n d. J. zu bezahlenden 6000 rl. Sechs Tau¬ || send Reichsthaler Kauf Gelder, deßgleichen"
2,8,288,290,¬,Rech,ten,Rechten,join,review,crosses a page break - check by hand,True,8,2459102,1,71570,141,295388,"taet vor dem Residuo, auch mit allen Rech¬ || ten und ohne Neuerung, und mit dem in dem"
2,9,291,292,¬,Instrumen,te,Instrumente,join,high,"joined form attested in DWDS (1,905,352 hits)",False,0,1905352,0,,13,,"künftig zu errichtenden Kaufs Instrumen¬ || te zu bedingenden, bei Eintragung des Be¬"
2,9,292,293,¬,Be,siz,Besiz,join,high,joined form occurs elsewhere in this corpus,False,15,,11,,2,,"te zu bedingenden, bei Eintragung des Be¬ || siz-Titels zu interbulirenden Pfand-Rechte"
2,9,294,295,¬,Johann,nis,Johannnis,split,high,joined form unattested; both halves are real words,False,0,18,39,1936673,2,22823,"und mit Zinsen zu 5. procent von Johann¬ || nis c. an, cedire ich hiermit an den"
2,9,301,302,¬,Ein,willigung,Einwilligung,join,high,joined form occurs elsewhere in this corpus,False,1,,95,,1,,"ich, dem Herrn Banquier Weigel die Ein¬ || willigung der Schuldner in diese Cession"
2,9,307,308,¬,Valu,ta,Valuta,join,high,joined form occurs elsewhere in this corpus,False,2,,0,,2,,"rstehende Cession, Quittung über die Valu¬ || ta und das Versprechen der zu verschaf¬"
2,9,308,309,¬,verschaf,fenden,verschaffenden,join,high,head is not a word on its own,False,0,552,0,49,1,,ta und das Versprechen der zu verschaf¬ || fenden Einwilligung der Debitorum accep¬
2,9,309,310,¬,accep,tire,acceptire,join,high,head is not a word on its own,False,0,0,0,0,1,,fenden Einwilligung der Debitorum accep¬ || tire ich im Nahmen und als Compagnon mei¬
2,9,310,311,¬,mei,nes,meines,join,high,joined form occurs elsewhere in this corpus,False,6,,0,,2,,tire ich im Nahmen und als Compagnon mei¬ || nes Vaters Carl Ferdinand Weigel.
2,10,319,320,¬,re,gierenden,regierenden,join,high,joined form occurs elsewhere in this corpus,False,28,,5,,5,,Valuta von des Herrn Friedrich Ludewig re¬ || gierenden Fürsten zu Hohenlohe-Ingel¬
2,10,320,321,¬,Ingel,fingen,Ingelfingen,join,high,joined form occurs elsewhere in this corpus,False,49,,1,,4,,"gierenden Fürsten zu Hohenlohe-Ingel¬ || fingen Hochfürstl. Durchlaucht, und die vo"
2,10,328,329,¬,Durch,lesung,Durchlesung,join,high,joined form occurs elsewhere in this corpus,False,5,,84,,1,,"wohl bekannt sind, nach geschehener Durch¬ || lesung und erklährter Genehmigung durch"
2,10,330,331,¬,Unterschrif,ten,Unterschriften,join,high,joined form occurs elsewhere in this corpus,False,7,,0,,141,,"Ihre eigenhändige Nahmens Unterschrif¬ || ten und beigefügte Siegel, so wohl auf"
3,1,359,360,¬,Steuer,Einnehmer,SteuerEinnehmer,join,high,"joined form attested in DWDS (1,664 hits)",False,0,1664,7,,9,,"ebohrnen Herrn Hauptmann und Kreis Steuer¬ || Einnehmer Andreas Erenst Gneust kaufern, i"
3,1,364,365,¬,ver,abredet,verabredet,join,high,joined form occurs elsewhere in this corpus,False,9,,3,,1,,"hierüber gepflogenen Unterhandlungen, ver¬ || abredet und geschlossen werden, dessen näh"
3,2,371,372,¬,Erb,nehmen,Erbnehmen,split,high,joined form unattested; both halves are real words,False,0,11,32,217132,22,27416529,nehmlich für sich und seine Erben und Erb¬ || nehmen
3,2,392,394,,Einnehmer,Einnehmer,,catchword,high,unmarked catchword: the page ends with the word the next page begins,True,,,,,,,"Einnehmer || Einnehmer Andreas Ernst Gneust, erb und ei"
3,3,395,396,¬,Reichs,thaler,Reichsthaler,join,high,joined form occurs elsewhere in this corpus,False,38,,30,,42,,"für 2000 rt. schreibe zwey Tausend Reichs¬ || thaler, preußl. Courant, ganzer beständige"
3,3,399,400,¬,bestän,digste,beständigste,join,high,"joined form attested in DWDS (296,490 hits)",False,0,296490,0,,1,,Häuser bestens auf das allerrechts bestän¬ || digste quittirt.
3,3,408,409,¬,Pri,vilegio,Privilegio,join,high,joined form occurs elsewhere in this corpus,False,2,,0,,1,,chen Onera bestehen nach vorerwähnten Pri¬ || vilegio
3,4,429,430,¬,ver,schenken,verschenken,join,high,joined form occurs elsewhere in this corpus,False,1,,3,,2,,"uen, aber nichts davon verkaufen oder ver¬ || schenken. Wiedrigenfalls wird er, die ihm "
3,4,435,436,¬,Bau,Holz,BauHolz,join,high,joined form occurs elsewhere in this corpus,False,3,,17,,30,,"us der Betscher Forst, das benöthigte Bau¬ || Holz ebenfalls jedoch nicht anders als nac"
3,4,436,437,¬,An,weisung,Anweisung,join,high,joined form occurs elsewhere in this corpus,False,2,,215,,1,,ebenfalls jedoch nicht anders als nach An¬ || weisung des darüber gesetzten Commissario 
3,4,443,445,,VIII,VIII,,catchword,high,unmarked catchword: the page ends with the word the next page begins,True,,,,,,,VIII. || VIII.
3,5,458,459,¬,unter,wirft,unterwirft,join,high,"joined form attested in DWDS (329,971 hits)",False,0,329971,67,,1,,Herrn Käufer und mehro gestort und unter¬ || wirft sich Herr Verkäufer der Aushändigung
3,5,463,464,¬,ver,sichent,versichent,split,high,joined form unattested; both halves are real words,False,0,0,3,0,1,0," und zusprüche landübliche Gewehr und ver¬ || sichent demselben, daß auch dieser verkauf"
3,6,469,470,¬,dies,fällige,diesfällige,join,high,joined form occurs elsewhere in this corpus,False,2,,6,,1,,ntirt Herr Verkäufer nunmehro in die dies¬ || fällige Berichtigung des Tituli possession
3,6,471,472,¬,da,selbst,daselbst,join,high,joined form occurs elsewhere in this corpus,False,2,,34,,46,,Nahmen des Herrn Käufers in dem darmit da¬ || selbst anzufügenden Hypotheken Buche
3,6,477,478,¬,verab,redeten,verabredeten,join,high,joined form occurs elsewhere in this corpus,False,2,,1,,1,,"hloßenen Vertrags, nach allen darin verab¬ || redeten, und fest gesetzten Bedingungen un"
3,6,478,479,¬,Vorbe,haltungen,Vorbehaltungen,join,high,head is not a word on its own,False,0,56,0,896,1,, und fest gesetzten Bedingungen und Vorbe¬ || haltungen und entsagen zugleich allen und 
3,6,480,481,¬,Aus,fluchten,Ausfluchten,join,high,joined form occurs elsewhere in this corpus,False,1,,86,,1,,"ider diesem Kauf Vertrag zu machenden Aus¬ || fluchten und Rechtsbehalten, insonderheit "
3,6,481,482,¬,Aus,flucht,Ausflucht,join,high,"joined form attested in DWDS (24,644 hits)",False,0,24644,86,,1,," und Rechtsbehalten, insonderheit der Aus¬ || flucht des Irthums, des Miß und Nicht Vers"
3,7,495,496,¬,aus,gerechselt,ausgerechselt,split,high,joined form unattested; both halves are real words,False,0,0,86,171904164,1,0,chafte bekräftiget und gegen einander aus¬ || gerechselt worden
3,7,506,507,¬,Ver,trags,Vertrags,join,high,joined form occurs elsewhere in this corpus,False,2,,3,,1,,rey Schulzen Guth abgeschloßenen Kauf Ver¬ || trags nicht nur nach geschehene Verlesung 
3,7,507,508,¬,durchgän,gig,durchgängig,join,high,"joined form attested in DWDS (291,012 hits)",False,0,291012,0,,1,,"ht nur nach geschehene Verlesung durchgän¬ || gig bekannt, sondern auch die darunter bef"
3,7,510,511,¬,all,gehaltenen,allgehaltenen,split,high,joined form unattested; both halves are real words,False,0,0,2,5981067,1,328343,ird auf den Grund eines dato hierüber all¬ || gehaltenen Protocolls unter der gewöhnlich
3,7,511,512,¬,Unter,schrift,Unterschrift,join,high,joined form occurs elsewhere in this corpus,False,12,,67,,5,,n Protocolls unter der gewöhnlichen Unter¬ || schrift und Verdrückung des gerichtlichen 
3,7,512,513,¬,Gerichts,Insiegels,GerichtsInsiegels,split,high,joined form unattested; both halves are real words,False,0,0,28,5151705,2,183,nd Verdrückung des gerichtlichen Gerichts¬ || Insiegels glaubhaft attestirt. So geschehe
3,7,514,516,,Birnbaum,Birnbaum,,catchword,high,unmarked catchword: the page ends with the word the next page begins,True,,,,,,,Birnbaum || Birnbaum den 24 Juny 1797.
3,8,539,540,¬,Ver,kaufer,Verkaufer,join,high,joined form occurs elsewhere in this corpus,False,1,,3,,3,,der deutschen Sprache nicht mächtiger Ver¬ || kaufer von Jankowski wurde hierauf der vor
3,8,540,541,¬,vor,gedachte,vorgedachte,join,high,joined form occurs elsewhere in this corpus,False,1,,43,,7,,aufer von Jankowski wurde hierauf der vor¬ || gedachte Kauf Contract vom 24ten Juny 1797
3,8,543,545,,Hintsch,Hintsch,,catchword,high,unmarked catchword: the page ends with the word the next page begins,True,,,,,,,Hintsch || Hintsch langesam und deutlich in polnische
3,9,547,548,¬,wohl,bedächtig,wohlbedächtig,join,high,joined form occurs elsewhere in this corpus,False,9,,17,,2,,gelesen und erklärten beyde nochmals wohl¬ || bedächtig vor Gericht.
3,9,550,551,¬,ge,nehmigen,genehmigen,join,high,joined form occurs elsewhere in this corpus,False,4,,6,,1,,nochmals in allen seinen Punkten ge¬ || nehmigen und für immer getreulich fest¬
3,9,551,552,¬,fest,halten,festhalten,join,high,"joined form attested in DWDS (1,568,842 hits)",False,0,1568842,17,,12,,nehmigen und für immer getreulich fest¬ || halten wollen
3,9,564,565,¬,Con,tracts,Contracts,join,high,joined form occurs elsewhere in this corpus,False,48,,0,,2,,kaufen auf den Grund des Kauf Con¬ || tracts beym Hypotheken Buche be¬
3,9,565,566,¬,be,richtiget,berichtiget,join,high,joined form occurs elsewhere in this corpus,False,8,,11,,2,,tracts beym Hypotheken Buche be¬ || richtiget werde.
3,9,568,570,,schliessen,schlossen,,catchword,high,unmarked catchword: the page ends with the word the next page begins,True,,,,,,,schliessen || schlossen und nach geschehener Vorlesung u
3,10,581,582,¬,erwor,benen,erworbenen,join,high,joined form occurs elsewhere in this corpus,False,2,,0,,2,,"irmiren und den Besitzer bey seinen erwor¬ || benen Rechte schützen, jedoch Uns und Jede"
3,10,585,586,¬,aus,fertigen,ausfertigen,join,high,"joined form attested in DWDS (10,917 hits)",False,0,10917,86,,3,,nter Unserm Insiegel und Unterschrift aus¬ || fertigen lassen
3,11,599,600,¬,Grund,Büchern,GrundBüchern,split,high,joined form unattested; both halves are real words,False,0,0,44,14931215,5,12572695,te meine Gerechtsame nach den alten Grund¬ || Büchern noch näher prüfen zu lassen.
4,1,605,606,¬,Re,gierenden,Regierenden,join,high,joined form occurs elsewhere in this corpus,False,28,,5,,5,,"und Herrn, Herrn Friedrich Ludewig, Re¬ || gierenden Fürsten zu Hohenlohe Ingelfingen"
4,1,608,609,¬,Frank,furth,Frankfurth,join,high,joined form occurs elsewhere in this corpus,False,10,,0,,6,,", und dem Königl. Banco-Director zu Frank¬ || furth an der Oder Herrn George Conrad Leix"
4,1,610,611,¬,wor,den,worden,join,high,joined form occurs elsewhere in this corpus,False,52,,1,,482,,st folgender Kauf-Contract geschloßen wor¬ || den:
4,1,615,616,¬,Me,seritzer,Meseritzer,join,high,joined form occurs elsewhere in this corpus,False,4,,3,,1,,"im Posenschen Departement und deßen Me¬ || seritzer Kreise gelegenen, aus der Donatio"
4,1,616,617,¬,Donations,Urkunde,DonationsUrkunde,split,high,joined form unattested; both halves are real words,False,0,21,2,575,8,734383,"itzer Kreise gelegenen, aus der Donations¬ || Urkunde des Hochseel. Königs Friedrich Wil"
4,1,617,618,¬,Wil,helm,Wilhelm,join,high,joined form occurs elsewhere in this corpus,False,30,,1,,3,,rkunde des Hochseel. Königs Friedrich Wil¬ || helm des IIten Majestät vom 9ten August 17
4,1,621,622,¬,Wal,dungen,Waldungen,join,high,joined form occurs elsewhere in this corpus,False,4,,0,,2,,"tinentien, Mühlen, Einsaßen, Feldern, Wal¬ || dungen, Seen, Gewäßern, Diensten, Jagd,"
4,1,626,627,¬,mal,Hundert,malHundert,split,high,joined form unattested; both halves are real words,False,0,0,7,29520180,45,0,"Kauf Pretium von 142,000 rthl. Ein mal¬ || Hundert und Zwei und Vierzig Tausend Reich"
4,1,627,628,¬,Reichs,thaler,Reichsthaler,join,high,joined form occurs elsewhere in this corpus,False,38,,30,,42,,"ndert und Zwei und Vierzig Tausend Reichs¬ || thaler, nach dem Münz-Fuße von 1764."
4,1,630,631,¬,völ,lig,völlig,join,high,joined form occurs elsewhere in this corpus,False,18,,0,,1,,auf- Geld der 142000 rthl ist bereits völ¬ || lig bezahlt.
4,1,637,639,,Historisch,Historisch,,catchword,high,unmarked catchword: the page ends with the word the next page begins,True,,,,,,,"Historisch || Historisch wird hierbei bemerkt, daß die Z"
4,2,639,640,¬,Zah,lung,Zahlung,join,high,joined form occurs elsewhere in this corpus,False,5,,1,,1,,"torisch wird hierbei bemerkt, daß die Zah¬ || lung der Kauf Gelder folgender Maßen gesch"
4,2,640,641,¬,gesche,hen,geschehen,join,high,joined form occurs elsewhere in this corpus,False,33,,0,,3,,ng der Kauf Gelder folgender Maßen gesche¬ || hen ist:
4,2,643,644,¬,ehema,ligen,ehemaligen,join,high,joined form occurs elsewhere in this corpus,False,1,,0,,4,, 13 g 8/5 d. hat Herr Käufer an den ehema¬ || ligen Polnischen Rittmeister von Broni¬
4,2,644,645,¬,Broni,ewsky,Broniewsky,join,high,joined form occurs elsewhere in this corpus,False,6,,0,,1,,"ligen Polnischen Rittmeister von Broni¬ || ewsky, welcher als immittirter Gläu¬"
4,2,645,646,¬,Gläu,biger,Gläubiger,join,high,joined form occurs elsewhere in this corpus,False,1,,0,,1,,"ewsky, welcher als immittirter Gläu¬ || biger sich im Natural-Besize der Gü"
4,2,648,649,¬,Anwei,sung,Anweisung,join,high,joined form occurs elsewhere in this corpus,False,2,,0,,2,,"zu erkannte Summe, auf Anwei¬ || sung Sr. Hochfürstl. Durchlaucht bezahlt"
4,2,656,657,¬,Käu,fer,Käufer,join,high,joined form occurs elsewhere in this corpus,False,95,,0,,9,,"Außer dem Kauf Pretis übernimmt Herr Käu¬ || fer folgende, in den Hypotheken Büchern au"
4,2,660,661,¬,Kaemen,wovon,Kaemenwovon,split,high,joined form unattested; both halves are real words,False,0,0,17,2173,3,507938,Floren Polnisch für die Kirche zu Kaemen¬ || wovon die Zinsen jährlich auf Vier Mark Po
4,2,661,662,¬,Pol,nisch,Polnisch,join,high,joined form occurs elsewhere in this corpus,False,4,,0,,1,,von die Zinsen jährlich auf Vier Mark Pol¬ || nisch festgesezt sind.
4,2,665,666,¬,Flo,ren,Floren,join,high,joined form occurs elsewhere in this corpus,False,4,,0,,9,,"thaler, oder 1500. Fünfzehn Hundert Flo¬ || ren Polnisch, welche zu 3 1/2. drei und ei"
4,3,678,679,¬,Inn,halt,Innhalt,join,high,joined form occurs elsewhere in this corpus,False,1,,0,,3,,"extradirt worden, aufgeführte Flächen-Inn¬ || halt an Aeckern, Wiesen, Heiden und Seen"
4,3,680,681,¬,Durch,laucht,Durchlaucht,join,high,joined form occurs elsewhere in this corpus,False,130,,84,,18,,"lich vorhanden sey. Se. Hochfürstl. Durch¬ || laucht versichere hierbei, daß Höchstdenen"
4,3,684,685,¬,sei,Die,seiDie,split,high,joined form unattested; both halves are real words,False,0,49,3,0,604,0,aufgeführten Grundstücke bekannt sei¬ || Die Verbindlichkeit Sr. Hochfürstl. Durchl
4,3,704,705,¬,Verhandlun,gen,Verhandlungen,join,high,joined form occurs elsewhere in this corpus,False,2,,0,,40,,auf genommenen gerichtlichen Verhandlun¬ || gen sein Bewenden.
4,4,720,721,¬,über,geben,übergeben,join,high,joined form occurs elsewhere in this corpus,False,10,,79,,9,,"b., daß die Güther dem Herrn Käufer über¬ || geben werden sollen, wie sie am 15ten Juni"
4,4,724,725,¬,In,ventario,Inventario,join,high,joined form occurs elsewhere in this corpus,False,1,,377,,1,,"Beilaß, an Feld Viehs und Wirthschafts In¬ || ventario verlangen könne, welchen der"
4,4,728,729,¬,deut,scher,deutscher,join,high,joined form occurs elsewhere in this corpus,False,1,,0,,3,,"nach der dem Herrn Käufer in deut¬ || scher Sprache ausgehändigten Acte,"
4,4,730,731,¬,ver,pflichtet,verpflichtet,join,high,joined form occurs elsewhere in this corpus,False,14,,3,,3,,"erhalten hat, und zurück zu gewehren ver¬ || pflichtet gewesen."
4,4,732,733,¬,Cu,pitalien,Cupitalien,split,high,joined form unattested; both halves are real words,False,0,5,0,21398,1,0,". Außer den in §. 3. bemerkten Kirchen Cu¬ || pitalien, stehet auf den Güthern ein hypo¬"
4,4,733,734,¬,hypo,thecarisches,hypothecarisches,join,high,joined form occurs elsewhere in this corpus,False,1,,0,,1,,"pitalien, stehet auf den Güthern ein hypo¬ || thecarisches Capital von 100,000. rthl. Ei"
4,4,734,735,¬,Ein,mal,Einmal,join,high,joined form occurs elsewhere in this corpus,False,5,,95,,7,,"ecarisches Capital von 100,000. rthl. Ein¬ || mal Hundert Tausend Reichsthalern"
4,4,738,739,¬,Trieben,feld,Triebenfeld,join,high,joined form occurs elsewhere in this corpus,False,46,,0,,14,,"Herrn Kriegs- und Forst-Rath von Trieben¬ || feld eingetragen, welcher diese Hypothek"
4,5,743,744,¬,ausdrück,lich,ausdrücklich,join,high,joined form occurs elsewhere in this corpus,False,11,,0,,20,,und Herr Käufer entsaget hiermit ausdrück¬ || lich allen desfälligen Ansprüchen so wohl 
4,5,756,757,¬,Tra,dition,Tradition,join,high,joined form occurs elsewhere in this corpus,False,7,,0,,1,,"dieses Kaufs, der Natural- und Civil- Tra¬ || dition, und überhaupt sämtliche Kaufs Kost"
4,5,762,763,¬,Ver,käufers,Verkäufers,join,high,joined form occurs elsewhere in this corpus,False,11,,3,,8,,Paßive Dienstbarkeiten sind des Herrn Ver¬ || käufers Durchlaucht nicht bekannt.
4,5,764,765,¬,Dage,gen,Dagegen,join,high,joined form occurs elsewhere in this corpus,False,15,,0,,40,,Dage¬ || gen stehet diesen Güthern ein Holzungs¬
4,5,765,766,¬,Holzungs,Recht,HolzungsRecht,join,high,joined form occurs elsewhere in this corpus,False,1,,8,,21,,gen stehet diesen Güthern ein Holzungs¬ || Recht in den Krobilawer Wäldern zu. In
4,5,776,777,¬,Documen,te,Documente,join,high,joined form occurs elsewhere in this corpus,False,3,,0,,13,,sämtliche zu den Güthern gehörige Documen¬ || te und Acten versprechen des Herrn Verkäuf
4,6,780,781,¬,zuantwor,ten,zuantworten,join,high,head is not a word on its own,False,0,31,0,0,141,," dem Herrn Käufer getreulich aus zuantwor¬ || ten, deßgleichen auch diejenigen, welche b"
4,6,783,784,¬,wer,den,werden,join,high,joined form occurs elsewhere in this corpus,False,143,,0,,482,,"on Broniewsky noch zur Zeit gebraucht wer¬ || den, nach Beendigung dieses Proceßes dem"
4,6,785,786,¬,Je,doch,Jedoch,join,high,joined form occurs elsewhere in this corpus,False,59,,1,,8,,"Herrn Käufer aushändigen zu laßen. Je¬ || doch stehet dem Herrn Käufer, wie sich von"
4,6,794,795,¬,Ver,letzung,Verletzung,join,high,joined form occurs elsewhere in this corpus,False,7,,3,,2,,"dagegen, besonders dem Einwande der Ver¬ || letzung über die Hälfte und wie sie sonst"
4,6,798,799,¬,voll,zogen,vollzogen,join,high,joined form occurs elsewhere in this corpus,False,8,,0,,3,,Unterschriften und beigefügte Siegel voll¬ || zogen.
4,6,808,809,¬,Durchlauch,tigsten,Durchlauchtigsten,join,high,joined form occurs elsewhere in this corpus,False,3,,2,,1,,ser Kauf Contract zwischen dem Durchlauch¬ || tigsten
4,7,815,816,¬,un,terzeichneten,unterzeichneten,join,high,joined form occurs elsewhere in this corpus,False,2,,1,,1,,"rneur zu Breslau etc. welcher uns, dem un¬ || terzeichneten Notario und Zeugen persönlic"
4,7,817,818,¬,per,sönlich,persönlich,join,high,joined form occurs elsewhere in this corpus,False,16,,1,,2,," bekannt ist, und dem uns gleichfalls per¬ || sönlich wohl bekannten Banquier zu Franck¬"
4,7,818,819,¬,Franck,Fürth,FranckFürth,split,high,joined form unattested; both halves are real words,False,0,46,0,149422,1,725842,"sönlich wohl bekannten Banquier zu Franck¬ || Fürth an der Oder Herrn Meyer Bernhard,"
4,7,823,824,¬,Instru,ment,Instrument,join,high,joined form occurs elsewhere in this corpus,False,5,,0,,2,,"abredet und geschloßen, und dieses Instru¬ || ment, nach geschehener Durchlesung und erk"
4,7,824,825,¬,erklähr,ter,erklährter,join,high,joined form occurs elsewhere in this corpus,False,1,,0,,15,," nach geschehener Durchlesung und erklähr¬ || ter Genehmigung, durch ihre eigenhändige N"
4,7,825,826,¬,Nah,mens,Nahmens,join,high,joined form occurs elsewhere in this corpus,False,6,,0,,1,," Genehmigung, durch ihre eigenhändige Nah¬ || mens- Unterschriften und beigefügte Siegel"
4,7,828,829,¬,hier,mit,hiermit,join,high,joined form occurs elsewhere in this corpus,False,22,,8,,193,,"hierüber aufgenommenen Protocolls, hier¬ || mit attestirt."
4,7,843,844,¬,dispositions,fähiger,dispositionsfähiger,split,high,joined form unattested; both halves are real words,False,0,34,3,44,1,349499,bekannte dispositions¬ || fähiger
4,7,844,846,,fähiger,fähige,,catchword,high,unmarked catchword: the page ends with the word the next page begins,True,,,,,,,fähiger || fähige Königl. Banco Rendant Herr Georg Co
4,8,847,848,¬,KaufCon,tract,KaufContract,join,high,joined form occurs elsewhere in this corpus,False,1,,0,,5,,"ieselbst den vor- und umstehenden KaufCon¬ || tract d. d. Breslau den 16 Januar 1805, In"
4,8,848,849,¬,des,sen,dessen,join,high,joined form occurs elsewhere in this corpus,False,27,,272,,9,,". Breslau den 16 Januar 1805, Inhalts des¬ || sen Sr Hochfürstl. Durchlaucht, der regier"
4,8,850,851,¬,Ingel,fingen,Ingelfingen,join,high,joined form occurs elsewhere in this corpus,False,49,,1,,4,, Herr Friedrich Ludwig zu Hohenlöhe Ingel¬ || fingen etc. die aus der Schenkungs Urkunde
4,8,853,854,¬,Po,senschen,Posenschen,join,high,joined form occurs elsewhere in this corpus,False,4,,1,,2,,"gust 1796 adquirirten, in Südpreussen, Po¬ || senschen Departements belegenen Güter Koll"
5,1,885,886,¬,re,gierende,regierende,join,high,joined form occurs elsewhere in this corpus,False,5,,5,,1,,hmlich Sr. Hochfürstl. Durchlaucht der re¬ || gierende Fürst zu Hohenlohe Ingelfingen Go
5,1,891,892,¬,Müh,len,Mühlen,join,high,joined form occurs elsewhere in this corpus,False,5,,0,,7,,"lichen dazu gehörigen Attinenzien und Müh¬ || len, Rechten und Gerechtigkeiten, mit alle"
5,1,896,897,¬,Gu,ther,Guther,join,high,"joined form attested in DWDS (1,437 hits)",False,0,1437,0,,4,,"ör, so wie Höchst Sr. Durchl. gedachte Gu¬ || ther und deren Attinenzien zufolge der Don"
5,1,900,901,¬,Anse,hung,Ansehung,join,high,joined form occurs elsewhere in this corpus,False,6,,0,,2,,keit und Wahrheit Sr. Durchlaucht in Anse¬ || hung der Güther Kollno und Kamionne die Ev
5,1,902,903,¬,er,halten,erhalten,join,high,joined form occurs elsewhere in this corpus,False,39,,57,,12,,"en, von der Königl. Commission tradirt er¬ || halten, beseßen und genutzt, auch nutzen u"
5,1,903,904,¬,ge,nießen,genießen,join,high,joined form occurs elsewhere in this corpus,False,1,,6,,1,,", beseßen und genutzt, auch nutzen und ge¬ || nießen können, mit Allem wie es steht und "
5,2,916,917,¬,Kam,ionne,Kamionne,join,high,joined form occurs elsewhere in this corpus,False,13,,0,,1,,"utige Kauf über die Güther Kollno und Kam¬ || ionne geschieht ohne Anschlag, in Pausch u"
5,2,918,919,¬,An,sehung,Ansehung,join,high,joined form occurs elsewhere in this corpus,False,6,,215,,1,,eisten Sr. Hochfürstl. Durchl. blos in An¬ || sehung des von der Königl. Commission aufg
5,2,919,920,¬,aufgenom,menen,aufgenommenen,join,high,joined form occurs elsewhere in this corpus,False,2,,0,,1,,g des von der Königl. Commission aufgenom¬ || menen Vermeßungs-Registers und der in der 
5,2,920,921,¬,Tan,aufgeführten,Tanaufgeführten,split,high,joined form unattested; both halves are real words,False,0,0,0,82932,3,265128,n Vermeßungs-Registers und der in der Tan¬ || aufgeführten Realitäten welche bey der Tra
5,2,922,923,¬,Ein,künfte,Einkünfte,join,high,"joined form attested in DWDS (306,174 hits)",False,0,306174,95,,1,,"eben werden sollen eine Eviction Alle Ein¬ || künfte und Wirthschafts, Erträge, muß Herr"
5,2,923,924,¬,Käu,fer,Käufer,join,high,joined form occurs elsewhere in this corpus,False,95,,0,,9,,"e und Wirthschafts, Erträge, muß Herr Käu¬ || fer so übernehmen, wie sie existiren, und "
5,2,925,926,¬,ver,mindern,vermindern,join,high,"joined form attested in DWDS (261,044 hits)",False,0,261044,3,,1,,"m sie sich in der Folge erhöhen, oder ver¬ || mindern können, welches sich Herr Häufer a"
5,2,935,936,¬,Bevoll,mächtigter,Bevollmächtigter,join,high,joined form occurs elsewhere in this corpus,False,17,,0,,2,,Da nun der Kaufmann Herr Simon als Bevoll¬ || mächtigter des Herrn Leixner mit dem Herr
5,3,939,940,¬,be,in,bein,join,high,"joined form attested in DWDS (2,377,206 hits)",False,0,2377206,11,,377,," Rthl. 13. Gg. 8 4/5. Pf. den 8. Sept. be¬ || in Posen erfolgen, die Natural - Tradition"
5,3,943,944,¬,un,Kamionne,unKamionne,split,high,joined form unattested; both halves are real words,False,0,0,1,594768,13,0,"Bevollmächtigten nach Posen und Kollno un¬ || Kamionne zu schicken, um bey diesen Actibu"
5,3,945,946,¬,Commissa,rius,Commissarius,join,high,joined form occurs elsewhere in this corpus,False,1,,0,,2,,"n zu seyn, und da ein Regierungs Commissa¬ || rius von Posen die Natural - Uebergabe vol"
5,3,946,947,¬,vollzie,hen,vollziehen,join,high,joined form occurs elsewhere in this corpus,False,5,,0,,3,,"von Posen die Natural - Uebergabe vollzie¬ || hen wird, so stipuliren Sr. Durchl. die Gü"
5,3,952,953,¬,Bro,niewsky,Broniewsky,join,high,joined form occurs elsewhere in this corpus,False,6,,0,,2,,ner spätern Declaration des Herrn von Bro¬ || niewsky hat sich derselbe verbindlich gema
5,3,957,958,¬,Gü,ther,Güther,join,high,joined form occurs elsewhere in this corpus,False,21,,1,,4,, laßen. Herr Käufer erhält daher diese Gü¬ || ther ganz schuldenfrey.
5,3,963,964,¬,Bro,niewsky,Broniewsky,join,high,joined form occurs elsewhere in this corpus,False,6,,0,,2,,"Herrn Käufer über, und wird Herr von Bro¬ || niewsky, bey der Natural-Uebergabe die die"
5,4,980,981,¬,Gü,theen,Gütheen,split,high,joined form unattested; both halves are real words,False,0,0,1,7302,1,565,eidend betreffen. Dagegen steht diesen Gü¬ || theen der freye Hieb als an demselben gebü
5,4,986,987,¬,darü,ber,darüber,join,high,joined form occurs elsewhere in this corpus,False,16,,0,,3,, und hat derselbe den weitern Proceß darü¬ || ber fort zu setzen in so fern der von Kwil
5,4,989,990,¬,be,reits,bereits,join,high,joined form occurs elsewhere in this corpus,False,36,,11,,1,,"orium- Urtel ist dem Herrn Käufer auch be¬ || reits eingehendigt worden, und läßt sich d"
5,4,990,991,¬,der,selbe,derselbe,join,high,joined form occurs elsewhere in this corpus,False,28,,698,,5,,"ts eingehendigt worden, und läßt sich der¬ || selbe die Erklärung Dr. Durchl. gefallen."
5,4,996,997,¬,extra,dirt,extradirt,join,high,joined form occurs elsewhere in this corpus,False,2,,0,,1,,en sollen dem Herrn Bäufer traulich extra¬ || dirt werden.
5,5,1005,1006,¬,bey,zu,beyzu,split,high,joined form unattested; both halves are real words,False,0,0,77,34970,610,403356332,"Es hängt von dem Herrn Käufer ab, ihn bey¬ || zu behalten, oder einen andern anzunehmen."
5,5,1021,1022,¬,beför,dern,befördern,join,high,"joined form attested in DWDS (663,701 hits)",False,0,663701,0,,5,,"gen, sondern sie genehmigen es auch beför¬ || dern, daß sie auf Rechnung des Herrn Käufe"
5,5,1027,1028,¬,Ange,legenheit,Angelegenheit,join,high,"joined form attested in DWDS (1,180,379 hits)",False,0,1180379,0,,1,,r blos des Herrn Käufers Sache diese Ange¬ || legenheit zu betreiben und zu Ende zu brin
5,5,1030,1031,¬,Kauf,Gelder,KaufGelder,join,high,joined form occurs elsewhere in this corpus,False,4,,79,,9,,"as nun die Bezahlung der stipulirten Kauf¬ || Gelder betrift, so ist unter den Contrahen"
5,5,1031,1032,¬,fol,gendes,folgendes,join,high,joined form occurs elsewhere in this corpus,False,3,,0,,1,,"etrift, so ist unter den Contrahenten fol¬ || gendes bestimmt und festgesetzt worden."
5,6,1034,1035,¬,per,petua,perpetua,join,high,"joined form attested in DWDS (2,799 hits)",False,0,2799,1,,1,, Käufer übernimmt noch stehende Onera per¬ || petua
5,6,1045,1046,¬,rückständi,gen,rückständigen,join,high,"joined form attested in DWDS (65,590 hits)",False,0,65590,0,,40,,"mit dem Beisatz, daß wenn die rückständi¬ || gen Zinßen ad alterum tantum gefordert"
5,6,1048,1049,¬,Zin,sen,Zinsen,join,high,joined form occurs elsewhere in this corpus,False,23,,0,,9,,en des Herrn Verkaufers Durchl. diese Zin¬ || sen nebst Kosten bis Joh. a. c. berichtige
5,6,1061,1062,¬,Kauf,Pretium,KaufPretium,split,high,joined form unattested; both halves are real words,False,0,0,79,3524718,6,224,r hat Herr Käufer auf das stipulirte Kauf¬ || Pretium der 142000 Rthl bezahlt.
5,6,1063,1064,¬,Sie,benzig,Siebenzig,join,high,joined form occurs elsewhere in this corpus,False,2,,148,,1,,no Joh: a c. eine Summe von Sechs und Sie¬ || benzig Tausend Reichsthaler Curant zu Hand
5,7,1085,1086,¬,Hoch,fürstl,Hochfürstl,join,high,joined form occurs elsewhere in this corpus,False,66,,2,,12,,"on Kollno und Kamionna zu Handen des Hoch¬ || fürstl. Bevollmächtigten, und werden so ba"
5,7,1092,1093,¬,Kauf,Contracts,KaufContracts,split,high,joined form unattested; both halves are real words,False,0,0,79,3524718,48,3074,ie Errichtung und Vollziehung dieses Kauf¬ || Contracts betreffende desgleichen die Natu
5,7,1094,1095,¬,Ge,bühren,Gebühren,join,high,joined form occurs elsewhere in this corpus,False,2,,6,,2,,"ions-Kosten, so wie auch die Löschungs-Ge¬ || bühren der intabulirten hundert tausend Th"
5,7,1095,1096,¬,Tra,gen,Tragen,join,high,joined form occurs elsewhere in this corpus,False,13,,0,,40,,r intabulirten hundert tausend Thaler Tra¬ || gen beide Contrahenten zu gleichen Theilen
5,7,1098,1099,¬,Kau,fer,Kaufer,join,high,joined form occurs elsewhere in this corpus,False,3,,0,,9,,rr Verkäufers Durchlaucht so wie Herr Kau¬ || fer entſagen allen und jeden dieſem Vertra
5,7,1099,1100,-,entge,genstehenden,entgegenstehenden,join,high,"joined form attested in DWDS (31,373 hits)",False,0,31373,0,,1,,gen allen und jeden dieſem Vertrage entge- || genstehenden rechtlichen Einwendungen und 
5,7,1102,1103,¬,Ver,zicht,Verzicht,join,high,joined form occurs elsewhere in this corpus,False,11,,3,,1,,"über der Hälfte, daß keine allgemeine Ver¬ || zicht gelte wenn keine besondere vorhergeg"
5,7,1106,1108,,Urkundlich,Urkundlich,,catchword,high,unmarked catchword: the page ends with the word the next page begins,True,,,,,,,Urkundlich || Urkundlich ist vorstehendes Verkauf- und K
5,8,1108,1109,¬,In,strument,Instrument,join,high,joined form occurs elsewhere in this corpus,False,5,,377,,2,,ich ist vorstehendes Verkauf- und Kauf-In¬ || strument von Sr. Hochfürstl. Durchlaucht u
6,1,1116,1117,¬,Patrimoni,al,Patrimonial,join,high,joined form occurs elsewhere in this corpus,False,11,,0,,1,,"as Dürchlauch von Hohenlohesche Patrimoni¬ || al Gericht fuget hierdurch zu wißen,"
6,1,1124,1125,¬,Magdebur,gisch,Magdeburgisch,join,high,joined form occurs elsewhere in this corpus,False,19,,1,,4,,Seits über Eine Hufe Land Magdebur¬ || gisch Maaß bey dem Gute Osiny
6,1,1127,1128,¬,verlaut,bart,verlautbart,join,high,joined form occurs elsewhere in this corpus,False,1,,2,,1,,Kauf Contract geschloßen und verlaut¬ || bart worden.
6,1,1129,1130,¬,Acht,zehnten,Achtzehnten,join,high,"joined form attested in DWDS (24,463 hits)",False,0,24463,6,,1,,Actum Trąbczyn den Acht¬ || zehnten Julius Eintau
6,1,1133,1134,¬,hie,sigem,hiesigem,join,high,"joined form attested in DWDS (583,267 hits)",False,0,583267,2,,2,,Vor unterschriebenem hie¬ || sigem Patrimonial Gerichte
6,2,1140,1141,¬,durch,laucht,durchlaucht,join,high,joined form occurs elsewhere in this corpus,False,130,,84,,18,,bevollmächtigter Sr. durch¬ || laucht des regirenden Herrn
6,2,1151,1152,¬,ge,nau,genau,join,high,joined form occurs elsewhere in this corpus,False,2,,6,,1,,"schriebenen Justitiario ge¬ || nau bekan̄t, und ihre"
6,2,1153,1154,-,Vollzin,hung,Vollzinhung,join,high,head is not a word on its own,False,0,0,0,0,2,,Fähigkeiten zur Vollzin- || hung Gerichtlicher Hand
6,2,1161,1163,,und,und,,catchword,high,unmarked catchword: the page ends with the word the next page begins,True,,,,,,,und || und in Nichts abzuändern
6,3,1165,1166,¬,ver,lautbaren,verlautbaren,join,high,joined form occurs elsewhere in this corpus,False,2,,3,,4,,sie hiermit sogleich ver¬ || lautbaren zum gerichtlich
6,3,1175,1176,¬,Ein,hundert,Einhundert,join,high,joined form occurs elsewhere in this corpus,False,16,,95,,45,,und jeder Morgen zu Ein¬ || hundert und Achtzig qua¬
6,3,1176,1177,¬,qua,drat,quadrat,join,high,joined form occurs elsewhere in this corpus,False,3,,4,,1,,"hundert und Achtzig qua¬ || drat Ruthen gerechnet, an"
6,3,1178,1179,¬,bele,gen,belegen,join,high,joined form occurs elsewhere in this corpus,False,6,,0,,40,,Czazy w Kierzäwn Ackerland bei Osiny bele¬ || gen auf unerwährende Zei¬
6,3,1179,1180,¬,Zei,ten,Zeiten,join,high,joined form occurs elsewhere in this corpus,False,25,,0,,141,,gen auf unerwährende Zei¬ || ten in Erbpacht.
6,3,1183,1184,¬,Ku,kulski,Kukulski,join,high,joined form occurs elsewhere in this corpus,False,7,,0,,1,,gisch ist dem Blazy Ku¬ || kulski bereits angewie¬
6,3,1184,1185,¬,angewie,sen,angewiesen,join,high,joined form occurs elsewhere in this corpus,False,1,,0,,9,,kulski bereits angewie¬ || sen und in Natural Besitz
6,3,1186,1188,,übergeben,übergeben,,catchword,high,unmarked catchword: the page ends with the word the next page begins,True,,,,,,,"übergeben || übergeben worden, womit"
6,4,1193,1194,¬,Mag,deburgisch,Magdeburgisch,join,high,joined form occurs elsewhere in this corpus,False,19,,3,,5,,für diese eine Hufe Mag¬ || deburgisch an Einkaufs Geld
6,4,1204,1205,¬,Mag,deburgisch,Magdeburgisch,join,high,joined form occurs elsewhere in this corpus,False,19,,3,,5,,dieser einen Hufe Mag¬ || deburgisch einen Jährlichen
6,4,1207,1208,¬,baa,rem,baarem,split,high,joined form unattested; both halves are real words,False,0,33,0,8858,3,33107,Dreysig Reichs Thaler in baa¬ || rem gangbaren Courant
6,4,1212,1214,,für,für,,catchword,high,unmarked catchword: the page ends with the word the next page begins,True,,,,,,,für || für die zukunft in halbjäh¬
6,5,1214,1215,¬,halbjäh,rigen,halbjährigen,join,high,joined form occurs elsewhere in this corpus,False,2,,0,,1,,für die zukunft in halbjäh¬ || rigen Ratis nehmlich mit
6,5,1217,1218,¬,Wey,nachten,Weynachten,join,high,joined form occurs elsewhere in this corpus,False,10,,0,,4,,mit der andern zu Wey¬ || nachten jedesmal post num¬
6,5,1218,1219,¬,num,merando,nummerando,split,high,joined form unattested; both halves are real words,False,0,0,0,7209,1,5,"nachten jedesmal post num¬ || merando abgeführt, und soll"
6,5,1220,1221,¬,Erb,zniß,Erbzniß,join,high,joined form occurs elsewhere in this corpus,False,1,,32,,1,,der erste halbjährige Erb¬ || zniß erst auf Weynachten
6,5,1232,1233,¬,un,merwährende,unmerwährende,split,high,joined form unattested; both halves are real words,False,0,0,1,594768,3,0,Erbpächter jezt und auf un¬ || merwährende zeiten ohne
6,5,1234,1235,¬,Erb,zinse,Erbzinse,join,high,joined form occurs elsewhere in this corpus,False,13,,32,,1,,"allen Abzug von dem Erb¬ || zinse, oder dafür von der"
6,5,1238,1240,,dagegen,dagegen,,catchword,high,unmarked catchword: the page ends with the word the next page begins,True,,,,,,,dagegen || dagegen ist Erbpachten jezt
6,6,1247,1248,¬,Etablisse,ment,Etablissement,join,high,joined form occurs elsewhere in this corpus,False,3,,0,,2,,Erbpächtermuß sein Etablisse¬ || ment ganz auf eigene Kosten
6,6,1257,1258,¬,fehni,de,fehnide,join,high,head is not a word on its own,False,0,0,0,7,16,,auf dieser Hufe fehni¬ || de Holz ohne Ausnah¬
6,6,1258,1259,¬,Ausnah,me,Ausnahme,join,high,joined form occurs elsewhere in this corpus,False,10,,0,,3,,"de Holz ohne Ausnah¬ || me sein Eigenthum, und"
6,6,1265,1267,,auf,auf,,catchword,high,unmarked catchword: the page ends with the word the next page begins,True,,,,,,,auf || auf Brennholz oder Hütung in
6,7,1272,1273,¬,Bräu,und,Bräuund,split,high,joined form unattested; both halves are real words,False,0,5,0,39739,1506,1133103472,stetz aus dem herrschaftlichen Bräu¬ || und Brennerey oder aus dem
6,7,1276,1277,¬,einge,bracht,eingebracht,join,high,joined form occurs elsewhere in this corpus,False,2,,0,,1,,"fremdes Getränke einge¬ || bracht wird, so verfällt Erb¬"
6,7,1277,1278,¬,Erb,pächten,Erbpächten,split,high,joined form unattested; both halves are real words,False,0,0,32,217132,1,12,"bracht wird, so verfällt Erb¬ || pächten jedes mal in eine Strafe"
6,7,1294,1296,,die,die,,catchword,high,unmarked catchword: the page ends with the word the next page begins,True,,,,,,,die || die Grundherrschaft reservirt sich
6,8,1308,1309,¬,entrich,tet,entrichtet,join,high,joined form occurs elsewhere in this corpus,False,13,,0,,3,,wird kein Laudemium entrich¬ || tet.
6,8,1323,1325,,Erlaß,Erlaß,,catchword,high,unmarked catchword: the page ends with the word the next page begins,True,,,,,,,Erlaß || Erlaß von dem Erbzinse statt fin¬
6,9,1325,1326,¬,fin,den,finden,join,high,joined form occurs elsewhere in this corpus,False,9,,1,,482,,Erlaß von dem Erbzinse statt fin¬ || den.
6,9,1333,1334,¬,Hypo,tequen,Hypotequen,split,high,joined form unattested; both halves are real words,False,0,0,0,90837,1,0,Namen im Grund und Hypo¬ || tequen Buch berichtigen laßen.
6,9,1337,1338,¬,ge,samten,gesamten,join,high,joined form occurs elsewhere in this corpus,False,2,,6,,1,,die diesen Contract angehenden ge¬ || samten Kosten übernimmt Käufer
6,9,1341,1342,¬,Nach,folger,Nachfolger,join,high,joined form occurs elsewhere in this corpus,False,47,,89,,9,,so lange Erbpächter und seine Nach¬ || folger im Besitz allen in diesem
6,9,1343,1344,¬,Verbindlich,keiten,Verbindlichkeiten,join,high,joined form occurs elsewhere in this corpus,False,4,,12,,4,,"Contract enthaltenen Verbindlich¬ || keiten nachkommen werden, ver¬"
6,9,1344,1345,¬,ver,sprechen,versprechen,join,high,joined form occurs elsewhere in this corpus,False,20,,3,,4,,"keiten nachkommen werden, ver¬ || sprechen Fr: hochfürstlichen Durchlaucht,"
6,9,1353,1355,,verbleiben,verbleiben,,catchword,high,unmarked catchword: the page ends with the word the next page begins,True,,,,,,,"verbleiben || verbleiben, oder aber diese Stelle"
6,10,1356,1357,¬,Re,venien,Revenien,split,high,joined form unattested; both halves are real words,False,0,0,5,906113,1,13,"verwüsten, und dadurch die Re¬ || venien der Grundherrschaft schmä¬"
6,10,1357,1358,¬,schmä,lern,schmälern,join,high,joined form occurs elsewhere in this corpus,False,2,,0,,1,,"venien der Grundherrschaft schmä¬ || lern, so soll die Grundherrschaft"
6,10,1362,1363,¬,einge,zalten,eingezalten,split,high,joined form unattested; both halves are real words,False,0,0,0,6846,1,11,"Rechts verlüßtig, und die einge¬ || zalten EinkaufsGelder verblei¬"
6,10,1363,1364,¬,verblei,ben,verbleiben,join,high,joined form occurs elsewhere in this corpus,False,5,,0,,14,,zalten EinkaufsGelder verblei¬ || ben ein Eigenthum der Grund¬
6,10,1364,1365,¬,Grund,herrschaft,Grundherrschaft,join,high,joined form occurs elsewhere in this corpus,False,27,,44,,39,,ben ein Eigenthum der Grund¬ || herrschaft.
6,10,1367,1368,-,unverbrüch,einzuhalten,unverbrücheinzuhalten,join,high,head is not a word on its own,False,0,0,0,66,10,,"Contract fest und unverbrüch- || einzuhalten, sie entsagen"
6,10,1371,1372,-,fin,denden,findenden,join,high,joined form occurs elsewhere in this corpus,False,5,,1,,4,,"belehrt, allen dawider statt fin- || denden Ausflüchten beſonders"
6,10,1373,1374,-,vorge,fallenen,vorgefallenen,join,high,joined form occurs elsewhere in this corpus,False,6,,0,,2,,dem Einwande einer vorge- || fallenen Verlezzung über und
6,10,1381,1382,¬,Auszugfer,ligen,Auszugferligen,join,high,head is not a word on its own,False,0,0,0,0,4,,"zu Confirmiren und Auszugfer¬ || ligen, und haben sich nachge¬"
6,10,1382,1383,¬,nachge,schehenen,nachgeschehenen,join,high,head is not a word on its own,False,0,0,0,253,1,,"ligen, und haben sich nachge¬ || schehenen"
6,11,1386,1387,¬,Zei,chen,Zeichen,join,high,joined form occurs elsewhere in this corpus,False,5,,0,,9,,und pohlnischer Sprache zum Zei¬ || chen der Genehmigung nachste¬
6,11,1387,1388,¬,nachste,hend,nachstehend,join,high,joined form occurs elsewhere in this corpus,False,9,,0,,2,,chen der Genehmigung nachste¬ || hend eigenhändig unterschrie¬
6,11,1388,1389,¬,unterschrie,bei,unterschriebei,join,high,head is not a word on its own,False,0,0,0,31,65,,hend eigenhändig unterschrie¬ || bei und unterzeichnet.
6,11,1400,1401,¬,hochwohl,gebohren,hochwohlgebohren,join,high,head is not a word on its own,False,0,0,0,23,1,,Friedrich August von Triebenfeld hochwohl¬ || gebohren auf Schweinern pp. hierdurch ausd
6,11,1403,1404,¬,zuge,porigen,zugeporigen,split,high,joined form unattested; both halves are real words,False,0,0,0,3709,1,1159,e Angelegenheiten im Betreff der mir zuge¬ || porigen in Südpreußen im Kalischen Departe
6,11,1405,1406,¬,Gü,tern,Gütern,join,high,joined form occurs elsewhere in this corpus,False,12,,1,,3,,"legenen Zagorowo Wittow und Trąbczyner Gü¬ || tern, sie mögen eine Dismembration oder Ka"
6,11,1415,1417,,Regierung,Regirung,,catchword,high,unmarked catchword: the page ends with the word the next page begins,True,,,,,,,Regierung || Regirung zu Kalisch und bei
6,12,1418,1419,¬,an,zuzeigen,anzuzeigen,join,high,joined form occurs elsewhere in this corpus,False,1,,215,,1,," andern behörden zu bitten, und respet an¬ || zuzeigen, und alle andere erforderliche Ge"
6,12,1422,1423,¬,neh,men,nehmen,join,high,joined form occurs elsewhere in this corpus,False,22,,0,,10,,"zu bezalen, dergleichen in Empfang zu neh¬ || men und darüber zu quittiren, meine dasige"
6,12,1425,1426,¬,dienst,leistung,dienstleistung,join,high,joined form occurs elsewhere in this corpus,False,1,,3,,4,,"hle zu erteilen, ihr verhalten und dienst¬ || leistung zu untersuchen, und wenn er solch"
6,12,1430,1431,¬,Ange,legenheiten,Angelegenheiten,join,high,joined form occurs elsewhere in this corpus,False,2,,0,,1,,und frey bey allen Behörden und Ange¬ || legenheiten so zu handeln wie er es für gu
6,12,1433,1434,¬,Be,vollmächtigter,Bevollmächtigter,join,high,joined form occurs elsewhere in this corpus,False,17,,11,,4,,finden sollte. Was nun gedachter mein Be¬ || vollmächtigter vermöge dieses erhaltenen
6,12,1436,1437,¬,un,verbrüchlich,unverbrüchlich,join,high,joined form occurs elsewhere in this corpus,False,4,,1,,3,,"zu genehmigen und darüber dergestallt un¬ || verbrüchlich zu halten, als ob ich es selb"
6,13,1449,1450,¬,Wäp,pens,Wäppens,split,high,joined form unattested; both halves are real words,False,0,19,0,3815,1,22331,und durch Beydrückung meines Wäp¬ || pens bekräftiget. Er geschehen im Guhrwitz
6,13,1450,1451,¬,Guhrwitz,schen,Guhrwitzschen,join,high,joined form occurs elsewhere in this corpus,False,1,,1,,3,,ens bekräftiget. Er geschehen im Guhrwitz¬ || schen Justiz Amte bey Breslau den 19. Febr
6,13,1455,1456,¬,unter,schriebenen,unterschriebenen,join,high,joined form occurs elsewhere in this corpus,False,6,,67,,2,,aß Er durchlaucht der regirende dem unter¬ || schriebenen Justiz Amte von Person sehr wo
6,13,1456,1457,¬,wohlbekann,te,wohlbekannte,join,high,joined form occurs elsewhere in this corpus,False,1,,0,,13,,en Justiz Amte von Person sehr wohlbekann¬ || te und völlig Dispositions fähige Fürst un
6,13,1463,1464,¬,ge,richtete,gerichtete,join,high,joined form occurs elsewhere in this corpus,False,1,,6,,1,,ges und Forstrath Herrn v. Triebenfeld ge¬ || richtete General Vollmacht dato vor uns in
6,13,1464,1465,¬,unse,rer,unserer,join,high,joined form occurs elsewhere in this corpus,False,9,,0,,2,,"te General Vollmacht dato vor uns in unse¬ || rer zuziehung errichtet, sich zum Wörte"
6,14,1486,1487,¬,aus,gefertiget,ausgefertiget,join,high,joined form occurs elsewhere in this corpus,False,4,,86,,1,,siegels und gewöhnlichen Unterschrift aus¬ || gefertiget. Geschehen Allexandrien den 28 
7,1,1505,1506,¬,Hohen,lohe,Hohenlohe,join,high,joined form occurs elsewhere in this corpus,False,90,,1,,6,,"Pełnomocnikiem JO. Xcia Jmci Hohen¬ || lohe Ingelfingen, Wnym Wojennym"
7,1,1518,1519,¬,hie,sigen,hiesigen,join,high,joined form occurs elsewhere in this corpus,False,25,,2,,3,,"Fürsten zu Hohenlohe Ingelfingen hie¬ || sigen Erb und Gerichtsherrn, durch"
7,1,1526,1527,¬,Zustan,de,Zustande,join,high,joined form occurs elsewhere in this corpus,False,8,,0,,16,,Comparenten befinden sich in dem Zustan¬ || de gerichtliche handlungen gültig zu
7,1,1529,1530,¬,Erb,pachts,Erbpachts,join,high,joined form occurs elsewhere in this corpus,False,9,,32,,2,,und wohlbedächtig nachstehenden Erb¬ || pachts Contract zum Protocoll
7,2,1533,1534,¬,Wal,de,Walde,join,high,joined form occurs elsewhere in this corpus,False,2,,0,,16,,in dem bey Trąbczyn belegenen Wal¬ || de dem Gottlieb Sarre 1 1/2 Hufen schreibe
7,2,1538,1539,¬,die,ses,dieses,join,high,joined form occurs elsewhere in this corpus,False,93,,604,,11,,"gerechnet, wustes Land von Johanni die¬ || ses jezigen Jahres ab, auf immerwä¬"
7,2,1539,1540,¬,immerwä,rende,immerwärende,join,high,head is not a word on its own,False,0,0,0,0,2,,"ses jezigen Jahres ab, auf immerwä¬ || rende Zeiten in Erbpacht."
7,2,1541,1542,¬,Mag,deburgisch,Magdeburgisch,join,high,joined form occurs elsewhere in this corpus,False,19,,3,,5,,"er Gottlieb Sarre zahlet für die Hufe Mag¬ || deburgisch 100 rt. schreibe Einhundert,"
7,2,1551,1552,¬,Be,sitze,Besitze,join,high,joined form occurs elsewhere in this corpus,False,16,,11,,2,,für sich und seine Nachfolger im Be¬ || sitze dieser Stelle verbindlich von
7,3,1566,1567,¬,be,richtiget,berichtiget,join,high,joined form occurs elsewhere in this corpus,False,8,,11,,2,,zur herrschaftlichen Casse be¬ || richtiget.
7,3,1575,1576,¬,schrei,be,schreibe,join,high,joined form occurs elsewhere in this corpus,False,49,,0,,11,,Johanni 1809 mit 22 rt 12 gg schrei¬ || be zwey und zwanzig Reichstha¬
7,3,1576,1577,¬,Reichstha,ler,Reichsthaler,join,high,joined form occurs elsewhere in this corpus,False,38,,0,,6,,"be zwey und zwanzig Reichstha¬ || ler, zwölf gute groschen er¬"
7,3,1577,1578,¬,er,legt,erlegt,join,high,joined form occurs elsewhere in this corpus,False,11,,57,,2,,"ler, zwölf gute groschen er¬ || legt werden muß."
7,3,1582,1584,,ist,ist,,catchword,high,unmarked catchword: the page ends with the word the next page begins,True,,,,,,,"ist || ist, es mag daßelbe viel oder wenig"
7,4,1585,1586,¬,die,ses,dieses,join,high,joined form occurs elsewhere in this corpus,False,93,,604,,11,,"betragen, wird von Johanni ab die¬ || ses Jahres verzinset, in dem sich"
7,5,1606,1607,¬,ver,bleibet,verbleibet,join,high,joined form occurs elsewhere in this corpus,False,1,,3,,3,,"Das abzuzahlende Capital ver¬ || bleibet, ein Eigenthum der Grund¬"
7,5,1607,1608,¬,Grund,herrschaft,Grundherrschaft,join,high,joined form occurs elsewhere in this corpus,False,27,,44,,39,,"bleibet, ein Eigenthum der Grund¬ || herrschaft, und findet diese Ab¬"
7,5,1608,1609,¬,Ab,lösung,Ablösung,join,high,joined form occurs elsewhere in this corpus,False,3,,16,,1,,"herrschaft, und findet diese Ab¬ || lösung des Erbzinses nur in Absicht"
7,5,1610,1611,¬,häl,fte,hälfte,join,high,joined form occurs elsewhere in this corpus,False,41,,0,,1,,"der ersten hälfte statt, die zweite häl¬ || fte mit funfzehen Reichsthaler"
7,5,1613,1614,¬,ver,mindert,vermindert,join,high,joined form occurs elsewhere in this corpus,False,2,,3,,3,,"und kann nie erhöhet, oder ver¬ || mindert werden."
7,5,1617,1618,¬,künf,tigen,künftigen,join,high,joined form occurs elsewhere in this corpus,False,9,,0,,3,,nimmt Erbpächter für jezt und künf¬ || tigen Zeiten immer wärend die
7,5,1619,1620,¬,tref,fende,treffende,join,high,"joined form attested in DWDS (309,879 hits)",False,0,309879,1,,1,,auf diese anderthalb hufen tref¬ || fende gehauenten Königlichen und
7,5,1630,1632,,hiezu,hiezu,,catchword,high,unmarked catchword: the page ends with the word the next page begins,True,,,,,,,"hiezu || hiezu weder jezt, noch in die Zukunft"
7,6,1635,1636,¬,ge,sammte,gesammte,join,high,joined form occurs elsewhere in this corpus,False,1,,6,,1,,anderthalb hufen befindliche ge¬ || sammte Holtz ohne Ausnahme ei¬
7,6,1636,1637,¬,ei,genthümlich,eigenthümlich,join,high,joined form occurs elsewhere in this corpus,False,11,,1,,2,,sammte Holtz ohne Ausnahme ei¬ || genthümlich.
7,6,1646,1647,¬,herrschaftli,chen,herrschaftlichen,join,high,joined form occurs elsewhere in this corpus,False,12,,0,,9,,oder Hütung in denen herrschaftli¬ || chen Wäldern und Feldern
7,6,1652,1654,,Wenn,Wenn,,catchword,high,unmarked catchword: the page ends with the word the next page begins,True,,,,,,,Wenn || Wenn durch ihn oder seine Leute frem¬
7,7,1654,1655,¬,frem,des,fremdes,join,high,joined form occurs elsewhere in this corpus,False,4,,0,,272,,Wenn durch ihn oder seine Leute frem¬ || des Geträncke eingebracht wird
7,7,1657,1658,¬,Funf,Reichsthaler,FunfReichsthaler,join,high,head is not a word on its own,False,0,0,0,557,38,,mahl in eine Straffe von Funf¬ || Reichsthaler für jede Tonne Bier¬
7,7,1658,1659,¬,Bier,und,Bierund,split,high,joined form unattested; both halves are real words,False,0,40,18,1677278,1506,1133103472,Reichsthaler für jede Tonne Bier¬ || und einen Reichsthaler für je¬
7,7,1659,1660,¬,je,den,jeden,join,high,joined form occurs elsewhere in this corpus,False,31,,1,,482,,"und einen Reichsthaler für je¬ || den Garniec Brandtwein, welche"
7,7,1665,1666,¬,an,weiset,anweiset,join,high,"joined form attested in DWDS (1,074,664 hits)",False,0,1074664,215,,1,,"wo die Gutsherrschaft ihn an¬ || weiset, sein Getreide mahlen"
7,7,1671,1672,¬,je,doch,jedoch,join,high,joined form occurs elsewhere in this corpus,False,59,,1,,8,,"immer gänzlich befreyet, je¬ || doch bleibet derselbe der Jurisdic"
7,7,1673,1674,¬,un,terworden,unterworden,split,high,joined form unattested; both halves are real words,False,0,60,1,594768,1,0,tions des hiesigen Dominy un¬ || terworden.
7,8,1681,1682,¬,ei,nem,einem,join,high,joined form occurs elsewhere in this corpus,False,15,,1,,2,,veräußern es muß aber bei ei¬ || nem jedesmahligen Verkauf oder
7,8,1685,1686,¬,Veräuße,rung,Veräußerung,join,high,"joined form attested in DWDS (117,459 hits)",False,0,117459,0,,4,,"dieser der Consens zu jeder Veräuße¬ || rung eingeholet werden, in dem sich"
7,8,1692,1693,¬,je,de,jede,join,high,joined form occurs elsewhere in this corpus,False,43,,1,,16,,"Nachfolger im Besitz auf alle und je¬ || de Remissionen bei Unglücksfällen, sel¬"
7,8,1693,1694,¬,sel,bige,selbige,join,high,joined form occurs elsewhere in this corpus,False,13,,1,,1,,"de Remissionen bei Unglücksfällen, sel¬ || bige mögen durch Feuer von Himmel"
7,8,1696,1697,¬,Ueber,schwemmung,Ueberschwemmung,join,high,joined form occurs elsewhere in this corpus,False,1,,3,,2,,"Mißwachs Viehsterben, Ueber¬ || schwemmung, Krieg und Pest, oder"
7,8,1701,1702,¬,we,der,weder,join,high,joined form occurs elsewhere in this corpus,False,20,,1,,698,,und soll bei eintretenden Fällen we¬ || der eine Bonification nach Er
7,8,1703,1705,,laß,laß,,catchword,high,unmarked catchword: the page ends with the word the next page begins,True,,,,,,,laß || laß von dem Erbzinse statt
7,9,1715,1716,¬,be,richtigen,berichtigen,join,high,joined form occurs elsewhere in this corpus,False,23,,11,,7,,sein Besitz titul für sich zu be¬ || richtigen laßen kann
7,9,1720,1721,¬,Ver,bindlichkeiten,Verbindlichkeiten,join,high,joined form occurs elsewhere in this corpus,False,4,,3,,3,,diesem Contract enthaltenen Ver¬ || bindlichkeiten nachkommen wer¬
7,9,1721,1722,¬,wer,den,werden,join,high,joined form occurs elsewhere in this corpus,False,143,,0,,482,,"bindlichkeiten nachkommen wer¬ || den, versprechen Sr Hochfürstlichen"
7,9,1725,1727,,und,und,,catchword,high,unmarked catchword: the page ends with the word the next page begins,True,,,,,,,und || und gegen jedermanns real Anspruch
7,10,1728,1729,¬,Erb,pächter,Erbpächter,join,high,joined form occurs elsewhere in this corpus,False,85,,32,,46,,"zu vertreten, Sollte aber Erb¬ || pächter oder deßen Nachfolger mit"
7,10,1739,1740,¬,einge,zahlten,eingezahlten,join,high,"joined form attested in DWDS (39,065 hits)",False,0,39065,0,,1,,seines ganzen Rechts und einge¬ || zahlten Einkaufs Geldes ver¬
7,10,1740,1741,¬,ver,lustig,verlustig,join,high,joined form occurs elsewhere in this corpus,False,4,,3,,1,,zahlten Einkaufs Geldes ver¬ || lustig
7,10,1743,1744,¬,un,verbrüchlich,unverbrüchlich,join,high,joined form occurs elsewhere in this corpus,False,4,,1,,3,,"Erbpachts Contract fest und un¬ || verbrüchlich einzuhalten, sie"
7,10,1747,1749,,statt,statt,,catchword,high,unmarked catchword: the page ends with the word the next page begins,True,,,,,,,"statt || statt findenden Ausflüchten,"
7,11,1754,1755,¬,ver,abredeter,verabredeter,join,high,joined form occurs elsewhere in this corpus,False,1,,3,,1,,"Furcht, Zwangs anders ver¬ || abredeter, als verschrie¬"
7,11,1755,1756,¬,verschrie,bener,verschriebener,join,high,joined form occurs elsewhere in this corpus,False,3,,0,,4,,"abredeter, als verschrie¬ || bener oder nicht recht verstan¬"
7,11,1756,1757,¬,verstan,dener,verstandener,join,high,joined form occurs elsewhere in this corpus,False,1,,0,,3,,"bener oder nicht recht verstan¬ || dener Sachen, sie tragen an¬"
7,11,1757,1758,¬,an,diesen,andiesen,split,high,joined form unattested; both halves are real words,False,0,34,215,203629291,52,216259470,"dener Sachen, sie tragen an¬ || diesen Contract gerichtlich aus¬"
7,11,1758,1759,¬,aus,zufertigen,auszufertigen,join,high,"joined form attested in DWDS (10,917 hits)",False,0,10917,86,,2,,"diesen Contract gerichtlich aus¬ || zufertigen, und haben sich"
7,11,1772,1774,,przy,przycisnieniem,,catchword,high,unmarked catchword: the page ends with the word the next page begins,True,,,,,,,przy || przycisnieniem Sądowey Pieczęci
7,12,1777,1778,¬,Zagurow,skiey,Zagurowskiey,join,high,head is not a word on its own,False,0,0,0,0,1,,Sąd Patrimonialny Maiętnosći Zagurow¬ || skiey
8,1,1788,1789,¬,Erbpachts,Contract,ErbpachtsContract,split,high,joined form unattested; both halves are real words,False,0,0,9,0,99,5186,"andrer Seits, nachstehender Erbpachts¬ || Contract, über eine hufe Magdebur¬"
8,1,1789,1790,¬,Magdebur,gisch,Magdeburgisch,join,high,joined form occurs elsewhere in this corpus,False,19,,1,,4,,"Contract, über eine hufe Magdebur¬ || gisch, Land im Trąbczyner Walde be¬"
8,1,1790,1791,¬,be,legen,belegen,join,high,joined form occurs elsewhere in this corpus,False,6,,11,,5,,"gisch, Land im Trąbczyner Walde be¬ || legen, geschlossen, und bei uns ge¬"
8,1,1791,1792,¬,ge,richtlich,gerichtlich,join,high,joined form occurs elsewhere in this corpus,False,16,,6,,1,,"legen, geschlossen, und bei uns ge¬ || richtlich verlautbart worden."
8,1,1794,1795,¬,unter,schriebener,unterschriebener,join,high,joined form occurs elsewhere in this corpus,False,3,,67,,4,,"Es erschienen, die denn unter¬ || schriebener Justitiario genau¬"
8,1,1795,1796,¬,genau,bekannte,genaubekannte,split,high,joined form unattested; both halves are real words,False,0,0,2,16551436,6,12247027,"schriebener Justitiario genau¬ || bekannte Personen, als"
8,1,1797,1798,¬,Rath,v,Rathv,split,high,joined form unattested; both halves are real words,False,0,0,45,107313,96,2232952,"1., Herr Krieges und Forst Rath¬ || v Triebenfeld als General"
8,1,1799,1800,¬,Durch,laucht,Durchlaucht,join,high,joined form occurs elsewhere in this corpus,False,130,,84,,18,,Bevollmächtigter Sr. Durch¬ || laucht des regierenden
8,1,1801,1802,¬,Hohen,lohe,Hohenlohe,join,high,joined form occurs elsewhere in this corpus,False,90,,1,,6,,"Herrn Fürsten zu Hohen¬ || lohe Ingelfingen, hiesigen"
8,1,1804,1805,¬,Voll,macht,Vollmacht,join,high,joined form occurs elsewhere in this corpus,False,24,,0,,18,,durch beiliegende Voll¬ || macht legitimirt einer
8,1,1808,1809,¬,Szyma,nowicer,Szymanowicer,join,high,head is not a word on its own,False,0,0,0,50,1,,"Friedenberger aus Szyma¬ || nowicer hauland, an¬"
8,1,1809,1810,¬,an,derer,anderer,join,high,joined form occurs elsewhere in this corpus,False,7,,215,,12,,"nowicer hauland, an¬ || derer theils."
8,1,1815,1816,¬,frey,wil,freywil,split,high,joined form unattested; both halves are real words,False,0,0,36,329964,1,120951,und declariren frey¬ || wil
8,2,1819,1820,¬,Erbpachts,Contract,ErbpachtsContract,split,high,joined form unattested; both halves are real words,False,0,0,9,0,99,5186,nachstehenden Erbpachts¬ || Contract zum Protocoll.
8,2,1824,1825,¬,Frieden,berger,Friedenberger,join,high,joined form occurs elsewhere in this corpus,False,7,,0,,1,,dem Christian Frieden¬ || berger eine Hufe schreibe
8,2,1828,1829,¬,Mor,gen,Morgen,join,high,joined form occurs elsewhere in this corpus,False,46,,0,,40,,die Hufe und jeder Mor¬ || gen zu Einhundert und
8,2,1831,1832,¬,Trąbczy,ner,Trąbczyner,join,high,joined form occurs elsewhere in this corpus,False,14,,0,,5,,"gerechnet, um Trąbczy¬ || ner Walde belegen"
8,2,1851,1853,,macht,macht,,catchword,high,unmarked catchword: the page ends with the word the next page begins,True,,,,,,,macht || macht sich hiedurch für
8,3,1859,1860,¬,schrei,be,schreibe,join,high,joined form occurs elsewhere in this corpus,False,49,,0,,11,,dreyßig Rthaler schrei¬ || be dreyßig Rthaler
8,3,1861,1862,¬,Domi,nium,Dominium,join,high,joined form occurs elsewhere in this corpus,False,5,,0,,2,,an das hiesige Domi¬ || nium zu bezahlen und
8,3,1866,1867,¬,Way,nachten,Waynachten,join,high,joined form occurs elsewhere in this corpus,False,2,,0,,4,,einen hälfte im Way¬ || nachten und mit der
8,3,1874,1875,¬,unur,baren,unurbaren,join,high,joined form occurs elsewhere in this corpus,False,2,,0,,2,,Von dem ganz unur¬ || baren Acker er¬
8,3,1875,1876,¬,er,hält,erhält,join,high,joined form occurs elsewhere in this corpus,False,14,,57,,7,,baren Acker er¬ || hält Erbpächter drey
8,3,1878,1879,¬,ver,flossenen,verflossenen,join,high,"joined form attested in DWDS (19,429 hits)",False,0,19429,3,,1,,von Martini des ver¬ || flossenen Jahres an¬
8,3,1879,1880,¬,an,fangen,anfangen,join,high,joined form occurs elsewhere in this corpus,False,2,,215,,1,,flossenen Jahres an¬ || fangen und auf
8,3,1883,1884,¬,Erb,zinß,Erbzinß,join,high,joined form occurs elsewhere in this corpus,False,24,,32,,7,,halbjährige Erb¬ || zinß auf Way¬
8,3,1884,1885,¬,Way,machten,Waymachten,split,high,joined form unattested; both halves are real words,False,0,0,0,364943,1,67278827,zinß auf Way¬ || machten 1809 mit 15 rt
8,4,1900,1901,¬,ver,zinset,verzinset,join,high,joined form occurs elsewhere in this corpus,False,2,,3,,1,,"dieses Jahres ver¬ || zinset, indem sich"
8,4,1909,1910,¬,denfest,gesagten,denfestgesagten,join,high,head is not a word on its own,False,0,0,0,0,1,,"es frey, denfest¬ || gesagten Erbzinß"
8,4,1919,1920,-,hun,dert,hundert,join,high,joined form occurs elsewhere in this corpus,False,45,,0,,7,,"wo ihm, denn für jede hun- || dert Rthaler fünf Rthaler von"
8,4,1921,1923,,dem,dem,,catchword,high,unmarked catchword: the page ends with the word the next page begins,True,,,,,,,dem || dem Erbgieße jährlich
8,5,1925,1926,¬,ab,zugühlende,abzugühlende,split,high,joined form unattested; both halves are real words,False,0,0,16,49097723,1,0,"werden, das ab¬ || zugühlende Capital"
8,5,1927,1928,¬,Eigen,thum,Eigenthum,join,high,joined form occurs elsewhere in this corpus,False,17,,1,,1,,verbleibt ein Eigen¬ || thum der Grund¬
8,5,1928,1929,¬,Grund,herrschaft,Grundherrschaft,join,high,joined form occurs elsewhere in this corpus,False,27,,44,,39,,thum der Grund¬ || herrschaft und fin¬
8,5,1929,1930,¬,fin,det,findet,join,high,joined form occurs elsewhere in this corpus,False,5,,1,,1,,herrschaft und fin¬ || det diese Ablösung
8,5,1938,1939,¬,er,höhet,erhöhet,join,high,joined form occurs elsewhere in this corpus,False,6,,57,,2,,und könne nie er¬ || höhet oder ver¬
8,5,1939,1940,¬,ver,mindert,vermindert,join,high,joined form occurs elsewhere in this corpus,False,2,,3,,3,,höhet oder ver¬ || mindert werden.
8,6,1966,1967,¬,er,hält,erhält,join,high,joined form occurs elsewhere in this corpus,False,14,,57,,7,,"sonstige Bauhelfe er¬ || hält, jedoch gehört, ihm"
8,6,1970,1971,¬,ei,genthümlich,eigenthümlich,join,high,joined form occurs elsewhere in this corpus,False,11,,1,,2,,holz ohne Ausnahme ei¬ || genthümlich.
8,6,1975,1976,¬,Repa,raturen,Reparaturen,join,high,joined form occurs elsewhere in this corpus,False,2,,0,,1,,"alle künftige Repa¬ || raturen, und neue"
8,6,1979,1980,¬,bewür,ken,bewürken,join,high,joined form occurs elsewhere in this corpus,False,4,,0,,4,,oder hülfe bewür¬ || ken
8,6,1982,1983,¬,be,sezzung,besezzung,join,high,joined form occurs elsewhere in this corpus,False,1,,11,,1,,Ausserhalb seiner be¬ || sezzung hat Erbkäich
8,6,1992,1994,,der,der,,catchword,high,unmarked catchword: the page ends with the word the next page begins,True,,,,,,,der || der herrschaftlichen Braue¬
8,7,1994,1995,¬,Braue,rey,Brauerey,join,high,joined form occurs elsewhere in this corpus,False,4,,0,,1,,der herrschaftlichen Braue¬ || rey und Brennerey
8,7,2006,2007,¬,Brandt,wein,Brandtwein,join,high,joined form occurs elsewhere in this corpus,False,11,,1,,5,,"jeden Garniec Brandt¬ || wein, welche Strafe"
8,8,2042,2043,¬,derschimmt,oder,derschimmtoder,join,high,head is not a word on its own,False,0,0,0,0,161,,groschen derschimmt¬ || oder Tausch Gelder
8,8,2045,2046,¬,Grundherr,um,Grundherrum,split,high,joined form unattested; both halves are real words,False,0,0,3,15478,35,141016045,die Grundherr¬ || um
8,8,2048,2049,¬,Cons,ens,Consens,join,high,joined form occurs elsewhere in this corpus,False,13,,0,,1,,nen dieser der Cons¬ || ens zu jeder Ver¬
8,8,2049,2050,¬,Ver,,,orphan,high,nothing to continue into - the next line holds no words,False,0,,0,,0,,ens zu jeder Ver¬ || 3
8,8,2062,2063,¬,Un,glüks,Unglüks,split,high,joined form unattested; both halves are real words,False,0,0,1,594768,1,14,Remissionen bei Un¬ || glüks
8,8,2063,2065,,glüks,glüksfällen,,catchword,high,unmarked catchword: the page ends with the word the next page begins,True,,,,,,,"glüks || glüksfällen, selbige"
8,9,2070,2071,¬,Vieh,sterben,Viehsterben,join,high,joined form occurs elsewhere in this corpus,False,4,,9,,3,,"Mißwachs, Vieh¬ || sterben, Ueber"
8,9,2083,2084,¬,fin,den,finden,join,high,joined form occurs elsewhere in this corpus,False,9,,1,,482,,Erbgieße statt fin¬ || den.
8,9,2089,2090,¬,be,richtigen,berichtigen,join,high,joined form occurs elsewhere in this corpus,False,23,,11,,7,,ErbPächter zu be¬ || richtigen.
8,10,2106,2107,¬,Ver,bindlichkeiten,Verbindlichkeiten,join,high,joined form occurs elsewhere in this corpus,False,4,,3,,3,,enthaltenen Ver¬ || bindlichkeiten nach¬
8,10,2107,2108,¬,nach,kommen,nachkommen,join,high,joined form occurs elsewhere in this corpus,False,10,,89,,20,,bindlichkeiten nach¬ || kommen werden
8,10,2115,2116,¬,ver,treten,vertreten,join,high,joined form occurs elsewhere in this corpus,False,11,,3,,2,,Anspruche zu ver¬ || treten.
8,10,2117,2118,¬,ErbPäch,ter,ErbPächter,join,high,joined form occurs elsewhere in this corpus,False,85,,0,,15,,Sollte aber ErbPäch¬ || ter oder dessen
8,10,2120,2121,¬,Erb,zinsen,Erbzinsen,join,high,joined form occurs elsewhere in this corpus,False,5,,32,,23,,dem jährlichen Erb¬ || zinsen länger als
8,10,2129,2130,¬,Grund,herrschaft,Grundherrschaft,join,high,joined form occurs elsewhere in this corpus,False,27,,44,,39,,so soll die Grund¬ || herrschaft berech¬
8,10,2130,2131,¬,berech,tiget,berechtiget,join,high,joined form occurs elsewhere in this corpus,False,4,,0,,3,,"herrschaft berech¬ || tiget seyn, diese"
8,10,2133,2134,¬,Erb,Pächter,ErbPächter,join,high,joined form occurs elsewhere in this corpus,False,85,,32,,46,,ausguethung und gehet Erb¬ || Pächter seines ganzen
8,10,2135,2137,,Rech,Rechts,,catchword,high,unmarked catchword: the page ends with the word the next page begins,True,,,,,,,Rech || Rechts und eingepachten
8,11,2140,2141,¬,ver,sprechen,versprechen,join,high,joined form occurs elsewhere in this corpus,False,20,,3,,4,,beide Theile ver¬ || sprechen diesem
8,11,2143,2144,¬,unverbrach,lich,unverbrachlich,join,high,head is not a word on its own,False,0,0,0,0,20,,"fest und unverbrach¬ || lich einzuhalten, sie"
8,11,2147,2148,¬,dan,wider,danwider,split,high,joined form unattested; both halves are real words,False,0,0,0,367697,10,0,"belehrt, allen dan¬ || wider statt fin¬"
8,11,2148,2149,¬,fin,denden,findenden,join,high,joined form occurs elsewhere in this corpus,False,5,,1,,4,,"wider statt fin¬ || denden Ausflüchten,"
8,11,2150,2151,¬,Ein,wande,Einwande,join,high,joined form occurs elsewhere in this corpus,False,10,,95,,3,,besonders dem Ein¬ || wande einer vor¬
8,11,2151,2152,¬,vor,gefallenen,vorgefallenen,join,high,joined form occurs elsewhere in this corpus,False,6,,43,,1,,wande einer vor¬ || gefallenen Ver¬
8,11,2152,2153,¬,Ver,leggung,Verleggung,join,high,joined form occurs elsewhere in this corpus,False,1,,3,,1,,gefallenen Ver¬ || leggung über und
8,11,2155,2156,¬,Ueber,redung,Ueberredung,join,high,joined form occurs elsewhere in this corpus,False,5,,3,,5,,"der listigen Ueber¬ || redung, furcht, zwangs"
8,11,2157,2158,¬,verabge,redeber,verabgeredeber,split,high,joined form unattested; both halves are real words,False,0,0,1,0,1,0,"anders verabge¬ || redeber, als ver¬"
8,11,2158,2159,¬,ver,schriebener,verschriebener,join,high,joined form occurs elsewhere in this corpus,False,3,,3,,4,,"redeber, als ver¬ || schriebener oder"
8,11,2160,2161,¬,verstan,dener,verstandener,join,high,joined form occurs elsewhere in this corpus,False,1,,0,,3,,nicht recht verstan¬ || dener Sachen
8,11,2164,2165,¬,auszu,fertigen,auszufertigen,join,high,"joined form attested in DWDS (10,917 hits)",False,0,10917,0,,3,,gerichtlich auszu¬ || fertigen und
8,11,2170,2172,,nach,nachstehend,,catchword,high,unmarked catchword: the page ends with the word the next page begins,True,,,,,,,nach || nachstehend eigen¬
8,12,2172,2173,¬,eigen,händig,eigenhändig,join,high,joined form occurs elsewhere in this corpus,False,17,,1,,4,,nachstehend eigen¬ || händig unterschrie¬
8,12,2173,2174,¬,unterschrie,ben,unterschrieben,join,high,joined form occurs elsewhere in this corpus,False,21,,0,,14,,"händig unterschrie¬ || ben, und unter"
8,12,2192,2193,¬,Be,tref,Betref,join,high,joined form occurs elsewhere in this corpus,False,1,,11,,1,,jede Angelegenheiten im Be¬ || tref der mir zugehörigen
8,12,2195,2196,¬,Zago,rower,Zagorower,join,high,joined form occurs elsewhere in this corpus,False,1,,0,,1,,"Departement belegenen Zago¬ || rower, Wittow und Trąbczyner"
8,12,2204,2205,¬,be,Sar,beSar,join,high,"joined form attested in DWDS (3,191 hits)",False,0,3191,11,,1,,gerichtlich als aussergerichtlich zu be¬ || Sar
8,13,2208,2209,¬,Ver,haltungs,Verhaltungs,join,high,joined form occurs elsewhere in this corpus,False,2,,3,,1,,"Approbationen oder Ver¬ || haltungs befehle sowohl, als"
8,13,2221,2222,¬,be,sorgen,besorgen,join,high,joined form occurs elsewhere in this corpus,False,2,,11,,2,,"Geschäfte für mich zu be¬ || sorgen, sich mit denen"
8,13,2233,2234,¬,ein,tersuchen,eintersuchen,split,high,joined form unattested; both halves are real words,False,0,0,95,0,1,34,und Dienstleistung zu ein¬ || tersuchen und wenn er
8,13,2241,2243,,Schränkt,schränkt,,catchword,high,unmarked catchword: the page ends with the word the next page begins,True,,,,,,,Schränkt || schränkt und frey bei allen
8,14,2244,2245,¬,Angelegen,heiten,Angelegenheiten,join,high,joined form occurs elsewhere in this corpus,False,2,,0,,2,,"behörden und Angelegen¬ || heiten so zu handeln, wie"
8,14,2250,2251,¬,ver,möge,vermöge,join,high,joined form occurs elsewhere in this corpus,False,2,,3,,3,,bevollmächtigter ver¬ || möge dieses erhaltenen
8,14,2252,2253,¬,ver,spreche,verspreche,join,high,joined form occurs elsewhere in this corpus,False,3,,3,,1,,"Auftränger thun wird, ver¬ || spreche ich hiedurch zu geneh¬"
8,14,2253,2254,¬,geneh,migen,genehmigen,join,high,joined form occurs elsewhere in this corpus,False,4,,0,,1,,spreche ich hiedurch zu geneh¬ || migen und darüber der¬
8,14,2254,2255,¬,der,gestallt,dergestallt,join,high,joined form occurs elsewhere in this corpus,False,1,,698,,1,,migen und darüber der¬ || gestallt unverbruchlich
8,14,2258,2259,¬,ver,bindlich,verbindlich,join,high,joined form occurs elsewhere in this corpus,False,12,,3,,5,,"mache ich mich auch ver¬ || bindlich, meinen Herrn"
8,14,2269,2270,¬,sa,be,sabe,split,high,joined form unattested; both halves are real words,False,0,771,0,1362125,11,105863,dessen zu Urkund sa¬ || be ich diesen General
8,15,2281,2282,¬,regie,rende,regierende,join,high,joined form occurs elsewhere in this corpus,False,5,,0,,2,,Daß Sr Durchlaucht der regie¬ || rende dem unterschriebenen
8,15,2285,2286,¬,Fürst,und,Fürstund,split,high,joined form unattested; both halves are real words,False,0,0,28,391074,1506,1133103472,"dispositions fähige Fürst¬ || und Herr, General der Infan¬"
8,15,2286,2287,¬,Infan,terie,Infanterie,join,high,joined form occurs elsewhere in this corpus,False,10,,0,,1,,"und Herr, General der Infan¬ || terie, Cheff eines Regiments"
8,15,2295,2296,¬,Forst,Rath,ForstRath,join,high,joined form occurs elsewhere in this corpus,False,12,,37,,45,,Königl. Krieges und Forst¬ || Rath Herrn v. Trieben¬
8,15,2296,2297,¬,Trieben,feld,Triebenfeld,join,high,joined form occurs elsewhere in this corpus,False,46,,0,,14,,Rath Herrn v. Trieben¬ || feld gerichtete General
8,15,2300,2301,¬,wort,lichen,wortlichen,join,high,"joined form attested in DWDS (1,559 hits)",False,0,1559,5,,16,,"errichtet, sich zum wort¬ || lichen Inhalt derselben"
8,16,2308,2309,¬,unterschrie,ben,unterschrieben,join,high,joined form occurs elsewhere in this corpus,False,21,,0,,14,,"eigenthümlich unterschrie¬ || ben und besiegelt haben,"
8,16,2311,2312,¬,fi,dem,fidem,join,high,joined form occurs elsewhere in this corpus,False,1,,0,,363,,Protocolli de hodicano in fi¬ || dem puplicam attestiret.
8,16,2328,2329,¬,Depar,fement,Deparfement,join,high,head is not a word on its own,False,0,0,0,18,1,,im Kalischen Cammer Depar¬ || fement und dessen Koninschen
8,17,2339,2340,¬,Grund,stücken,Grundstücken,join,high,"joined form attested in DWDS (2,001,029 hits)",False,0,2001029,44,,1,,nebst den Herrschaftl. Grund¬ || stücken zu Marianton über
8,17,2353,2354,¬,in,gleichen,ingleichen,join,high,joined form occurs elsewhere in this corpus,False,1,,377,,7,,Swięcia und Broniki in¬ || gleichen die zur Herrschaft
8,17,2355,2356,¬,Vor,werkern,Vorwerkern,split,high,joined form unattested; both halves are real words,False,0,840,43,105411485,1,96,"Trąbczyn gehörigen Vor¬ || werkern, Nowawies, Przy¬"
8,17,2356,2357,¬,Przy,bislaw,Przybislaw,split,high,joined form unattested; both halves are real words,False,0,0,2,95,1,10,"werkern, Nowawies, Przy¬ || bislaw, Stara Hutta und"
8,17,2360,2361,¬,dorf,Olesnice,dorfOlesnice,split,high,joined form unattested; both halves are real words,False,0,0,11,3257436,1,17,"B. das Vorwerk und dorf¬ || Olesnice ingleichen, das"
8,17,2362,2363,¬,Szetle,wek,Szetlewek,join,high,joined form occurs elsewhere in this corpus,False,3,,0,,1,,Vorwerk und darf Szetle¬ || wek vererbpachten
8,17,2370,2372,,der,der,,catchword,high,unmarked catchword: the page ends with the word the next page begins,True,,,,,,,der || der Nüglichkeit dieses Ver¬
8,18,2372,2373,¬,Ver,habens,Verhabens,split,high,joined form unattested; both halves are real words,False,0,0,3,0,1,11371,der Nüglichkeit dieses Ver¬ || habens und der Uns und
8,18,2374,2375,¬,ge,leisteten,geleisteten,join,high,"joined form attested in DWDS (253,966 hits)",False,0,253966,6,,2,,"Unserm Königl. Hause ge¬ || leisteten, und noch zu"
8,18,2379,2380,¬,In,gelfingen,Ingelfingen,join,high,joined form occurs elsewhere in this corpus,False,49,,377,,2,,"fürsten, zu Hohenlohe In¬ || gelfingen Unsers Generals"
8,18,2381,2382,¬,Gou,verneurs,Gouverneurs,join,high,"joined form attested in DWDS (280,212 hits)",False,0,280212,0,,1,,der Infanterie und Gou¬ || verneurs von Breslau mit
8,18,2395,2396,¬,Entschä,digung,Entschädigung,join,high,joined form occurs elsewhere in this corpus,False,8,,0,,1,,bewilligende Entschä¬ || digung näher bestimmt
8,19,2425,2426,¬,her,stellen,herstellen,join,high,"joined form attested in DWDS (3,210,784 hits)",False,0,3210784,0,,9,,Kosten wieder her¬ || stellen muß.
8,20,2436,2437,¬,vorgeschrie,benen,vorgeschriebenen,join,high,"joined form attested in DWDS (320,937 hits)",False,0,320937,0,,2,,"Cassen, in der vorgeschrie¬ || benen Terminen, abgeführt"
8,20,2443,2444,¬,wer,den,werden,join,high,joined form occurs elsewhere in this corpus,False,143,,0,,482,,Forsten eingetragen wer¬ || den
8,20,2449,2450,¬,reser,virten,reservirten,split,high,joined form unattested; both halves are real words,False,0,0,1,783,2,7,der dismembration reser¬ || virten Fürsten im Hg¬
8,20,2450,2451,¬,Hg,pothequen,Hgpothequen,split,high,joined form unattested; both halves are real words,False,0,0,0,45949,1,0,"virten Fürsten im Hg¬ || pothequen, auch einge¬"
8,20,2451,2452,¬,einge,tragen,eingetragen,join,high,joined form occurs elsewhere in this corpus,False,8,,0,,13,,"pothequen, auch einge¬ || tragen und solcherge¬"
8,20,2452,2453,¬,solcherge,stellt,solchergestellt,join,high,head is not a word on its own,False,0,0,0,0,1,,tragen und solcherge¬ || stellt sichergestellt wer¬
8,20,2453,2454,¬,wer,den,werden,join,high,joined form occurs elsewhere in this corpus,False,143,,0,,482,,"stellt sichergestellt wer¬ || den, wogegen wir"
8,20,2462,2463,¬,unzu,müglich,unzumüglich,join,high,head is not a word on its own,False,0,0,0,457,1,,holzungs Rechte unzu¬ || müglich befunden werden
8,20,2464,2466,,soll,sollten,,catchword,high,unmarked catchword: the page ends with the word the next page begins,True,,,,,,,"soll || sollten, dafür eine Ent¬"
8,21,2466,2467,¬,Ent,schädigung,Entschädigung,join,high,joined form occurs elsewhere in this corpus,False,8,,0,,1,,"sollten, dafür eine Ent¬ || schädigung durch einen"
8,21,2476,2477,¬,Do,mainen,Domainen,join,high,joined form occurs elsewhere in this corpus,False,3,,15,,1,,Unserer Krieges und Do¬ || mainen kammer mus¬
8,21,2477,2478,¬,mus,fertigen,musfertigen,split,high,joined form unattested; both halves are real words,False,0,0,0,41892,3,1282203,"mainen kammer mus¬ || fertigen lassen, und"
8,21,2491,2492,¬,Zago,rowo,Zagorowo,join,high,joined form occurs elsewhere in this corpus,False,11,,0,,1,,der herrschaften Zago¬ || rowo und Trąbczyn.
8,21,2495,2496,¬,gleich,lau,gleichlau,split,high,joined form unattested; both halves are real words,False,0,11,10,18087529,0,167012,praevia Collatione gleich¬ || lau¬
8,21,2496,2498,¬,lau,lautend,laulautend,catchword,high,fragment repeats the next page opening,True,0,,0,,3,,lau¬ || lautend befunden wor¬
8,22,2498,2499,¬,wor,den,worden,join,high,joined form occurs elsewhere in this corpus,False,52,,1,,482,,"lautend befunden wor¬ || den, solches wird sie"
8,22,2500,2501,¬,attesti,ret,attestiret,join,high,joined form occurs elsewhere in this corpus,False,5,,0,,1,,durch glaubhaft attesti¬ || ret
8,22,2519,2520,¬,Ingelfin,gen,Ingelfingen,join,high,joined form occurs elsewhere in this corpus,False,49,,2,,40,,"fürsten zu Hohenlohe Ingelfin¬ || gen, und dem Einsaaßen Christian"
9,1,2529,2530,¬,regie,renden,regierenden,join,high,joined form occurs elsewhere in this corpus,False,28,,0,,6,,selben zwischen Sr. Durchlaucht des regie¬ || renden Herr Fürsten zu Hohenlohe Ingelfing
9,1,2540,2541,¬,Justi,tario,Justitario,split,high,joined form unattested; both halves are real words,False,0,0,0,4437,1,55,Vor Unterschriebenen hiesigen Justi¬ || tario erschienen persönlich
9,1,2544,2545,¬,Durch,laucht,Durchlaucht,join,high,joined form occurs elsewhere in this corpus,False,130,,84,,18,,General Bevollmächtigter Sr. Durch¬ || laucht des regierenden Herrn
9,2,2554,2555,¬,wal,tet,waltet,join,high,joined form occurs elsewhere in this corpus,False,1,,0,,3,,"persönlich bekannt, und es wal¬ || tet gegen ihre Fähigkeiten, ge-"
9,2,2555,2556,-,ge,richtliche,gerichtliche,join,high,joined form occurs elsewhere in this corpus,False,9,,6,,2,,"tet gegen ihre Fähigkeiten, ge- || richtliche Handlungen gültig zu"
9,2,2560,2561,-,Pachts,Contract,PachtsContract,split,high,joined form unattested; both halves are real words,False,0,0,2,119818,99,5186,unter sich geschloßenen Pachts- || Contract zum Gerichtlichen Pro¬
9,2,2561,2562,¬,Pro,tocoll,Protocoll,join,high,joined form occurs elsewhere in this corpus,False,19,,20,,1,,Contract zum Gerichtlichen Pro¬ || tocoll.
9,2,2563,2564,¬,Krie,ges,Krieges,join,high,joined form occurs elsewhere in this corpus,False,34,,0,,1,,§. I. Es verpachtet nehmlich Herr Krie¬ || ges und Forst. Rath von Trieben¬
9,2,2564,2565,¬,Trieben,feld,Triebenfeld,join,high,joined form occurs elsewhere in this corpus,False,46,,0,,14,,ges und Forst. Rath von Trieben¬ || feld kraft der von Sr. Hochfürst¬
9,2,2565,2566,¬,Hochfürst,lichen,Hochfürstlichen,join,high,joined form occurs elsewhere in this corpus,False,26,,0,,16,,feld kraft der von Sr. Hochfürst¬ || lichen Durchlaucht habenden Voll¬
9,2,2566,2567,¬,Voll,macht,Vollmacht,join,high,joined form occurs elsewhere in this corpus,False,24,,0,,18,,"lichen Durchlaucht habenden Voll¬ || macht, das Vorwerk Kopoyno"
9,2,2572,2573,¬,Warthe,Strahm,WartheStrahm,split,high,joined form unattested; both halves are real words,False,0,0,0,6666,1,10518,"Gewäßern und dem Warthe¬ || Strahm, und allen ſubrigen Nu¬"
9,2,2573,2574,¬,Nu,tzungen,Nutzungen,join,high,joined form occurs elsewhere in this corpus,False,6,,0,,1,,"Strahm, und allen ſubrigen Nu¬ || tzungen, jedoch mit Ausschluß der"
9,2,2580,2582,,Sechs,Sechs,,catchword,high,unmarked catchword: the page ends with the word the next page begins,True,,,,,,,Sechs || Sechs nach einander folgende Jahre
9,3,2589,2590,¬,un,Voraus,unVoraus,split,high,joined form unattested; both halves are real words,False,0,0,1,594768,3,356589,"Dieses Pachtgeld wird jährlich un¬ || Voraus, und zwar: jedesmal"
9,4,2611,2612,¬,Kopoy,no,Kopoyno,join,high,joined form occurs elsewhere in this corpus,False,7,,0,,8,,"Hand-Dienster, die in Kopoy¬ || no befindlichen gesammten Ko¬"
9,4,2612,2613,¬,Ko,morniken,Komorniken,split,high,joined form unattested; both halves are real words,False,0,0,0,100660,1,0,no befindlichen gesammten Ko¬ || morniken und Einlieger mit
9,4,2620,2621,¬,un,bestimmt,unbestimmt,join,high,"joined form attested in DWDS (205,976 hits)",False,0,205976,1,,6,,"b., jeder Einlieger, deren Zahl un¬ || bestimmt, ist, zwey Morgen Mag¬"
9,4,2621,2622,¬,Mag,deburgl,Magdeburgl,split,high,joined form unattested; both halves are real words,False,0,5,3,25146106,1,0,"bestimmt, ist, zwey Morgen Mag¬ || deburgl. Maaßes, zinßfrey, im"
9,4,2627,2628,¬,Brodtge,strandes,Brodtgestrandes,join,high,head is not a word on its own,False,0,0,0,0,1,,Das freye Mahlen des Brodtge¬ || strandes wird dem Pächter in denen
9,4,2629,2630,¬,Kopoy,no,Kopoyno,join,high,joined form occurs elsewhere in this corpus,False,7,,0,,8,,Mühlen zu Tarzewo und Kopoy¬ || no mit verliehen; der baare Zins
9,4,2631,2632,¬,Vor,püchter,Vorpüchter,split,high,joined form unattested; both halves are real words,False,0,0,43,105411485,1,49,dagegen bleibt dem Herrn Vor¬ || püchter sowohl aus diesen Müh¬
9,4,2632,2633,¬,Müh,len,Mühlen,join,high,joined form occurs elsewhere in this corpus,False,5,,0,,7,,"püchter sowohl aus diesen Müh¬ || len, als auch von denen Zins"
9,5,2646,2647,¬,Ge,ter,Geter,split,high,joined form unattested; both halves are real words,False,0,224,6,215421,15,138845,"den ganzen Flächen inhalt der Ge¬ || ter werden repartirt werde, so"
9,5,2653,2654,¬,Herr,schaftl,Herrschaftl,join,high,joined form occurs elsewhere in this corpus,False,4,,107,,1,,"Kiehnen Brennholz, was der Herr¬ || schaftl. Forst, welches Holz er sich"
9,5,2668,2669,¬,die,gegen,diegegen,split,high,joined form unattested; both halves are real words,False,0,25,604,0,24,52310143,die größern Reparaturen die¬ || gegen liegen dem Herrn Ver
9,6,2676,2677,¬,Aus,samt,Aussamt,join,high,joined form occurs elsewhere in this corpus,False,1,,86,,1,,nicht mit einer bestimmten Aus¬ || samt erhält; so haben Com¬
9,6,2677,2678,¬,Com,parenten,Comparenten,join,high,joined form occurs elsewhere in this corpus,False,14,,1,,1,,samt erhält; so haben Com¬ || parenten es miteinander da¬
9,6,2678,2679,¬,da,hin,dahin,join,high,joined form occurs elsewhere in this corpus,False,10,,34,,8,,"parenten es miteinander da¬ || hin ausgemacht, daß Pächter"
9,6,2687,2688,¬,Ar,dern,Ardern,join,high,"joined form attested in DWDS (7,141 hits)",False,0,7141,0,,5,,"daß ein Theil an den Ar¬ || dern, wegen der Flus oder"
9,6,2689,2690,¬,Anforde,rungen,Anforderungen,join,high,"joined form attested in DWDS (2,731,106 hits)",False,0,2731106,0,,1,,Minus = Aussamt Anforde¬ || rungen machen wird. Die
9,6,2692,2693,¬,wer,den,werden,join,high,joined form occurs elsewhere in this corpus,False,143,,0,,482,,gleiche Theile eingetheilt wer¬ || den.
9,6,2699,2700,¬,Rub,riquen,Rubriquen,split,high,joined form unattested; both halves are real words,False,0,0,0,11427,1,5,verschiedenen Wirthschafts Rub¬ || riquen
9,7,2705,2706,¬,er,hält,erhält,join,high,joined form occurs elsewhere in this corpus,False,14,,57,,7,,"liegt dem Pächter ab, jedoch er¬ || hält er zu letzterem das unthi¬"
9,7,2706,2707,¬,unthi,ge,unthige,join,high,head is not a word on its own,False,0,0,0,0,6,,"hält er zu letzterem das unthi¬ || ge Holz unentgeldlich, mich müßen"
9,7,2711,2712,¬,Vor,wißen,Vorwißen,join,high,joined form occurs elsewhere in this corpus,False,1,,43,,9,,Pächter darf das Gut nur mit Vor¬ || wißen und ausdrücklicher Ge¬
9,7,2712,2713,¬,Ge,nehmigung,Genehmigung,join,high,joined form occurs elsewhere in this corpus,False,21,,6,,1,,wißen und ausdrücklicher Ge¬ || nehmigung des Herrn Verpäch¬
9,7,2713,2714,¬,Verpäch,tern,Verpächtern,join,high,"joined form attested in DWDS (15,826 hits)",False,0,15826,0,,3,,nehmigung des Herrn Verpäch¬ || tern um einen andern in Hub¬
9,7,2714,2715,¬,Hub,arrhende,Hubarrhende,split,high,joined form unattested; both halves are real words,False,0,0,0,249060,2,0,"tern um einen andern in Hub¬ || arrhende überlaßen, im entge¬"
9,7,2715,2716,¬,entge,gengesetzten,entgegengesetzten,join,high,"joined form attested in DWDS (97,942 hits)",False,0,97942,0,,1,,"arrhende überlaßen, im entge¬ || gengesetzten Falle ist eine der¬"
9,7,2716,2717,¬,der,gleichen,dergleichen,join,high,joined form occurs elsewhere in this corpus,False,7,,698,,7,,gengesetzten Falle ist eine der¬ || gleichen Sub Arrhende ungültig
9,7,2719,2720,¬,Nach,theil,Nachtheil,join,high,joined form occurs elsewhere in this corpus,False,1,,89,,13,,entstehenden Schaden oder Nach¬ || theil dem Herrn Verpächter ver¬
9,7,2720,2721,¬,ver,haftet,verhaftet,join,high,"joined form attested in DWDS (556,595 hits)",False,0,556595,3,,2,,theil dem Herrn Verpächter ver¬ || haftet.
9,7,2724,2725,¬,An,steckung,Ansteckung,join,high,joined form occurs elsewhere in this corpus,False,4,,215,,1,,"als Feuer vom Himmel, oder An¬ || steckung durch böse Leute, tata"
9,7,2726,2727,¬,er,hält,erhält,join,high,joined form occurs elsewhere in this corpus,False,14,,57,,7,,"len Haagelschlag und Krieg, er¬ || hält Pächter eine Remission,"
9,7,2731,2733,¬,Auf,Auf,AufAuf,catchword,held,held: the page foot previews the next page: Auf¬ then Auf alle andere Unglüdesfälle.,True,0,901,279,334349961,279,334349961,Auf¬ || Auf alle andere Unglüdesfälle
9,8,2738,2739,¬,mus,drücklich,musdrücklich,split,high,joined form unattested; both halves are real words,False,0,0,0,41892,2,637,"macht sich hiedurch, auch mus¬ || drücklich verbindlich zu jeder"
9,8,2740,2741,¬,sei,ne,seine,join,high,joined form occurs elsewhere in this corpus,False,53,,3,,3,,"Entschädigung, welche durch sei¬ || ne eigene oder die Schuld"
9,8,2746,2747,¬,un,terhalten,unterhalten,join,high,joined form occurs elsewhere in this corpus,False,2,,1,,1,,"gutem Dängungs-Zustande un¬ || terhalten, und darf kein Stroh"
9,8,2756,2757,¬,son,dern,sondern,join,high,joined form occurs elsewhere in this corpus,False,15,,0,,5,,Besondere Aufkündigung; son¬ || dern ist Pächter mit Johanni
9,9,2769,2770,¬,Domi,nium,Dominium,join,high,joined form occurs elsewhere in this corpus,False,5,,0,,2,,"Wald, welcher für das Domi¬ || nium jübrig bleibt, und nicht"
9,9,2781,2782,¬,die,sen,diesen,join,high,joined form occurs elsewhere in this corpus,False,52,,604,,9,,Beyde Theile versprechen die¬ || sen Contract fest einzuhalten
9,9,2785,2786,¬,Rechts,Ausflüchten,RechtsAusflüchten,split,high,joined form unattested; both halves are real words,False,0,0,12,5914140,10,24644,"dawieder stattfindenden Rechts¬ || Ausflüchten, besonders dem Ein"
9,9,2787,2788,¬,Ver,letzung,Verletzung,join,high,joined form occurs elsewhere in this corpus,False,7,,3,,2,,"wande, einer vorgefallenen Ver¬ || letzung über und unter der Hälfte"
9,9,2789,2790,¬,Ur,Bereilung,UrBereilung,split,high,joined form unattested; both halves are real words,False,0,0,1,92520,2,0,"einer listigen Ueberredung, Ur¬ || Bereilung"
9,10,2794,2795,¬,ver,schriebener,verschriebener,join,high,joined form occurs elsewhere in this corpus,False,3,,3,,4,,unders verabgeredeter als ver¬ || schriebener oder nicht recht ver¬
9,10,2795,2796,¬,ver,standener,verstandener,join,high,joined form occurs elsewhere in this corpus,False,1,,3,,1,,schriebener oder nicht recht ver¬ || standener Sachen. Sie Tru¬
9,10,2796,2797,¬,Tru,gen,Trugen,join,high,joined form occurs elsewhere in this corpus,False,3,,0,,40,,"standener Sachen. Sie Tru¬ || gen an, diesen Contract aus."
9,10,2804,2805,¬,Niedzwied,zki,Niedzwiedzki,join,high,joined form occurs elsewhere in this corpus,False,2,,0,,1,,"wird, daß Herr v. Niedzwied¬ || zki ſich ausdrücklich der Führung"
9,10,2806,2807,¬,be,geben,begeben,join,high,joined form occurs elsewhere in this corpus,False,3,,11,,9,,eines polnischen Protocolls be¬ || geben hat.
9,10,2809,2810,¬,Trieben,feld,Triebenfeld,join,high,joined form occurs elsewhere in this corpus,False,46,,0,,14,,Peter Friedrich August v. Trieben¬ || feld.
9,10,2819,2821,,Actum,Actum,,catchword,high,unmarked catchword: the page ends with the word the next page begins,True,,,,,,,Actum || Actum Trąbczyn den 24ten August 1805.
9,11,2828,2829,¬,Neidz,wiecki,Neidzwiecki,join,high,head is not a word on its own,False,0,0,0,0,1,,seits und Herr Maciey v Neidz¬ || wiecki andernseits folgendes
9,11,2837,2838,¬,Pacht,Jahre,PachtJahre,split,high,joined form unattested; both halves are real words,False,0,0,16,119818,31,120398380,und Wiesen auf die Sechs Pacht¬ || Jahre und zählt hiefür und jähr¬
9,11,2838,2839,¬,jähr,licher,jährlicher,join,high,"joined form attested in DWDS (3,511,501 hits)",False,0,3511501,0,,6,,"Jahre und zählt hiefür und jähr¬ || licher Pacht 625 rthl, schreibe Sechs"
9,11,2841,2842,¬,fort,mehro,fortmehro,split,high,joined form unattested; both halves are real words,False,0,0,8,1316463,2,21,Thaler Courant; so daß fort¬ || mehro die ganze Pacht von Kopoy¬
9,11,2842,2843,¬,Kopoy,no,Kopoyno,join,high,joined form occurs elsewhere in this corpus,False,7,,0,,8,,mehro die ganze Pacht von Kopoy¬ || no 2125 Rthl. schreibe Zweytausend
9,11,2844,2845,¬,Rthal,Beträgt,RthalBeträgt,join,high,head is not a word on its own,False,0,0,0,10,2,,Einhundert fünf und Zwanzig Rthal¬ || Beträgt.
9,12,2855,2856,¬,Künf,tig,Künftig,join,high,joined form occurs elsewhere in this corpus,False,4,,0,,4,,"durch zurechtbeständigst. Künf¬ || tig wird, dieselbe mit der"
9,12,2867,2868,¬,be,ſtimmet,beſtimmet,split,high,joined form unattested; both halves are real words,False,0,0,11,105863,1,0,"wie sie Haupt Contracte be¬ || ſtimmet iſt, zahlen."
9,12,2873,2874,¬,Er,klährung,Erklährung,split,high,joined form unattested; both halves are real words,False,0,239,57,184157988,2,7,geschehener Vorlesung und Er¬ || klährung
9,13,2877,2878,¬,unter,schrieben,unterschrieben,join,high,joined form occurs elsewhere in this corpus,False,21,,67,,9,,nachstehend eigenhändig unter¬ || schrieben.
9,13,2889,2890,¬,Beydrü,dung,Beydrüdung,join,high,head is not a word on its own,False,0,0,0,0,1,, also dieser Contract hiemit unter Beydrü¬ || dung des Gerichts- Siegels und gewöhnliche
9,13,2890,2891,¬,Unter,schrift,Unterschrift,join,high,joined form occurs elsewhere in this corpus,False,12,,67,,5,, Gerichts- Siegels und gewöhnlicher Unter¬ || schrift gerichtlich ausgefertiget
9,13,2897,2898,¬,re,gierenden,regierenden,join,high,joined form occurs elsewhere in this corpus,False,28,,5,,5,,zwischen Sr: Durchlaucht des re¬ || gierenden Herrn Fürsten zu Ho¬
9,13,2898,2899,¬,Ho,henlohe,Hohenlohe,join,high,joined form occurs elsewhere in this corpus,False,90,,0,,2,,gierenden Herrn Fürsten zu Ho¬ || henlohe Ingelfingen und dem
9,13,2900,2901,¬,Niedz,wecki,Niedzwecki,join,high,head is not a word on its own,False,0,7,0,13,1,,Pächter Herrn Maciey v. Niedz¬ || wecki auf Kopoyno.
10,1,2908,2909,¬,Bevollmächtig,ten,Bevollmächtigten,join,high,joined form occurs elsewhere in this corpus,False,16,,0,,141,,"ohenlohe durch dero general Bevollmächtig¬ || ten, den Herrn Krieges und ForstRath v"
10,1,2910,2911,¬,Inspec,tor,Inspector,join,high,joined form occurs elsewhere in this corpus,False,8,,0,,3,,"iebenfeld einer Seits, und dem Bau Inspec¬ || tor Wollenhaupt andrer seits, nachstehen¬"
10,1,2911,2912,¬,nachstehen,Der,nachstehenDer,join,high,joined form occurs elsewhere in this corpus,False,5,,1,,698,,"tor Wollenhaupt andrer seits, nachstehen¬ || Der Vertrag und resp. Quittungs Leistung"
10,1,2916,2917,¬,Patri,monial,Patrimonial,join,high,joined form occurs elsewhere in this corpus,False,11,,0,,3,,vor unterschriebenem Patri¬ || monial Gericht erschienen
10,1,2919,2920,¬,bekanntli,cher,bekanntlicher,join,high,joined form occurs elsewhere in this corpus,False,1,,0,,2,,v Triebenfeld als bekanntli¬ || cher General Bevollmächtig¬
10,1,2920,2921,¬,Bevollmächtig,ter,Bevollmächtigter,join,high,joined form occurs elsewhere in this corpus,False,17,,0,,15,,cher General Bevollmächtig¬ || ter Sr Durchlaucht des regie¬
10,1,2921,2922,¬,regie,renden,regierenden,join,high,joined form occurs elsewhere in this corpus,False,28,,0,,6,,ter Sr Durchlaucht des regie¬ || renden Herrn Fürsten zu
10,1,2928,2930,,Willhelm,Willhelm,,catchword,high,unmarked catchword: the page ends with the word the next page begins,True,,,,,,,Willhelm || Willhelm Wollenhaupt an¬
10,2,2930,2931,¬,an,derer,anderer,join,high,joined form occurs elsewhere in this corpus,False,7,,215,,12,,Willhelm Wollenhaupt an¬ || derer Seits
10,2,2934,2935,¬,gericht,licher,gerichtlicher,join,high,joined form occurs elsewhere in this corpus,False,1,,11,,6,,"und zur Vollziehung gericht¬ || licher Handlungen, keinen"
10,2,2938,2939,¬,wollbedach,tig,wollbedachtig,join,high,head is not a word on its own,False,0,0,0,0,4,,freywillig und wollbedach¬ || tig nachstehenden untersich¬
10,2,2939,2940,¬,untersich,getroffenen,untersichgetroffenen,join,high,head is not a word on its own,False,0,0,0,115,5,,tig nachstehenden untersich¬ || getroffenen unwiderruf¬
10,2,2940,2941,¬,unwiderruf,licher,unwiderruflicher,join,high,"joined form attested in DWDS (65,831 hits)",False,0,65831,0,,6,,getroffenen unwiderruf¬ || licher und in Nichts abzu¬
10,2,2941,2942,¬,abzu,andernden,abzuandernden,split,high,joined form unattested; both halves are real words,False,0,0,1,1309,1,0,licher und in Nichts abzu¬ || andernden Erbzinß Con¬
10,2,2942,2943,¬,Con,tract,Contract,join,high,joined form occurs elsewhere in this corpus,False,99,,0,,5,,andernden Erbzinß Con¬ || tract zum Protocoll.
10,2,2947,2948,¬,Drze,wce,Drzewce,join,high,joined form occurs elsewhere in this corpus,False,3,,0,,1,,von dem Vorwerke Drze¬ || wce
10,2,2950,2951,¬,rei,nes,reines,join,high,joined form occurs elsewhere in this corpus,False,1,,0,,2,,Schreibe Achtzehn Hufen rei¬ || nes Ackerland und bei
10,2,2954,2955,¬,Mag,deburgische,Magdeburgische,split,high,joined form unattested; both halves are real words,False,0,209,3,25146106,2,0,Schreibe zwey Hufen Mag¬ || deburgische Wiesen
10,2,2960,2962,,Wollenhaupt,Wollenhaupt,,catchword,high,unmarked catchword: the page ends with the word the next page begins,True,,,,,,,Wollenhaupt || Wollenhaupt von jezt ab auf
10,3,2964,2965,¬,hie,bei,hiebei,join,high,"joined form attested in DWDS (1,677 hits)",False,0,1677,2,,65,,in Erbzinss und werden hie¬ || bei zugleich
10,3,2969,2970,¬,über,geben,übergeben,join,high,joined form occurs elsewhere in this corpus,False,10,,79,,9,,mit zum Eigenthum über¬ || geben.
10,3,2973,2974,¬,ver,liehen,verliehen,join,high,joined form occurs elsewhere in this corpus,False,3,,3,,2,,Einkaufs geld für die ver¬ || liehen erhaltenen Zwan¬
10,3,2974,2975,¬,Zwan,zig,Zwanzig,join,high,joined form occurs elsewhere in this corpus,False,16,,1,,8,,liehen erhaltenen Zwan¬ || zig Hufen p. Hufe 300 rt
10,3,2978,2979,¬,Sechstau,send,Sechstausend,join,high,"joined form attested in DWDS (7,273 hits)",False,0,7273,0,,7,,6000 rt schreibe Sechstau¬ || send Rthaler baar und
10,3,2980,2981,¬,Cassen,mäßigen,Cassenmäßigen,join,high,joined form occurs elsewhere in this corpus,False,1,,4,,2,,in gutem preuß. Cassen¬ || mäßigen Courant.
10,3,2982,2983,¬,er,wähnt,erwähnt,join,high,"joined form attested in DWDS (2,048,809 hits)",False,0,2048809,57,,1,,"Die Gebäude welche §. 1. er¬ || wähnt sind, erhält Wol¬"
10,3,2983,2984,¬,Wol,lenhaupt,Wollenhaupt,join,high,joined form occurs elsewhere in this corpus,False,13,,0,,1,,"wähnt sind, erhält Wol¬ || lenhaupt unentgeldlich"
10,3,2991,2993,,schreibe,schreibe,,catchword,high,unmarked catchword: the page ends with the word the next page begins,True,,,,,,,schreibe || schreibe Vier Hundert Rtha¬
10,4,2993,2994,¬,Rtha,ler,Rthaler,join,high,joined form occurs elsewhere in this corpus,False,46,,0,,6,,schreibe Vier Hundert Rtha¬ || ler baar bezahlt worüber
10,4,2998,2999,¬,Rtha,ler,Rthaler,join,high,joined form occurs elsewhere in this corpus,False,46,,0,,6,,Schreibe dreytausend Rtha¬ || ler und der Ueberrest
10,4,3004,3005,¬,ab,gefürt,abgefürt,split,high,joined form unattested; both halves are real words,False,0,0,16,49097723,1,130,baar und in Courant ab¬ || gefürt.
10,4,3007,3008,¬,ver,bindlich,verbindlich,join,high,joined form occurs elsewhere in this corpus,False,12,,3,,5,,Erbpächter macht sich ver¬ || bindlich für diese acqui¬
10,4,3008,3009,¬,acqui,rirten,acquirirten,join,high,joined form occurs elsewhere in this corpus,False,8,,0,,1,,bindlich für diese acqui¬ || rirten zwanzig Hufen
10,4,3010,3011,¬,Jah,res,Jahres,join,high,joined form occurs elsewhere in this corpus,False,30,,0,,1,,"von Johanny dieses Jah¬ || res ab, einen immer"
10,4,3013,3014,¬,vermin,dert,vermindert,join,high,joined form occurs elsewhere in this corpus,False,2,,0,,7,,nie erhöhet oder vermin¬ || dert werden darf pro
10,4,3022,3024,,Raten,Raten,,catchword,high,unmarked catchword: the page ends with the word the next page begins,True,,,,,,,Raten || Raten zu Weynachten und
10,5,3027,3028,¬,je,doch,jedoch,join,high,joined form occurs elsewhere in this corpus,False,59,,1,,8,,und fünfzig Rthaler je¬ || doch nicht zum voraus¬
10,5,3028,3029,¬,voraus,sondern,voraussondern,split,high,joined form unattested; both halves are real words,False,0,0,3,356589,15,26355418,doch nicht zum voraus¬ || sondern nach Ablauf jeden
10,5,3034,3035,¬,über,nimmt,übernimmt,join,high,joined form occurs elsewhere in this corpus,False,13,,79,,3,,der p. Wollenhaupt über¬ || nimmt die Verbindlich¬
10,5,3035,3036,¬,Verbindlich,keit,Verbindlichkeit,join,high,joined form occurs elsewhere in this corpus,False,3,,12,,3,,nimmt die Verbindlich¬ || keit diese acquirirten zwan
10,5,3037,3038,¬,ein,zelne,einzelne,join,high,joined form occurs elsewhere in this corpus,False,3,,95,,1,,zig Hufen in Zehn ein¬ || zelne Bauerstellen zu Dis¬
10,5,3038,3039,¬,Dis,membriren,Dismembriren,join,high,joined form occurs elsewhere in this corpus,False,2,,0,,1,,"zelne Bauerstellen zu Dis¬ || membriren, jedoch in der"
10,5,3040,3041,¬,un,ter,unter,join,high,joined form occurs elsewhere in this corpus,False,67,,1,,15,,"Art, daß keine davon un¬ || ter einer Hufe Magdebur¬"
10,5,3041,3042,¬,Magdebur,gisch,Magdeburgisch,join,high,joined form occurs elsewhere in this corpus,False,19,,1,,4,,ter einer Hufe Magdebur¬ || gisch betragen soll.
10,5,3045,3046,¬,übri,gen,übrigen,join,high,joined form occurs elsewhere in this corpus,False,18,,0,,40,,Erbpächter und die übri¬ || gen Annehmern auf ei¬
10,5,3046,3047,¬,ei,gene,eigene,join,high,joined form occurs elsewhere in this corpus,False,17,,1,,2,,gen Annehmern auf ei¬ || gene Kosten bewerkstel¬
10,5,3047,3048,¬,bewerkstel,ligen,bewerkstelligen,join,high,joined form occurs elsewhere in this corpus,False,2,,0,,4,,"gene Kosten bewerkstel¬ || ligen, ohne daß hinzu"
10,5,3050,3051,¬,sonsti,ge,sonstige,join,high,joined form occurs elsewhere in this corpus,False,12,,0,,6,,Zukunft Holz oder sonsti¬ || ge Bauhülfe von der Grund¬
10,5,3051,3052,¬,Grund,Herschafft,GrundHerschafft,split,high,joined form unattested; both halves are real words,False,0,0,44,14931215,1,1151,ge Bauhülfe von der Grund¬ || Herschafft gegeben wird
10,5,3053,3055,,Eben,Eben,,catchword,high,unmarked catchword: the page ends with the word the next page begins,True,,,,,,,Eben || Eben so erhalten sie und
10,6,3056,3057,¬,we,der,weder,join,high,joined form occurs elsewhere in this corpus,False,20,,1,,698,,der jezzige Aquirent we¬ || der Hütungs noch Holzungs
10,6,3058,3059,¬,übri,gen,übrigen,join,high,joined form occurs elsewhere in this corpus,False,18,,0,,40,,Gerechtigkeit auf dem übri¬ || gen Herrschaftlichen Territorio
10,6,3065,3066,¬,verbind,lich,verbindlich,join,high,joined form occurs elsewhere in this corpus,False,12,,0,,20,,"macht sich derselbe verbind¬ || lich, so viel als er an Winter"
10,6,3067,3068,¬,über,kommen,überkommen,join,high,"joined form attested in DWDS (106,784 hits)",False,0,106784,79,,20,,"und Sommerfeld besäet über¬ || kommen wird, den Beitrag"
10,6,3074,3075,¬,Erbzin,se,Erbzinse,join,high,joined form occurs elsewhere in this corpus,False,13,,0,,8,,§. VIII. Außer dem baaren Erbzin¬ || se verpflichtet sich Erb Päch¬
10,6,3075,3076,¬,Päch,ster,Pächster,split,high,joined form unattested; both halves are real words,False,0,0,0,1601,2,18534,se verpflichtet sich Erb Päch¬ || ster für sich und seine Nach¬
10,6,3076,3077,¬,Nach,kommen,Nachkommen,join,high,joined form occurs elsewhere in this corpus,False,10,,89,,20,,ster für sich und seine Nach¬ || kommen im Besizze von
10,7,3090,3091,¬,Erb,zinße,Erbzinße,join,high,joined form occurs elsewhere in this corpus,False,4,,32,,1,,einen Erlaß von dem Erb¬ || zinße zu machen oder zu
10,7,3094,3095,¬,Ge,tränke,Getränke,join,high,joined form occurs elsewhere in this corpus,False,7,,6,,1,,Erbpächter muß seine Ge¬ || tränke an Bier und Brandt¬
10,7,3095,3096,¬,Brandt,wein,Brandtwein,join,high,joined form occurs elsewhere in this corpus,False,11,,1,,5,,tränke an Bier und Brandt¬ || wein aus dem Herrschaft¬
10,7,3096,3097,¬,Herrschaft,lichen,Herrschaftlichen,join,high,joined form occurs elsewhere in this corpus,False,12,,39,,16,,wein aus dem Herrschaft¬ || lichen Kruge oder Brau und
10,7,3101,3102,¬,Brandt,wein,Brandtwein,join,high,joined form occurs elsewhere in this corpus,False,11,,1,,5,,Garnez fremden Brandt¬ || wein einen Rthaler und
10,7,3104,3105,¬,Stra,fe,Strafe,join,high,joined form occurs elsewhere in this corpus,False,11,,0,,2,,Bier fünf Rthaler Stra¬ || fe der Grund Herrschafft
10,7,3108,3109,¬,Nach,folger,Nachfolger,join,high,joined form occurs elsewhere in this corpus,False,47,,89,,9,,Erbpächter und seine Nach¬ || folger im Besizze sind der
10,7,3111,3112,¬,je,doch,jedoch,join,high,joined form occurs elsewhere in this corpus,False,59,,1,,8,,"Domini unterwofen, je¬ || doch von allen und jeden"
10,7,3116,3118,,Zeiten,Zeiten,,catchword,high,unmarked catchword: the page ends with the word the next page begins,True,,,,,,,Zeiten || Zeiten befreyet.
10,8,3126,3127,¬,Grund,Herrschafft,GrundHerrschafft,join,high,joined form occurs elsewhere in this corpus,False,1,,44,,6,,solches mit Consens der Grund¬ || Herrschafft geschehen und
10,8,3130,3131,¬,quan,to,quanto,join,high,joined form occurs elsewhere in this corpus,False,5,,0,,3,,Kaufgelde oder Tausch quan¬ || to der zehnte Groschen als
10,8,3132,3133,¬,Gründ,Herrschafft,GründHerrschafft,join,high,head is not a word on its own,False,0,0,0,920,6,,ein Laudemium an die Gründ¬ || Herrschafft entrichtet wer¬
10,8,3133,3134,¬,wer,der,werder,join,high,"joined form attested in DWDS (806,759 hits)",False,0,806759,0,,698,,Herrschafft entrichtet wer¬ || der
10,8,3135,3136,¬,Kin,der,Kinder,join,high,joined form occurs elsewhere in this corpus,False,4,,0,,698,,Bei Vererbungen an Kin¬ || der und Seiten Verwand¬
10,8,3136,3137,¬,Verwand,te,Verwandte,join,high,joined form occurs elsewhere in this corpus,False,2,,0,,13,,der und Seiten Verwand¬ || te dagegen wird kein
10,8,3139,3140,¬,Anneh,ware,Annehware,join,high,head is not a word on its own,False,0,0,0,72,1,,so sind auch die ersten Anneh¬ || ware bei der Dismembra
10,8,3148,3150,,welche,welche,,catchword,high,unmarked catchword: the page ends with the word the next page begins,True,,,,,,,welche || welche durch Feuer vom Hin¬
10,9,3150,3151,¬,Hin,mel,Hinmel,split,high,joined form unattested; both halves are real words,False,0,69,8,9658466,1,93749,"welche durch Feuer vom Hin¬ || mel, durch Anstiftung böser"
10,9,3160,3161,¬,Erb,zinste,Erbzinste,split,high,joined form unattested; both halves are real words,False,0,0,32,217132,1,8254,oder Erlaß von dem Erb¬ || zinste zu statten kommen.
10,9,3168,3169,¬,Besiz,ze,Besizze,join,high,joined form occurs elsewhere in this corpus,False,16,,15,,1,,seine Nachfolger im Besiz¬ || ze allen obigen Verbind¬
10,9,3169,3170,¬,Verbind,lichkeiten,Verbindlichkeiten,join,high,joined form occurs elsewhere in this corpus,False,4,,0,,2,,ze allen obigen Verbind¬ || lichkeiten nachkommen.
10,9,3180,3182,,den,den,,catchword,high,unmarked catchword: the page ends with the word the next page begins,True,,,,,,,den || den jährlichen Erbzinß durch
10,10,3183,3184,¬,rük,ständig,rükständig,join,high,head is not a word on its own,False,0,0,0,231,1,,"länger als zwey Jahre rük¬ || ständig bleiben, so hört alsdann"
10,10,3188,3189,¬,aus,zuthun,auszuthun,join,high,joined form occurs elsewhere in this corpus,False,5,,86,,2,,diese Stelle anderweit aus¬ || zuthun.
10,10,3191,3192,¬,Con,tract,Contract,join,high,joined form occurs elsewhere in this corpus,False,99,,0,,5,,vorstehenden Erbzinß Con¬ || tract fest und unverbrüch¬
10,10,3192,3193,¬,unverbrüch,lich,unverbrüchlich,join,high,joined form occurs elsewhere in this corpus,False,4,,0,,20,,tract fest und unverbrüch¬ || lich einzuhalten und ent¬
10,10,3193,3194,¬,ent,sagen,entsagen,join,high,joined form occurs elsewhere in this corpus,False,22,,0,,3,,lich einzuhalten und ent¬ || sagen allen dawider statt
10,10,3195,3196,¬,Ausflüh,ten,Ausflühten,join,high,head is not a word on its own,False,0,0,0,0,141,,"findenden Rechts Ausflüh¬ || ten, besonders den Einwan¬"
10,10,3196,3197,¬,Einwan,de,Einwande,join,high,joined form occurs elsewhere in this corpus,False,10,,0,,16,,"ten, besonders den Einwan¬ || de einer listigen Ueber¬"
10,10,3197,3198,¬,Ueber,redung,Ueberredung,join,high,joined form occurs elsewhere in this corpus,False,5,,3,,5,,"de einer listigen Ueber¬ || redung, Uebereilung, ei¬"
10,10,3198,3199,¬,ei,ner,einer,join,high,joined form occurs elsewhere in this corpus,False,67,,1,,5,,"redung, Uebereilung, ei¬ || ner vorgefallenen Ver¬"
10,10,3199,3200,¬,Ver,Lezzung,VerLezzung,join,high,joined form occurs elsewhere in this corpus,False,6,,3,,1,,ner vorgefallenen Ver¬ || Lezzung über und unter
10,10,3201,3202,¬,ver,abgeredeter,verabgeredeter,join,high,joined form occurs elsewhere in this corpus,False,3,,3,,2,,der Hälfte anders ver¬ || abgeredeter als verschrie¬
10,10,3202,3203,¬,verschrie,bener,verschriebener,join,high,joined form occurs elsewhere in this corpus,False,3,,0,,4,,abgeredeter als verschrie¬ || bener Sachen und sind sie
10,10,3204,3205,¬,Ent,sagung,Entsagung,join,high,joined form occurs elsewhere in this corpus,False,3,,0,,1,,von denselben dieser Ent¬ || sagung Abseiten des Gerichts
10,10,3210,3212,,den,den,,catchword,high,unmarked catchword: the page ends with the word the next page begins,True,,,,,,,den || den Grund dieses Contracts
10,11,3215,3216,¬,berichti,gen,berichtigen,join,high,joined form occurs elsewhere in this corpus,False,23,,0,,40,,seinen Nahmen berichti¬ || gen lassen kann.
10,11,3217,3218,¬,Contrahen,ten,Contrahenten,join,high,joined form occurs elsewhere in this corpus,False,18,,0,,141,,Weiter hatten Contrahen¬ || ten nichts anzuführen
10,11,3220,3221,¬,vorge,lesen,vorgelesen,join,high,joined form occurs elsewhere in this corpus,False,7,,0,,2,,"Protocoll wörtlich vorge¬ || lesen worden, so haben"
10,11,3222,3223,¬,ge,nehmigt,genehmigt,join,high,joined form occurs elsewhere in this corpus,False,14,,6,,4,,sie dasselbe überall ge¬ || nehmigt und sich nächste
10,11,3224,3225,¬,unter,schrieben,unterschrieben,join,high,joined form occurs elsewhere in this corpus,False,21,,67,,9,,jend eigenhändig unter¬ || schrieben.
10,11,3226,3227,¬,Trieben,feld,Triebenfeld,join,high,joined form occurs elsewhere in this corpus,False,46,,0,,14,,Peter Friedrich August v. Trieben¬ || feld.
10,11,3228,3229,¬,genehmi,get,genehmiget,join,high,joined form occurs elsewhere in this corpus,False,16,,0,,2,,F. W. Wollenhaupt genehmi¬ || get und gelesen.
10,11,3238,3240,,ForstRath,ForstRath,,catchword,high,unmarked catchword: the page ends with the word the next page begins,True,,,,,,,ForstRath || ForstRath von Triebenfeld als
10,12,3241,3242,¬,Mandato,rius,Mandatorius,join,high,head is not a word on its own,False,0,0,0,262,2,,bekannter General Mandato¬ || rius Sr Durchlaucht des regie¬
10,12,3242,3243,¬,regie,renden,regierenden,join,high,joined form occurs elsewhere in this corpus,False,28,,0,,6,,rius Sr Durchlaucht des regie¬ || renden Fürsten von Hohenlo¬
10,12,3243,3244,¬,Hohenlo,he,Hohenlohe,join,high,joined form occurs elsewhere in this corpus,False,90,,0,,3,,"renden Fürsten von Hohenlo¬ || he Ingelfingen,"
10,12,3249,3250,¬,Verände,rung,Veränderung,join,high,joined form occurs elsewhere in this corpus,False,5,,0,,4,,eingetretener Verände¬ || rung der Umstände vor¬
10,12,3250,3251,¬,vor,stehender,vorstehender,join,high,joined form occurs elsewhere in this corpus,False,5,,43,,1,,rung der Umstände vor¬ || stehender Vertrag hiemit
10,12,3257,3258,¬,Renun,ciation,Renunciation,join,high,head is not a word on its own,False,0,27,0,19,1,,"wollten, welche Renun¬ || ciation denn auch gegen"
10,12,3259,3260,¬,ange,nommen,angenommen,join,high,joined form occurs elsewhere in this corpus,False,5,,0,,1,,seitig acceptirt und ange¬ || nommen wurde.
10,12,3261,3262,¬,völ,ligen,völligen,join,high,joined form occurs elsewhere in this corpus,False,1,,0,,4,,Auf den Grund dieser völ¬ || ligen Aufhebung und An¬
10,12,3262,3263,¬,An,nullirung,Annullirung,split,high,joined form unattested; both halves are real words,False,0,0,215,203629291,1,0,ligen Aufhebung und An¬ || nullirung dieses Vertrags
10,12,3266,3268,,Bau,Bau,,catchword,high,unmarked catchword: the page ends with the word the next page begins,True,,,,,,,Bau || Bau Inspector Wollenhaupt
10,13,3273,3274,¬,Quittir,te,Quittirte,join,high,head is not a word on its own,False,0,5,0,0,13,,"ohne Vorbehalt Quittir¬ || te, und dabei erklärte,"
10,13,3276,3277,¬,An,forderungen,Anforderungen,join,high,"joined form attested in DWDS (2,731,106 hits)",False,0,2731106,215,,2,,wegen aller seiner An¬ || forderungen aus seiner
10,13,3279,3280,¬,über,haupt,überhaupt,join,high,joined form occurs elsewhere in this corpus,False,13,,79,,6,,"Ministration, und über¬ || haupt wegen aller bis"
10,13,3282,3283,¬,Durch,laucht,Durchlaucht,join,high,joined form occurs elsewhere in this corpus,False,130,,84,,18,,Sr Hochfürstlichen Durch¬ || laucht geführte Geschäften
10,13,3286,3287,¬,Spe,cial,Special,join,high,joined form occurs elsewhere in this corpus,False,10,,0,,1,,eine General- und Spe¬ || cial = Quitung mit Be¬
10,13,3287,3288,¬,Be,gebung,Begebung,join,high,"joined form attested in DWDS (4,081 hits)",False,0,4081,11,,1,,cial = Quitung mit Be¬ || gebung aller Nachfor¬
10,13,3288,3289,¬,Nachfor,derung,Nachforderung,join,high,"joined form attested in DWDS (29,168 hits)",False,0,29168,0,,2,,"gebung aller Nachfor¬ || derung leisten wolle,"
10,13,3292,3293,¬,fürstli,chen,fürstlichen,join,high,joined form occurs elsewhere in this corpus,False,4,,0,,9,,Nahmens seines fürstli¬ || chen Herrn Mandanten
10,14,3297,3298,¬,Inspec,tor,Inspector,join,high,joined form occurs elsewhere in this corpus,False,8,,0,,3,,Da der Herr Bau Inspec¬ || tor Wollenhaupt das Wohn¬
10,14,3298,3299,¬,Wohn,haus,Wohnhaus,join,high,joined form occurs elsewhere in this corpus,False,3,,6,,10,,tor Wollenhaupt das Wohn¬ || haus auf dem Vorwerken
10,14,3302,3303,¬,Woh,nung,Wohnung,join,high,joined form occurs elsewhere in this corpus,False,8,,0,,4,,aber zur künftige Woh¬ || nung der itzigen Vorwerk¬
10,14,3303,3304,¬,Vorwerk,pächter,Vorwerkpächter,split,high,joined form unattested; both halves are real words,False,0,0,13,66377,46,210665,nung der itzigen Vorwerk¬ || pächter Tietz und Schatzmann
10,14,3309,3310,¬,darü,ber,darüber,join,high,joined form occurs elsewhere in this corpus,False,16,,0,,3,,"räumen, sich auch darü¬ || ber bis dahin mit den"
10,14,3314,3315,¬,reser,virt,reservirt,join,high,joined form occurs elsewhere in this corpus,False,1,,1,,1,,Gegen die Pächter reser¬ || virt sich derselbe eine
10,14,3316,3317,¬,verwand,te,verwandte,join,high,joined form occurs elsewhere in this corpus,False,2,,0,,13,,in die Gebäude verwand¬ || te Melioration von
10,14,3322,3324,,stehen,stehendes,,catchword,high,unmarked catchword: the page ends with the word the next page begins,True,,,,,,,stehen || stehendes Protokoll facta
10,15,3325,3326,¬,eigenhän,dig,eigenhändig,join,high,joined form occurs elsewhere in this corpus,False,17,,0,,4,,prael. et ratibus eigenhän¬ || dig unterschrieben.
10,15,3334,3335,¬,un,ter,unter,join,high,joined form occurs elsewhere in this corpus,False,67,,1,,15,,Es wird also diese Verhandlung hiemit un¬ || ter Beydruckung des Gerichts Siegels und
10,15,3336,3337,¬,proban,te,probante,join,high,joined form occurs elsewhere in this corpus,False,1,,0,,13,,ewöhnlicher Unterschrifft in forma proban¬ || te ausgefertiget
10,15,3345,3346,¬,In,spector,Inspector,join,high,joined form occurs elsewhere in this corpus,False,8,,377,,1,,Ingelfingen und dem Bau In¬ || spector Wollenhaupt
11,1,3351,3352,¬,unter,schriebenem,unterschriebenem,join,high,joined form occurs elsewhere in this corpus,False,4,,67,,1,,Erschienen vor unter¬ || schriebenem Patrimonial
11,1,3355,3356,¬,Trieben,feld,Triebenfeld,join,high,joined form occurs elsewhere in this corpus,False,46,,0,,14,,ForstRath v. Trieben¬ || feld als bekannt¬
11,1,3356,3357,¬,bekannt,licher,bekanntlicher,join,high,joined form occurs elsewhere in this corpus,False,1,,22,,6,,feld als bekannt¬ || licher General Be¬
11,1,3357,3358,¬,Be,vollmächtigter,Bevollmächtigter,join,high,joined form occurs elsewhere in this corpus,False,17,,11,,4,,licher General Be¬ || vollmächtigter Sr.
11,1,3359,3360,¬,re,gierenden,regierenden,join,high,joined form occurs elsewhere in this corpus,False,28,,5,,5,,Durchlaucht des re¬ || gierenden Herrn
11,1,3361,3362,¬,Hohen,lohe,Hohenlohe,join,high,joined form occurs elsewhere in this corpus,False,90,,1,,6,,Fürsten zu Hohen¬ || lohe Ingelfingen
11,1,3363,3364,¬,Gerichts,herrn,Gerichtsherrn,join,high,joined form occurs elsewhere in this corpus,False,3,,28,,233,,Erbund Gerichts¬ || herrn derer hie
11,1,3377,3378,¬,ge,richtl,gerichtl,join,high,joined form occurs elsewhere in this corpus,False,3,,6,,1,,zur Vollziehung ge¬ || richtl. Handlungen
11,1,3381,3382,¬,ver,lautbaren,verlautbaren,join,high,joined form occurs elsewhere in this corpus,False,2,,3,,4,,dieselben ver¬ || lautbaren nachstehenden unter
11,1,3384,3385,¬,unwiederruf,lichen,unwiederruflichen,join,high,joined form occurs elsewhere in this corpus,False,2,,0,,16,,unwiederruf¬ || lichen und in Nichts
11,1,3387,3389,¬,Erb,Erbzinß,ErbErbzinß,catchword,high,fragment repeats the next page opening,True,0,,32,,24,,Erb¬ || Erbzinß Contract
11,2,3397,3398,¬,Trąbczy,ner,Trąbczyner,join,high,joined form occurs elsewhere in this corpus,False,14,,0,,5,,dem hiesigen Trąbczy¬ || ner Vorwerk
11,2,3404,3405,¬,Mor,gen,Morgen,join,high,joined form occurs elsewhere in this corpus,False,46,,0,,40,,den 2 hufen 24 Mor¬ || gen reinem Acker
11,2,3409,3410,¬,wer,den,werden,join,high,joined form occurs elsewhere in this corpus,False,143,,0,,482,,"messen wer¬ || den sollen, von"
11,2,3411,3412,¬,im,merwährende,immerwährende,join,high,joined form occurs elsewhere in this corpus,False,7,,128,,3,,jezt ab auf im¬ || merwährende
11,2,3413,3414,¬,Erb,zinß,Erbzinß,join,high,joined form occurs elsewhere in this corpus,False,24,,32,,7,,Zeiten im Erb¬ || zinß.
11,2,3422,3423,¬,hun,dert,hundert,join,high,joined form occurs elsewhere in this corpus,False,45,,0,,7,,schreibe drey hun¬ || dert Rthaler
11,2,3425,3426,¬,schrei,be,schreibe,join,high,joined form occurs elsewhere in this corpus,False,49,,0,,11,,hufen 900 rthl schrei¬ || be Neunhundert
11,2,3427,3429,,Rthl,Rthler,,catchword,high,unmarked catchword: the page ends with the word the next page begins,True,,,,,,,Rthl. || Rthler u zwar
11,3,3439,3440,¬,ver,bindlich,verbindlich,join,high,joined form occurs elsewhere in this corpus,False,12,,3,,5,,macht sich ver¬ || bindlich für die¬
11,3,3440,3441,¬,die,se,diese,join,high,joined form occurs elsewhere in this corpus,False,85,,604,,8,,bindlich für die¬ || se acquirirte
11,3,3443,3444,¬,die,ses,dieses,join,high,joined form occurs elsewhere in this corpus,False,93,,604,,11,,Johannis die¬ || ses Jahres ab
11,3,3448,3449,¬,er,höhet,erhöhet,join,high,joined form occurs elsewhere in this corpus,False,6,,57,,2,,der nie er¬ || höhet oder ver¬
11,3,3449,3450,¬,ver,mindert,vermindert,join,high,joined form occurs elsewhere in this corpus,False,2,,3,,3,,höhet oder ver¬ || mindert wer¬
11,3,3450,3451,¬,wer,den,werden,join,high,joined form occurs elsewhere in this corpus,False,143,,0,,482,,mindert wer¬ || den darf pro
11,3,3461,3462,¬,Weynach,ten,Weynachten,join,high,joined form occurs elsewhere in this corpus,False,10,,1,,141,,Raten zu Weynach¬ || ten u zu Johanni
11,3,3465,3467,,und,und,,catchword,high,unmarked catchword: the page ends with the word the next page begins,True,,,,,,,und || und zwanzig Rthaler
11,4,3474,3475,¬,die,ses,dieses,join,high,joined form occurs elsewhere in this corpus,False,93,,604,,11,,Waynachten die¬ || ses Jahren zum
11,4,3489,3490,¬,bewür,ken,bewürken,join,high,joined form occurs elsewhere in this corpus,False,4,,0,,4,,"selbst bewür¬ || ken, er erhalt"
11,5,3508,3509,¬,Com,petenz,Competenz,join,high,joined form occurs elsewhere in this corpus,False,6,,1,,3,,so wie die Com¬ || petenz fürs Kloster
11,5,3510,3511,¬,Ab,geben,Abgeben,join,high,joined form occurs elsewhere in this corpus,False,1,,16,,9,,Ląd und die Ab¬ || geben an die
11,5,3512,3513,¬,Rauch,fangsgeld,Rauchfangsgeld,split,high,joined form unattested; both halves are real words,False,0,0,1,511503,2,0,"Genstlichkeit, Rauch¬ || fangsgeld, faurage"
11,5,3516,3517,¬,Ausnah,me,Ausnahme,join,high,joined form occurs elsewhere in this corpus,False,10,,0,,3,,ohne alle Ausnah¬ || me zu berichtigen
11,5,3525,3526,¬,Brandt,wein,Brandtwein,join,high,joined form occurs elsewhere in this corpus,False,11,,1,,5,,ein Bier u Brandt¬ || wein aus dem
11,5,3530,3531,¬,Contraven,tions,Contraventions,join,high,joined form occurs elsewhere in this corpus,False,2,,0,,2,,und im Contraven¬ || tions Fall für
11,5,3532,3533,¬,eingebrach,ten,eingebrachten,join,high,joined form occurs elsewhere in this corpus,False,2,,0,,141,,jeden eingebrach¬ || ten Garniec frem¬
11,5,3533,3534,¬,frem,den,fremden,join,high,joined form occurs elsewhere in this corpus,False,5,,0,,482,,ten Garniec frem¬ || den Brandtwein
11,5,3538,3539,¬,Stra,fe,Strafe,join,high,joined form occurs elsewhere in this corpus,False,11,,0,,2,,fünf Rthaler Stra¬ || fe der Grund¬
11,5,3539,3540,¬,Grund,herrschafft,Grundherrschafft,join,high,joined form occurs elsewhere in this corpus,False,1,,44,,6,,fe der Grund¬ || herrschafft er¬
11,5,3540,3541,¬,er,legen,erlegen,join,high,joined form occurs elsewhere in this corpus,False,7,,57,,5,,herrschafft er¬ || legen.
11,6,3549,3550,¬,Do,miniis,Dominiis,split,high,joined form unattested; both halves are real words,False,0,0,15,985368,1,0,des hiesigen Do¬ || miniis unter
11,6,3561,3562,¬,Nach,folgern,Nachfolgern,join,high,joined form occurs elsewhere in this corpus,False,3,,89,,3,,und seinen Nach¬ || folgern Im besitz
11,6,3574,3575,¬,be,sig,besig,split,high,joined form unattested; both halves are real words,False,0,349,11,105863,2,35258,dergleichen be¬ || sig veränderung
11,6,3576,3577,¬,Kauf,gelde,Kaufgelde,join,high,joined form occurs elsewhere in this corpus,False,4,,79,,2,,man dem Kauf¬ || gelde oder Tausch
11,6,3581,3582,¬,Grundherr,schaft,Grundherrschaft,join,high,joined form occurs elsewhere in this corpus,False,27,,3,,18,,die Grundherr¬ || schaft
11,7,3602,3603,¬,Vieh,sterben,Viehsterben,join,high,joined form occurs elsewhere in this corpus,False,4,,9,,3,,"Mißwachs, Vieh¬ || sterben Krieg"
11,7,3612,3613,-,Grund,herrschaft,Grundherrschaft,join,high,joined form occurs elsewhere in this corpus,False,27,,44,,39,,von der Grund- || herrschaft oder
11,7,3618,3619,¬,Wirth,schafts,Wirthschafts,join,high,joined form occurs elsewhere in this corpus,False,11,,3,,2,,Dein Wohn und Wirth¬ || schafts Gebänder
11,7,3620,3622,,muß,muß,,catchword,high,unmarked catchword: the page ends with the word the next page begins,True,,,,,,,muß || muß ErbPächter
11,8,3623,3624,¬,Nach,folger,Nachfolger,join,high,joined form occurs elsewhere in this corpus,False,47,,89,,9,,nun seiner Nach¬ || folger im Besitz
11,8,3631,3632,¬,Grundherr,schaft,Grundherrschaft,join,high,joined form occurs elsewhere in this corpus,False,27,,3,,18,,dem Grundherr¬ || schaft weder
11,8,3636,3637,¬,die,ser,dieser,join,high,joined form occurs elsewhere in this corpus,False,77,,604,,7,,die Kosten die¬ || ser Contracts
11,8,3638,3639,¬,aus,fertigung,ausfertigung,join,high,joined form occurs elsewhere in this corpus,False,13,,86,,3,,u dessen aus¬ || fertigung bezahlt
11,8,3642,3643,¬,ErbPäch,ter,ErbPächter,join,high,joined form occurs elsewhere in this corpus,False,85,,0,,15,,In lange ErbPäch¬ || ter u seine
11,8,3647,3648,¬,verbindlichkei,ten,verbindlichkeiten,join,high,joined form occurs elsewhere in this corpus,False,4,,0,,141,,verbindlichkei¬ || ten nachkund
11,9,3663,3664,¬,ver,wüsten,verwüsten,join,high,joined form occurs elsewhere in this corpus,False,3,,3,,3,,"diese Stelle ver¬ || wüsten, oder"
11,9,3668,3669,¬,rükstüm,dig,rükstümdig,join,high,head is not a word on its own,False,0,0,0,0,4,,Jahre rükstüm¬ || dig bleiben
11,9,3673,3674,¬,Grundherr,schaft,Grundherrschaft,join,high,joined form occurs elsewhere in this corpus,False,27,,3,,18,,die Grundherr¬ || schaft wird be¬
11,9,3674,3675,¬,be,rechtiget,berechtiget,join,high,joined form occurs elsewhere in this corpus,False,4,,11,,2,,"schaft wird be¬ || rechtiget seyn,"
11,9,3676,3677,¬,an,derweit,anderweit,join,high,joined form occurs elsewhere in this corpus,False,6,,215,,4,,diese Stelle an¬ || derweit mus¬
11,9,3677,3678,¬,mus,gethan,musgethan,split,high,joined form unattested; both halves are real words,False,0,0,0,41892,3,2127,derweit mus¬ || gethan.
11,9,3682,3683,¬,Con,tract,Contract,join,high,joined form occurs elsewhere in this corpus,False,99,,0,,5,,Erbzinß Con¬ || tract fest und
11,9,3687,3688,¬,darin,der,darinder,split,high,joined form unattested; both halves are real words,False,0,0,13,5060640,698,0,allen darin¬ || der statt fin
11,9,3689,3690,¬,Rechts,Ausflüchten,RechtsAusflüchten,split,high,joined form unattested; both halves are real words,False,0,0,12,5914140,10,24644,denden Rechts¬ || Ausflüchten be
11,9,3691,3693,¬,son,besonders,sonbesonders,catchword,held,"held: be|son¬ at the page foot previews besonders, written out in full on the next page.",True,0,0,0,80440,22,15652987,son¬ || besonders dem
11,10,3695,3696,¬,Ueber,redung,Ueberredung,join,high,joined form occurs elsewhere in this corpus,False,5,,3,,5,,"artigen Ueber¬ || redung, Ueber¬"
11,10,3696,3697,¬,Ueber,nebung,Uebernebung,split,high,joined form unattested; both halves are real words,False,0,0,3,444973,1,7,"redung, Ueber¬ || nebung seiner"
11,10,3703,3704,¬,ver,schriebener,verschriebener,join,high,joined form occurs elsewhere in this corpus,False,3,,3,,4,,deter als ver¬ || schriebener Sachen
11,10,3708,3709,¬,Ab,heiten,Abheiten,split,high,joined form unattested; both halves are real words,False,0,0,16,49097723,2,2660,"Entstagung Ab¬ || heiten, des"
11,10,3711,3712,¬,war,den,warden,join,high,"joined form attested in DWDS (20,295 hits)",False,0,20295,8,,482,,belehrt war¬ || den.
11,10,3713,3714,¬,Durch,laucht,Durchlaucht,join,high,joined form occurs elsewhere in this corpus,False,130,,84,,18,,Sr. Hochfürstl. Durch¬ || laucht willigen
11,10,3716,3717,¬,Erb,Pächter,ErbPächter,join,high,joined form occurs elsewhere in this corpus,False,85,,32,,46,,"rin, daß Erb¬ || Pächter auf"
11,11,3734,3735,¬,vor,gelesen,vorgelesen,join,high,joined form occurs elsewhere in this corpus,False,7,,43,,28,,würklich vor¬ || gelesen wor¬
11,11,3735,3736,¬,wor,den,worden,join,high,joined form occurs elsewhere in this corpus,False,52,,1,,482,,"gelesen wor¬ || den, sohmben"
11,11,3738,3739,¬,geneh,migt,genehmigt,join,high,joined form occurs elsewhere in this corpus,False,14,,0,,1,,überall geneh¬ || migt u sich nach¬
11,11,3739,3740,¬,nach,stehend,nachstehend,join,high,joined form occurs elsewhere in this corpus,False,9,,89,,1,,migt u sich nach¬ || stehend eigen¬
11,11,3740,3741,¬,eigen,händig,eigenhändig,join,high,joined form occurs elsewhere in this corpus,False,17,,1,,4,,stehend eigen¬ || händig unter¬
11,11,3741,3742,¬,unter,schrieben,unterschrieben,join,high,joined form occurs elsewhere in this corpus,False,21,,67,,9,,händig unter¬ || schrieben.
12,1,3751,3752,¬,Patri,monial,Patrimonial,join,high,joined form occurs elsewhere in this corpus,False,11,,0,,3,,Vor unterschriebenem Patri¬ || monial Gerichte er¬
12,1,3752,3753,¬,er,schienen,erschienen,join,high,joined form occurs elsewhere in this corpus,False,17,,57,,1,,monial Gerichte er¬ || schienen
12,1,3755,3756,¬,Trie,benfeld,Triebenfeld,join,high,joined form occurs elsewhere in this corpus,False,46,,0,,2,,Forst Rath v. Trie¬ || benfeld als bekannt¬
12,1,3756,3757,¬,bekannt,licher,bekanntlicher,join,high,joined form occurs elsewhere in this corpus,False,1,,22,,6,,benfeld als bekannt¬ || licher General-Be¬
12,1,3757,3758,¬,Be,vollmächtigter,Bevollmächtigter,join,high,joined form occurs elsewhere in this corpus,False,17,,11,,4,,licher General-Be¬ || vollmächtigter Sr.
12,1,3759,3760,¬,re,gierenden,regierenden,join,high,joined form occurs elsewhere in this corpus,False,28,,5,,5,,Durchlaucht des re¬ || gierenden Herrn
12,1,3770,3771,¬,Pietrzykowo,andrer,Pietrzykowoandrer,join,high,head is not a word on its own,False,0,0,0,0,4,,aus Pietrzykowo¬ || andrer Seits.
12,1,3775,3776,¬,fähigkei,ten,fähigkeiten,join,high,joined form occurs elsewhere in this corpus,False,3,,0,,141,,und ihre fähigkei¬ || ten zur Vollziehung
12,1,3777,3778,¬,hand,lungen,handlungen,join,high,joined form occurs elsewhere in this corpus,False,6,,3,,2,,gewähtlicher hand¬ || lungen keinem
12,1,3781,3782,¬,ver,lautbaren,verlautbaren,join,high,joined form occurs elsewhere in this corpus,False,2,,3,,4,,dieselben ver¬ || lautbaren frey¬
12,1,3782,3783,¬,frey,willig,freywillig,join,high,joined form occurs elsewhere in this corpus,False,5,,36,,5,,lautbaren frey¬ || willig und wohl¬
12,1,3783,3784,¬,wohl,bedächtig,wohlbedächtig,join,high,joined form occurs elsewhere in this corpus,False,9,,17,,2,,willig und wohl¬ || bedächtig nach¬
12,1,3784,3785,¬,nach,stehenden,nachstehenden,join,high,joined form occurs elsewhere in this corpus,False,8,,89,,2,,bedächtig nach¬ || stehenden unter
12,1,3788,3789,¬,abgeän,dern,abgeändern,join,high,head is not a word on its own,False,0,0,0,6,5,,und im Nichts abgeän¬ || dern
12,1,3789,3791,,dern,dernden,,catchword,high,unmarked catchword: the page ends with the word the next page begins,True,,,,,,,dern || dernden Erbzinß
12,2,3795,3796,¬,nem,lich,nemlich,join,high,joined form occurs elsewhere in this corpus,False,8,,2,,20,,Es verleihen nem¬ || lich Sr. hochfürstl. Durch¬
12,2,3796,3797,¬,Durch,laucht,Durchlaucht,join,high,joined form occurs elsewhere in this corpus,False,130,,84,,18,,lich Sr. hochfürstl. Durch¬ || laucht von dem
12,2,3800,3801,¬,Przy,bysław,Przybysław,split,high,joined form unattested; both halves are real words,False,0,16,2,95,1,0,vorwerke Przy¬ || bysław 6 Hufen
12,2,3805,3806,¬,Trąb,czyner,Trąbczyner,join,high,joined form occurs elsewhere in this corpus,False,14,,0,,1,,Greuzen der Trąb¬ || czyner Gütern 20 Morgen
12,2,3815,3816,¬,Erb,zins,Erbzins,join,high,joined form occurs elsewhere in this corpus,False,10,,32,,11,,"Zeiten in Erb¬ || zins, benebst"
12,2,3817,3818,¬,Przy,bisław,Przybisław,join,high,joined form occurs elsewhere in this corpus,False,1,,2,,1,,denen auf Przy¬ || bisław befindlichen
12,2,3819,3820,¬,Wirth,schaftsgebäuden,Wirthschaftsgebäuden,split,high,joined form unattested; both halves are real words,False,0,0,3,149694,1,5,sämtlichen Wirth¬ || schaftsgebäuden
12,2,3829,3830,¬,ver,liehen,verliehen,join,high,joined form occurs elsewhere in this corpus,False,3,,3,,2,,für die ver¬ || liehen erhaltenen
12,2,3832,3834,¬,Mag,Magdeburg,MagMagdeburg,catchword,high,fragment repeats the next page opening,True,0,,3,,12,,Morgen Mag¬ || Magdeburg. zu
12,3,3838,3839,¬,Ge,bäude,Gebäude,join,high,joined form occurs elsewhere in this corpus,False,14,,6,,1,,und für die Ge¬ || bäude. 100 rt
12,3,3851,3852,¬,Ein,tausend,Eintausend,join,high,joined form occurs elsewhere in this corpus,False,10,,95,,39,,1300 rt schreibe Ein¬ || tausend dreyhundert
12,3,3855,3856,¬,Cou,rant,Courant,join,high,joined form occurs elsewhere in this corpus,False,30,,0,,1,,Cassenmäßigen Cou¬ || rant.
12,3,3862,3863,¬,die,ses,dieses,join,high,joined form occurs elsewhere in this corpus,False,93,,604,,11,,von Johanny die¬ || ses Jahren ab¬
12,3,3863,3864,¬,ab,einen,abeinen,split,high,joined form unattested; both halves are real words,False,0,5,16,49097723,64,0,ses Jahren ab¬ || einen immerwach¬
12,3,3864,3865,¬,immerwach,renden,immerwachrenden,join,high,head is not a word on its own,False,0,0,0,8,6,,einen immerwach¬ || renden Erbzins
12,3,3873,3874,¬,schrei,be,schreibe,join,high,joined form occurs elsewhere in this corpus,False,49,,0,,11,,20 Morgen 100 rthl. schrei¬ || be hundert Rthaler
12,4,3881,3882,¬,jedes,mal,jedesmal,join,high,joined form occurs elsewhere in this corpus,False,8,,10,,7,,zu Johanny jedes¬ || mal mit 50 rt schrei¬
12,4,3882,3883,¬,schrei,be,schreibe,join,high,joined form occurs elsewhere in this corpus,False,49,,0,,11,,mal mit 50 rt schrei¬ || be fünftzig Rthaler
12,4,3887,3888,¬,hie,folglich,hiefolglich,join,high,joined form occurs elsewhere in this corpus,False,1,,2,,2,,salben Jahres hie¬ || folglich auf Way¬
12,4,3888,3889,¬,Way,nachten,Waynachten,join,high,joined form occurs elsewhere in this corpus,False,2,,0,,4,,folglich auf Way¬ || nachten zum ersten
12,4,3905,3906,¬,Ge,rechtigkeit,Gerechtigkeit,join,high,joined form occurs elsewhere in this corpus,False,5,,6,,1,,nach holzungs Ge¬ || rechtigkeit auf
12,4,3916,3918,,und,und,,catchword,high,unmarked catchword: the page ends with the word the next page begins,True,,,,,,,und || und erhalt der
12,5,3924,3925,¬,Sommer,Feldes,SommerFeldes,split,high,joined form unattested; both halves are real words,False,0,0,1,6574192,1,3092191,jetzigen Sommer¬ || Feldes zu Ausführen
12,5,3929,3930,¬,Grundherr,schaft,Grundherrschaft,join,high,joined form occurs elsewhere in this corpus,False,27,,3,,18,,"der Grundherr¬ || schaft, u zwar"
12,5,3933,3934,¬,ge,stellet,gestellet,split,high,joined form unattested; both halves are real words,False,0,248,6,215421,1,29433659,ohnentgeldlich ge¬ || stellet.
12,5,3936,3937,¬,Baa,ren,Baaren,join,high,joined form occurs elsewhere in this corpus,False,4,,0,,9,,Ausser dem Baa¬ || ren Erbzinse ver¬
12,5,3937,3938,¬,ver,pflichtet,verpflichtet,join,high,joined form occurs elsewhere in this corpus,False,14,,3,,3,,ren Erbzinse ver¬ || pflichtet sich Erb¬
12,5,3938,3939,¬,Erb,Pächter,ErbPächter,join,high,joined form occurs elsewhere in this corpus,False,85,,32,,46,,pflichtet sich Erb¬ || Pächter für sich
12,5,3940,3941,¬,Nachkam,men,Nachkammen,split,high,joined form unattested; both halves are real words,False,0,0,0,469084,10,80735,und seine Nachkam¬ || men im besitze
12,5,3946,3947,¬,Com,petenz,Competenz,join,high,joined form occurs elsewhere in this corpus,False,6,,1,,3,,so wie die Com¬ || petenz fürs Kloster
12,5,3948,3949,¬,Abga,ben,Abgaben,join,high,joined form occurs elsewhere in this corpus,False,26,,0,,14,,Ląd und die Abga¬ || ben die Geist
12,5,3956,3958,,ohne,ohne,,catchword,high,unmarked catchword: the page ends with the word the next page begins,True,,,,,,,ohne || ohne hiefür einen
12,6,3974,3975,¬,Gar,niec,Garniec,join,high,joined form occurs elsewhere in this corpus,False,5,,1,,1,,eingebrachter Gar¬ || niec fremden
12,6,3989,3990,¬,Do,minii,Dominii,join,high,joined form occurs elsewhere in this corpus,False,8,,15,,1,,des hiesigen Do¬ || minii unterwor¬
12,6,3990,3991,¬,unterwor,fen,unterworfen,join,high,joined form occurs elsewhere in this corpus,False,9,,0,,4,,"minii unterwor¬ || fen, jedoch vor"
12,6,3993,3994,¬,Lieferun,gen,Lieferungen,join,high,joined form occurs elsewhere in this corpus,False,7,,0,,40,,Natural Lieferun¬ || gen und hufe
12,6,3997,3999,¬,wäh,währende,wähwährende,catchword,high,fragment repeats the next page opening,True,0,,0,,3,,wäh¬ || währende Zeiten
12,7,4003,4004,¬,Nach,folgern,Nachfolgern,join,high,joined form occurs elsewhere in this corpus,False,3,,89,,3,,und seinen Nach¬ || folgern und
12,7,4018,4019,¬,veran,derung,veranderung,split,high,joined form unattested; both halves are real words,False,0,153,0,1940,2,1691,besiz veran¬ || derung von dem
12,7,4024,4025,¬,Grund,herrschaft,Grundherrschaft,join,high,joined form occurs elsewhere in this corpus,False,27,,44,,39,,und die Grund¬ || herrschaft ent¬
12,7,4025,4026,¬,ent,richtet,entrichtet,join,high,joined form occurs elsewhere in this corpus,False,13,,0,,2,,herrschaft ent¬ || richtet werden
12,7,4027,4028,¬,Vererbin,gen,Vererbingen,join,high,head is not a word on its own,False,0,0,0,0,40,,Bei Vererbin¬ || gen an sonder
12,7,4029,4030,¬,ver,wandte,verwandte,join,high,joined form occurs elsewhere in this corpus,False,2,,3,,2,,und Seiten ver¬ || wandte da¬
12,7,4030,4031,¬,da,gen,dagen,join,high,"joined form attested in DWDS (3,419 hits)",False,0,3419,34,,40,,"wandte da¬ || gen, wird kein"
12,7,4032,4033,¬,be,zahlt,bezahlt,join,high,joined form occurs elsewhere in this corpus,False,28,,11,,10,,Laudemium be¬ || zahlt.
12,7,4040,4042,,bey,bey,,catchword,high,unmarked catchword: the page ends with the word the next page begins,True,,,,,,,bey || bey Anglüks fallen
12,8,4045,4046,¬,bü,ser,büser,join,high,"joined form attested in DWDS (5,169 hits)",False,0,5169,0,,7,,"Ansteckung bü¬ || ser Leute, Miß¬"
12,8,4046,4047,¬,Miß,wachs,Mißwachs,join,high,joined form occurs elsewhere in this corpus,False,7,,1,,2,,"ser Leute, Miß¬ || wachs, Hagel¬"
12,8,4047,4048,¬,Hagel,schlag,Hagelschlag,join,high,joined form occurs elsewhere in this corpus,False,3,,0,,2,,"wachs, Hagel¬ || schlag, Ueberschwem¬"
12,8,4048,4049,¬,Ueberschwem,nung,Ueberschwemnung,join,high,head is not a word on its own,False,0,0,0,8,4,,"schlag, Ueberschwem¬ || nung, Viehster¬"
12,8,4049,4050,¬,Viehster,ben,Viehsterben,join,high,joined form occurs elsewhere in this corpus,False,4,,0,,14,,"nung, Viehster¬ || ben, Krieg und"
12,8,4054,4055,¬,ganz,lich,ganzlich,split,high,joined form unattested; both halves are real words,False,0,557,14,44722784,20,61677,"entstehen, ganz¬ || lich Vergicht und"
12,8,4056,4057,¬,die,serhalb,dieserhalb,join,high,joined form occurs elsewhere in this corpus,False,10,,604,,1,,soll ihnen die¬ || serhalb nie eine
12,8,4059,4060,¬,Grund,herrschrift,Grundherrschrift,split,high,joined form unattested; both halves are real words,False,0,0,44,14931215,3,0,von der Grund¬ || herrschrift oder
12,8,4065,4066,¬,die,ses,dieses,join,high,joined form occurs elsewhere in this corpus,False,93,,604,,11,,die Kosten die¬ || ses Contracts
12,8,4067,4068,¬,Aus,fertigung,Ausfertigung,join,high,joined form occurs elsewhere in this corpus,False,13,,86,,3,,und dessen Aus¬ || fertigung be¬
12,8,4068,4069,¬,be,zahlt,bezahlt,join,high,joined form occurs elsewhere in this corpus,False,28,,11,,10,,fertigung be¬ || zahlt der Erb¬
12,8,4069,4070,¬,Erb,Pächter,ErbPächter,join,high,joined form occurs elsewhere in this corpus,False,85,,32,,46,,zahlt der Erb¬ || Pächter.
12,8,4072,4073,¬,Erbpäch,ter,Erbpächter,join,high,joined form occurs elsewhere in this corpus,False,85,,0,,15,,So lange Erbpäch¬ || ter und seine
12,8,4076,4077,¬,obi,gen,obigen,join,high,joined form occurs elsewhere in this corpus,False,3,,0,,40,,"Stelle, allen obi¬ || gen verbind¬"
12,8,4077,4078,¬,verbind,lichkeiten,verbindlichkeiten,join,high,joined form occurs elsewhere in this corpus,False,4,,0,,2,,gen verbind¬ || lichkeiten nach¬
12,8,4078,4079,¬,nach,kom,nachkom,split,high,joined form unattested; both halves are real words,False,0,30,89,156778084,0,24115,lichkeiten nach¬ || kom¬
12,8,4079,4081,¬,kom,kommen,komkommen,catchword,high,fragment repeats the next page opening,True,0,,0,,20,,kom¬ || kommen werden
12,9,4087,4088,¬,Je,dermanns,Jedermanns,join,high,joined form occurs elsewhere in this corpus,False,8,,1,,1,,und gegen Je¬ || dermanns Real
12,9,4091,4092,¬,Erb,Pächter,ErbPächter,join,high,joined form occurs elsewhere in this corpus,False,85,,32,,46,,Sollte aber Erb¬ || Pächter und seine
12,9,4095,4096,¬,jahr,lichen,jahrlichen,join,high,"joined form attested in DWDS (2,534 hits)",False,0,2534,12,,16,,oder den jahr¬ || lichen Erbzinß durch¬
12,9,4096,4097,¬,durch,länger,durchlänger,split,high,joined form unattested; both halves are real words,False,0,5,84,77747868,9,24651117,lichen Erbzinß durch¬ || länger als zwey
12,9,4098,4099,¬,rükstän,dig,rükständig,join,high,head is not a word on its own,False,0,0,0,0,4,,Jahre rükstän¬ || dig bleiben
12,9,4101,4102,¬,Erbpächts,Contract,ErbpächtsContract,split,high,joined form unattested; both halves are real words,False,0,0,2,0,99,5186,dieser Erbpächts¬ || Contract auf
12,9,4103,4104,¬,Grund,herrschrift,Grundherrschrift,split,high,joined form unattested; both halves are real words,False,0,0,44,14931215,3,0,und die Grund¬ || herrschrift wird
12,9,4106,4107,¬,an,derweit,anderweit,join,high,joined form occurs elsewhere in this corpus,False,6,,215,,4,,diese Stelle an¬ || derweit aus¬
12,9,4107,4108,¬,aus,zuthun,auszuthun,join,high,joined form occurs elsewhere in this corpus,False,5,,86,,2,,derweit aus¬ || zuthun.
12,9,4111,4112,¬,vorstehen,den,vorstehenden,join,high,joined form occurs elsewhere in this corpus,False,7,,2,,482,,den vorstehen¬ || den Erbzinß
12,9,4114,4115,¬,unverbruch,lich,unverbruchlich,join,high,joined form occurs elsewhere in this corpus,False,1,,1,,20,,und unverbruch¬ || lich einzuhalten
12,9,4119,4121,¬,Rechts,Rechts,RechtsRechts,catchword,held,held: Rechts¬ at the page foot previews Rechts Ausflüchten on the next page.,True,0,23,12,5914140,12,5914140,Rechts¬ || Rechts Ausflüchten
12,10,4124,4125,¬,Ueber,redung,Ueberredung,join,high,joined form occurs elsewhere in this corpus,False,5,,3,,5,,"listigen Ueber¬ || redung, Ueber¬"
12,10,4125,4126,¬,Ueber,eilung,Uebereilung,join,high,joined form occurs elsewhere in this corpus,False,2,,3,,2,,"redung, Ueber¬ || eilung, einer"
12,10,4132,4133,¬,verschrie,bener,verschriebener,join,high,joined form occurs elsewhere in this corpus,False,3,,0,,4,,als verschrie¬ || bener Sachen
12,10,4139,4140,¬,wer,den,werden,join,high,joined form occurs elsewhere in this corpus,False,143,,0,,482,,belehrt wer¬ || den.
12,10,4141,4142,¬,Durch,laucht,Durchlaucht,join,high,joined form occurs elsewhere in this corpus,False,130,,84,,18,,Sr. Hochfürstl. Durch¬ || laucht willigen
12,10,4143,4144,¬,da,rin,darin,join,high,joined form occurs elsewhere in this corpus,False,13,,34,,2,,"ausdrücklich da¬ || rin, daß Erb¬"
12,10,4144,4145,¬,Erb,Pächter,ErbPächter,join,high,joined form occurs elsewhere in this corpus,False,85,,32,,46,,"rin, daß Erb¬ || Pächter auf"
12,10,4146,4147,¬,die,ser,dieser,join,high,joined form occurs elsewhere in this corpus,False,77,,604,,7,,den Grund die¬ || ser Contracts
12,10,4155,4157,¬,Wei,Weiter,WeiWeiter,catchword,high,fragment repeats the next page opening,True,0,,0,,8,,Wei¬ || Weiter hatten
12,11,4162,4163,¬,ver,gelesen,vergelesen,split,high,joined form unattested; both halves are real words,False,0,9,3,0,28,10093186,wortlich ver¬ || gelesen wür¬
12,11,4163,4164,¬,wür,den,würden,join,high,joined form occurs elsewhere in this corpus,False,5,,0,,482,,"gelesen wür¬ || den, so haben"
12,11,4169,4170,¬,un,terstheiben,unterstheiben,split,high,joined form unattested; both halves are real words,False,0,0,1,594768,1,0,genhändig un¬ || terstheiben.
13,1,4181,4182,¬,Bevollmäch,tigter,Bevollmächtigter,join,high,joined form occurs elsewhere in this corpus,False,17,,0,,1,,von Triebenfeld General Bevollmäch¬ || tigter Sr Durchlaucht des Regierenden Fürs
13,1,4183,4184,¬,Ge,richts,Gerichts,join,high,joined form occurs elsewhere in this corpus,False,28,,6,,2,,"zu Hohenlohe Ingelfingen, Erb. und Ge¬ || richts Herr derer hiesigen Güter, einer"
13,1,4187,4188,¬,ge,schloßen,geschloßen,join,high,joined form occurs elsewhere in this corpus,False,16,,6,,1,,dato folgender Contract verabredet und ge¬ || schloßen.
13,1,4190,4191,¬,Trieben,Feld,TriebenFeld,join,high,joined form occurs elsewhere in this corpus,False,46,,0,,14,,s überläßt der Krieges = Rath von Trieben¬ || Feld. dem Herrn Tschachmann von den
13,1,4194,4195,¬,Mag,deburgische,Magdeburgische,split,high,joined form unattested; both halves are real words,False,0,209,3,25146106,2,0,"von 20. Hufen, sage Zwanzig Hufen Mag¬ || deburgische Maas, die Hufe zu 30. Morgen"
13,1,4197,4198,¬,Ko,poyner,Kopoyner,split,high,joined form unattested; both halves are real words,False,0,0,0,100660,1,348,"auf ewige Zeiten und zwar auf der Ko¬ || poyner Seite, neben des Fürst. Inspector T"
13,2,4215,4216,¬,Nach,Folger,NachFolger,join,high,joined form occurs elsewhere in this corpus,False,47,,89,,9,,"ichtet Herr Erb. Annehmer, und seine Nach¬ || Folger im Besizze von jeder Magdeburg Hufe"
13,2,4218,4219,¬,Herr,schaftliche,Herrschaftliche,join,high,joined form occurs elsewhere in this corpus,False,6,,107,,1,,"Fünfzehn Rthaler in Courant an die Herr¬ || schaftliche Casse, und zwar in halbjährige"
13,2,4220,4221,¬,jedes,mahl,jedesmahl,join,high,joined form occurs elsewhere in this corpus,False,3,,10,,7,,Raten auf Johanni und Weynachten jedes¬ || mahl Sieben rttlr Zwölf gute Groschen.
13,2,4225,4226,¬,der,selbe,derselbe,join,high,joined form occurs elsewhere in this corpus,False,28,,698,,5,,"sthaler dato richtig bezahlt, worüber der¬ || selbe hiermit quittirt wird, und versprich"
13,2,4227,4228,¬,fünf,Tausend,fünfTausend,join,high,joined form occurs elsewhere in this corpus,False,1,,33,,39,,. der ganzen Summa mit 5800 rt. sage fünf¬ || Tausend Achthundert Reichsthaler den 22ten
13,2,4229,4230,¬,zuerle,gen,zuerlegen,join,high,head is not a word on its own,False,0,50,0,0,40,,ieses Jahres hier in Trąbczyn baar zuerle¬ || gen.
13,2,4233,4234,¬,zu,gemessen,zugemessen,join,high,joined form occurs elsewhere in this corpus,False,2,,610,,1,,ollen dem Herrn Erb: Annehmer baldigst zu¬ || gemessen und in Besizz tradirt werden
13,2,4240,4241,¬,bezah,len,bezahlen,join,high,joined form occurs elsewhere in this corpus,False,26,,0,,7,,"err Erbpächter und deßen Nachkäufer bezah¬ || len die auf ihren Hufen, welche sie an"
13,2,4245,4246,¬,sol,ches,solches,join,high,joined form occurs elsewhere in this corpus,False,29,,1,,2,,"den Marktpreißen vergütigen, und soll sol¬ || ches treulich nachgewiesen werden."
13,3,4272,4273,¬,übri,gen,übrigen,join,high,joined form occurs elsewhere in this corpus,False,18,,0,,40,,Dem jetzigen Erbpächter so wie den übri¬ || gen Annehmern steht es frey ihre Stellen
13,3,4274,4275,¬,ver,äußern,veräußern,join,high,joined form occurs elsewhere in this corpus,False,5,,3,,2,,"auf jede beliebige Art an andere zu ver¬ || äußern, es muß aber bei einer jeden Be¬"
13,3,4275,4276,¬,Be,sizz,Besizz,join,high,joined form occurs elsewhere in this corpus,False,2,,11,,1,,"äußern, es muß aber bei einer jeden Be¬ || sizz Veränderung es sey durch Verkauf"
13,4,4285,4286,¬,berich,tiget,berichtiget,join,high,joined form occurs elsewhere in this corpus,False,8,,0,,3,,auszubezahlen bis das Laudemium berich¬ || tiget ist.
13,4,4289,4290,¬,R,thaler,Rthaler,join,high,joined form occurs elsewhere in this corpus,False,46,,4,,42,,"att, die einmal festgesetzten, fünfzehn R¬ || thaler pro Hufe bleiben für immerwährende"
13,4,4293,4294,¬,blei,ben,bleiben,join,high,joined form occurs elsewhere in this corpus,False,16,,0,,14,,"Erbpächter, so wie deßen Nachkäuffer blei¬ || ben für immer von aller Erbunterthänig¬"
13,4,4294,4295,¬,Erbunterthänig,keit,Erbunterthänigkeit,join,high,joined form occurs elsewhere in this corpus,False,1,,0,,3,,"ben für immer von aller Erbunterthänig¬ || keit völlig frey, und dürfen auch der Grun"
13,4,4295,4296,¬,Grund,herrschaft,Grundherrschaft,join,high,joined form occurs elsewhere in this corpus,False,27,,44,,39,,"it völlig frey, und dürfen auch der Grund¬ || herrschaft nicht den geringsten Hofe Diens"
13,4,4305,4306,¬,Nachkäu,fern,Nachkäufern,join,high,head is not a word on its own,False,0,134,0,8,3,,Herr Tschachmann mit seinen Nachkäu¬ || fern sich dieses auch unterziehen muß.
13,4,4312,4313,¬,Brand,wein,Brandwein,join,high,joined form occurs elsewhere in this corpus,False,2,,3,,5,,fremden Gütern einbringende Quart Brand¬ || wein
13,5,4325,4326,¬,Confirma,tion,Confirmation,join,high,joined form occurs elsewhere in this corpus,False,11,,0,,7,,Die Kosten des Contracts deßen Confirma¬ || tion und Ausfertigung übernimmt Erbpächter
13,5,4329,4330,¬,Nachfol,ger,Nachfolger,join,high,joined form occurs elsewhere in this corpus,False,47,,0,,5,,So lange Erbpächter und seine Nachfol¬ || ger im Besizze diesen obbeschriebenen Ver¬
13,5,4330,4331,¬,Ver,bindlichkeiten,Verbindlichkeiten,join,high,joined form occurs elsewhere in this corpus,False,4,,3,,3,,"ger im Besizze diesen obbeschriebenen Ver¬ || bindlichkeiten nachkommen werden, sollen"
13,5,4342,4343,¬,vorste,senden,vorstesenden,join,high,head is not a word on its own,False,0,0,0,267,3,,"Beide Theile versprochen, den vorste¬ || senden Erbzins Contract fest und unver¬"
13,5,4343,4344,¬,unver,brechlich,unverbrechlich,split,high,joined form unattested; both halves are real words,False,0,0,0,1067,1,10,senden Erbzins Contract fest und unver¬ || brechlich einzuhalten und entsagen
13,5,4345,4347,,allen,allen,,catchword,high,unmarked catchword: the page ends with the word the next page begins,True,,,,,,,allen || allen dawider stattfindenden Rechtsaus¬
13,6,4347,4348,¬,Rechtsaus,flüchten,Rechtsausflüchten,join,high,head is not a word on its own,False,0,0,0,34,1,,allen dawider stattfindenden Rechtsaus¬ || flüchten besonders dem Einwand einer listi
13,6,4348,4349,¬,listi,gen,listigen,join,high,joined form occurs elsewhere in this corpus,False,9,,0,,40,,"lüchten besonders dem Einwand einer listi¬ || gen Ueberredung, Uebereilung einer vorge¬"
13,6,4349,4350,¬,vorge,fallenen,vorgefallenen,join,high,joined form occurs elsewhere in this corpus,False,6,,0,,2,,"gen Ueberredung, Uebereilung einer vorge¬ || fallenen Verlezzung über und unter der Häl"
13,6,4351,4352,¬,Sa,chen,Sachen,join,high,joined form occurs elsewhere in this corpus,False,10,,0,,9,,"ders verabgeredeter als verschriebener Sa¬ || chen, und haben sich wie nachstehend mit"
13,6,4357,4358,¬,Fürst,zu,Fürstzu,split,high,joined form unattested; both halves are real words,False,0,0,28,391074,610,403356332,evollmächtigter Sie durchlaucht das Fürst¬ || zu Hohenlohe Ingelfingen.
14,1,4367,4368,¬,Patri,monial,Patrimonial,join,high,joined form occurs elsewhere in this corpus,False,11,,0,,3,,Von dem hiesigen Patri¬ || monial Gerichte
14,1,4369,4370,¬,persön,lich,persönlich,join,high,joined form occurs elsewhere in this corpus,False,16,,0,,20,,"erschienen persön¬ || lich,"
14,1,4372,4373,¬,Trie,benfeld,Triebenfeld,join,high,joined form occurs elsewhere in this corpus,False,46,,0,,2,,und Forst Rath v Trie¬ || benfeld als bekannt¬
14,1,4373,4374,¬,bekannt,licher,bekanntlicher,join,high,joined form occurs elsewhere in this corpus,False,1,,22,,6,,benfeld als bekannt¬ || licher General Bevoll¬
14,1,4374,4375,¬,Bevoll,mächtigter,Bevollmächtigter,join,high,joined form occurs elsewhere in this corpus,False,17,,0,,2,,licher General Bevoll¬ || mächtigter Sr. Durchlaucht
14,1,4378,4379,¬,Ingelfin,gen,Ingelfingen,join,high,joined form occurs elsewhere in this corpus,False,49,,2,,40,,"Hohenlohe Ingelfin¬ || gen, Erkund Gericht"
14,1,4387,4388,¬,sind,denen,sinddenen,split,high,joined form unattested; both halves are real words,False,0,0,101,835493046,49,409402783,Comparenten sind¬ || denen Subforestis
14,1,4392,4393,¬,hinndlun,gen,hinndlungen,join,high,head is not a word on its own,False,0,0,0,0,40,,gerichtliche hinndlun¬ || gen gültig zu voll¬
14,1,4393,4394,¬,voll,ziehen,vollziehen,join,high,joined form occurs elsewhere in this corpus,False,5,,0,,2,,gen gültig zu voll¬ || ziehen.
14,1,4395,4396,¬,ver,lautbaren,verlautbaren,join,high,joined form occurs elsewhere in this corpus,False,2,,3,,4,,Dieselben ver¬ || lautbaren frey¬
14,1,4396,4397,¬,frey,willig,freywillig,join,high,joined form occurs elsewhere in this corpus,False,5,,36,,5,,lautbaren frey¬ || willig u wohlbe¬
14,1,4397,4398,¬,wohlbe,dächtig,wohlbedächtig,join,high,joined form occurs elsewhere in this corpus,False,9,,0,,1,,willig u wohlbe¬ || dächtig folgenden
14,2,4403,4404,¬,abzuan,dernden,abzuandernden,join,high,head is not a word on its own,False,0,0,0,0,2,,u in Nichts abzuan¬ || dernden Erbzinß
14,2,4420,4421,¬,Vorwerksge,bünden,Vorwerksgebünden,join,high,head is not a word on its own,False,0,0,0,0,1,,Vorwerksge¬ || bünden von
14,2,4425,4426,¬,Gra,ben,Graben,join,high,joined form occurs elsewhere in this corpus,False,1,,0,,14,,an den Mühlen Gra¬ || ben mit Inbe
14,2,4429,4430,¬,Obst,Gartens,ObstGartens,split,high,joined form unattested; both halves are real words,False,0,0,1,904441,2,3946881,liegenden Obst¬ || Gartens von
14,3,4438,4439,¬,Ein,kaufsgeld,Einkaufsgeld,join,high,joined form occurs elsewhere in this corpus,False,2,,95,,1,,stell zahlt an Ein¬ || kaufsgeld für
14,3,4457,4458,¬,fünf,zig,fünfzig,join,high,joined form occurs elsewhere in this corpus,False,12,,33,,8,,Siebenhundert fünf¬ || zig Rthaler mit
14,3,4466,4467,¬,ver,bindlich,verbindlich,join,high,joined form occurs elsewhere in this corpus,False,12,,3,,5,,Titz macht sich ver¬ || bindlich für die
14,3,4470,4471,¬,ab,einen,abeinen,split,high,joined form unattested; both halves are real words,False,0,5,16,49097723,64,0,dieses Jahres ab¬ || einen immerwäh¬
14,3,4471,4472,¬,immerwäh,ren,immerwähren,join,high,head is not a word on its own,False,0,6,0,9,9,,einen immerwäh¬ || ren
14,4,4477,4478,¬,wer,dendurf,werdendurf,split,high,joined form unattested; both halves are real words,False,0,0,0,26528628,1,0,"vermindet wer¬ || dendurf, pro"
14,4,4483,4484,¬,schrei,be,schreibe,join,high,joined form occurs elsewhere in this corpus,False,49,,0,,11,,hufen 75 rt schrei¬ || be fünft und Sieben¬
14,4,4484,4485,¬,Sieben,zig,Siebenzig,join,high,joined form occurs elsewhere in this corpus,False,2,,4,,8,,be fünft und Sieben¬ || zig Rthaler in
14,4,4488,4489,¬,Wey,nachten,Weynachten,join,high,joined form occurs elsewhere in this corpus,False,10,,0,,4,,Raten zu Wey¬ || nachten und Johannis
14,4,4498,4499,¬,Ein,kaufs,Einkaufs,join,high,joined form occurs elsewhere in this corpus,False,9,,95,,14,,haltte der Ein¬ || kaufs geldes
14,4,4500,4501,¬,wer,den,werden,join,high,joined form occurs elsewhere in this corpus,False,143,,0,,482,,"der 75 ortum, wer¬ || den bis zum"
14,5,4515,4516,¬,Bau,hulfe,Bauhulfe,split,high,joined form unattested; both halves are real words,False,0,0,17,4421760,1,25,sonstige Bau¬ || hulfe erhält
14,5,4517,4518,¬,bewür,ken,bewürken,join,high,joined form occurs elsewhere in this corpus,False,4,,0,,4,,selbst bewür¬ || ken.
14,5,4520,4521,¬,baa,ren,baaren,join,high,joined form occurs elsewhere in this corpus,False,4,,0,,9,,Ausser diesem baa¬ || ren Erbzinße ver¬
14,5,4521,4522,¬,ver,pflichtet,verpflichtet,join,high,joined form occurs elsewhere in this corpus,False,14,,3,,3,,ren Erbzinße ver¬ || pflichtet sich ErbPach¬
14,5,4522,4523,¬,ErbPach,ter,ErbPachter,join,high,joined form occurs elsewhere in this corpus,False,3,,0,,15,,pflichtet sich ErbPach¬ || ter für sich und seine
14,5,4530,4531,¬,Com,petenz,Competenz,join,high,joined form occurs elsewhere in this corpus,False,6,,1,,3,,sowie die Com¬ || petenz fürs Kloster
14,5,4536,4537,¬,vor,lommt,vorlommt,split,high,joined form unattested; both halves are real words,False,0,0,43,105411485,1,69,"was sonst vor¬ || lommt, ohne alle"
14,5,4538,4539,¬,berich,tigen,berichtigen,join,high,joined form occurs elsewhere in this corpus,False,23,,0,,3,,"Ausnahme zu berich¬ || tigen, ohne hiefür"
14,6,4542,4543,¬,wur,nem,wurnem,split,high,joined form unattested; both halves are real words,False,0,0,0,12115,2,195780,einen Erlaß wur¬ || nem Erbzinse zu
14,6,4548,4549,¬,getrunk,am,getrunkam,join,high,head is not a word on its own,False,0,0,0,101,22,,sein getrunk¬ || am Bier und
14,6,4551,4552,¬,Herr,schaft,Herrschaft,join,high,joined form occurs elsewhere in this corpus,False,39,,107,,18,,"mit dem Herr¬ || schaft, frage"
14,6,4565,4566,¬,Grundherr,schaft,Grundherrschaft,join,high,joined form occurs elsewhere in this corpus,False,27,,3,,18,,der Grundherr¬ || schaft erlegen.
14,6,4570,4571,¬,die,ser,dieser,join,high,joined form occurs elsewhere in this corpus,False,77,,604,,7,,"um Biesigge die¬ || ser Stelle, sind"
14,6,4574,4575,¬,unter,worfen,unterworfen,join,high,joined form occurs elsewhere in this corpus,False,9,,67,,2,,"konnen unter¬ || worfen, jedoch"
14,7,4586,4587,¬,Nach,folgern,Nachfolgern,join,high,joined form occurs elsewhere in this corpus,False,3,,89,,3,,und seinen Nach¬ || folgern anlie¬
14,7,4587,4588,¬,anlie,sig,anliesig,join,high,head is not a word on its own,False,0,0,0,115,2,,"folgern anlie¬ || sig, steht es frey,"
14,7,4591,4592,¬,Ver,kauf,Verkauf,join,high,joined form occurs elsewhere in this corpus,False,18,,3,,79,,dere durch Ver¬ || kauf oder ver¬
14,7,4592,4593,¬,ver,tausch,vertausch,join,high,joined form occurs elsewhere in this corpus,False,4,,3,,10,,kauf oder ver¬ || tausch zu vermü¬
14,7,4593,4594,¬,vermü,ßern,vermüßern,join,high,head is not a word on its own,False,0,0,0,91,2,,"tausch zu vermü¬ || ßern, jedoch muß"
14,7,4596,4597,¬,Grundherr,schrift,Grundherrschrift,split,high,joined form unattested; both halves are real words,False,0,0,3,15478,5,945581,der Grundherr¬ || schrift geschehen
14,7,4605,4606,¬,Grund,herrschaft,Grundherrschaft,join,high,joined form occurs elsewhere in this corpus,False,27,,44,,39,,an die Grund¬ || herrschaft ent¬
14,7,4606,4607,¬,ent,richtet,entrichtet,join,high,joined form occurs elsewhere in this corpus,False,13,,0,,2,,herrschaft ent¬ || richtet werden
14,7,4608,4609,¬,vererbun,gen,vererbungen,join,high,joined form occurs elsewhere in this corpus,False,4,,0,,40,,ben vererbun¬ || gen an Kinder
14,7,4610,4611,¬,ver,wandte,verwandte,join,high,joined form occurs elsewhere in this corpus,False,2,,3,,2,,und Seiten ver¬ || wandte dagegen
14,7,4612,4614,,wird,wird,,catchword,high,unmarked catchword: the page ends with the word the next page begins,True,,,,,,,wird || wird kein Lau¬
14,8,4614,4615,¬,Lau,demium,Laudemium,join,high,joined form occurs elsewhere in this corpus,False,24,,0,,1,,wird kein Lau¬ || demium bezahlt.
14,8,4621,4622,¬,Remis,sionen,Remissionen,join,high,joined form occurs elsewhere in this corpus,False,4,,0,,1,,und jede Remis¬ || sionen bei Un¬
14,8,4622,4623,¬,Un,glückfüllen,Unglückfüllen,split,high,joined form unattested; both halves are real words,False,0,0,1,594768,1,0,"sionen bei Un¬ || glückfüllen, welche"
14,8,4625,4626,¬,An,stekung,Anstekung,join,high,joined form occurs elsewhere in this corpus,False,1,,215,,1,,Himmel durch An¬ || stekung böser
14,8,4627,4628,¬,haagel,schlag,haagelschlag,join,high,joined form occurs elsewhere in this corpus,False,2,,0,,2,,"leute, haagel¬ || schlag Mißwachs"
14,8,4631,4632,¬,ir,gend,irgend,join,high,joined form occurs elsewhere in this corpus,False,12,,0,,1,,oder auf ir¬ || gend eine an¬
14,8,4632,4633,¬,an,der,ander,join,high,joined form occurs elsewhere in this corpus,False,2,,215,,698,,gend eine an¬ || der wart
14,8,4634,4635,¬,ganz,lich,ganzlich,split,high,joined form unattested; both halves are real words,False,0,557,14,44722784,20,61677,"entstehen, ganz¬ || lich Verzicht, und"
14,8,4639,4640,¬,Grundherr,schaft,Grundherrschaft,join,high,joined form occurs elsewhere in this corpus,False,27,,3,,18,,der Grundherr¬ || schaft uderfr¬
14,8,4640,4641,¬,uderfr,laß,uderfrlaß,join,high,head is not a word on its own,False,0,0,0,0,3,,schaft uderfr¬ || laß von dem
14,8,4645,4646,¬,Wirth,schafts,Wirthschafts,join,high,joined form occurs elsewhere in this corpus,False,11,,3,,2,,Die Wohn und Wirth¬ || schafts gebunde
14,8,4648,4650,,und,und,,catchword,high,unmarked catchword: the page ends with the word the next page begins,True,,,,,,,und || und seine Nachfolger
14,9,4657,4658,¬,Grundherr,schaft,Grundherrschaft,join,high,joined form occurs elsewhere in this corpus,False,27,,3,,18,,der Grundherr¬ || schaft weder
14,9,4662,4663,¬,die,ses,dieses,join,high,joined form occurs elsewhere in this corpus,False,93,,604,,11,,diesen die¬ || ses Contracts
14,9,4665,4666,¬,be,zahlt,bezahlt,join,high,joined form occurs elsewhere in this corpus,False,28,,11,,10,,fertigung be¬ || zahlt der Erb¬
14,9,4666,4667,¬,Erb,Pächter,ErbPächter,join,high,joined form occurs elsewhere in this corpus,False,85,,32,,46,,zahlt der Erb¬ || Pächter.
14,9,4669,4670,¬,ErbPäch,ter,ErbPächter,join,high,joined form occurs elsewhere in this corpus,False,85,,0,,15,,So lange ErbPäch¬ || ter u. seine
14,9,4676,4677,¬,wer,spricht,werspricht,split,high,joined form unattested; both halves are real words,False,0,0,0,26528628,1,15155715,"wird, wer¬ || spricht die Grund¬"
14,9,4677,4678,¬,Grund,herrschaft,Grundherrschaft,join,high,joined form occurs elsewhere in this corpus,False,27,,44,,39,,spricht die Grund¬ || herrschaft sie
14,9,4679,4680,¬,Ge,rechtsamen,Gerechtsamen,join,high,joined form occurs elsewhere in this corpus,False,7,,6,,1,,bei ihren Ge¬ || rechtsamen
14,9,4683,4685,¬,ge,gegen,gegegen,catchword,high,fragment repeats the next page opening,True,0,,6,,24,,ge¬ || gegen Jeder
14,10,4686,4687,¬,An,sprüche,Ansprüche,join,high,joined form occurs elsewhere in this corpus,False,9,,215,,1,,manns Real An¬ || sprüche zu ver¬
14,10,4687,4688,¬,ver,treten,vertreten,join,high,joined form occurs elsewhere in this corpus,False,11,,3,,2,,sprüche zu ver¬ || treten.
14,10,4689,4690,¬,Erb,Pächter,ErbPächter,join,high,joined form occurs elsewhere in this corpus,False,85,,32,,46,,Sollte aber Erb¬ || Pächter oder
14,10,4692,4693,¬,ver,wüsten,verwüsten,join,high,joined form occurs elsewhere in this corpus,False,3,,3,,3,,"diese Stelle ver¬ || wüsten, oder"
14,10,4697,4698,¬,rükstän,dig,rükständig,join,high,head is not a word on its own,False,0,0,0,0,4,,Jahre rükstän¬ || dig bleiben
14,10,4702,4703,¬,Grund,herrschaft,Grundherrschaft,join,high,joined form occurs elsewhere in this corpus,False,27,,44,,39,,u die Grund¬ || herrschaft wird
14,10,4705,4706,¬,an,derweit,anderweit,join,high,joined form occurs elsewhere in this corpus,False,6,,215,,4,,diese Stelle an¬ || derweit mus¬
14,10,4706,4707,¬,mus,güthen,musgüthen,split,high,joined form unattested; both halves are real words,False,0,0,0,41892,1,29,derweit mus¬ || güthen.
14,10,4717,4718,¬,fin,denden,findenden,join,high,joined form occurs elsewhere in this corpus,False,5,,1,,4,,der statt fin¬ || denden Rechts¬
14,10,4718,4719,¬,Rechts,Ausfluchten,RechtsAusfluchten,split,high,joined form unattested; both halves are real words,False,0,0,12,5914140,1,179,denden Rechts¬ || Ausfluchten
14,10,4720,4722,¬,be,besonders,bebesonders,catchword,high,fragment repeats the next page opening,True,0,,11,,22,,be¬ || besonders dem
14,11,4724,4725,¬,Ueber,redung,Ueberredung,join,high,joined form occurs elsewhere in this corpus,False,5,,3,,5,,"listigen Ueber¬ || redung, über¬"
14,11,4725,4726,¬,über,eilung,übereilung,split,high,joined form unattested; both halves are real words,False,0,838,79,112520162,2,275,"redung, über¬ || eilung, einer"
14,11,4729,4730,¬,un,ter,unter,join,high,joined form occurs elsewhere in this corpus,False,67,,1,,15,,über und un¬ || ter der helfte
14,11,4731,4732,¬,ver,abgeredeter,verabgeredeter,join,high,joined form occurs elsewhere in this corpus,False,3,,3,,2,,anders ver¬ || abgeredeter
14,11,4733,4734,¬,verschrie,bener,verschriebener,join,high,joined form occurs elsewhere in this corpus,False,3,,0,,4,,als verschrie¬ || bener Sachen
14,11,4737,4738,¬,Ent,stagung,Entstagung,join,high,joined form occurs elsewhere in this corpus,False,1,,0,,1,,"dieser Ent¬ || stagung, absei¬"
14,11,4738,4739,¬,absei,ten,abseiten,join,high,joined form occurs elsewhere in this corpus,False,3,,0,,141,,"stagung, absei¬ || ten des Gerichts"
14,11,4740,4741,¬,be,lehrt,belehrt,join,high,joined form occurs elsewhere in this corpus,False,7,,11,,1,,gehörig be¬ || lehrt würden.
14,11,4749,4750,¬,ac,quirirten,acquirirten,join,high,joined form occurs elsewhere in this corpus,False,8,,0,,1,,von dieser ac¬ || quirirten Stelle
14,11,4751,4752,¬,Nah,men,Nahmen,join,high,joined form occurs elsewhere in this corpus,False,38,,0,,10,,auf seinen Nah¬ || men berichtigen
14,12,4761,4762,¬,vor,gelesen,vorgelesen,join,high,joined form occurs elsewhere in this corpus,False,7,,43,,28,,würklich vor¬ || gelesen wür¬
14,12,4762,4763,¬,wür,den,würden,join,high,joined form occurs elsewhere in this corpus,False,5,,0,,482,,"gelesen wür¬ || den, so haben"
14,12,4765,4766,¬,ge,nehmigt,genehmigt,join,high,joined form occurs elsewhere in this corpus,False,14,,6,,4,,überall ge¬ || nehmigt u sich
14,12,4768,4769,¬,un,terschrieben,unterschrieben,join,high,joined form occurs elsewhere in this corpus,False,21,,1,,1,,"eigenhändig, un¬ || terschrieben"
15,2,4835,4836,¬,be,nöthigten,benöthigten,join,high,joined form occurs elsewhere in this corpus,False,1,,11,,1,,"zulegen, und sich die zum ersten Anbau be¬ || nöthigten Ziegel zu brennen, ohne daß hier"
15,2,4836,4837,¬,Herr,schaft,Herrschaft,join,high,joined form occurs elsewhere in this corpus,False,39,,107,,18,,"ennen, ohne daß hierfür an die Grund Herr¬ || schaft etwas bezahlt werden darf."
15,2,4840,4841,¬,best,möglichste,bestmöglichste,join,high,joined form occurs elsewhere in this corpus,False,1,,0,,1,,burgisch sich unter einander auf die best¬ || möglichste
15,3,4850,4851,¬,ver,äußern,veräußern,join,high,joined form occurs elsewhere in this corpus,False,5,,3,,2,,"n auf jede beliebige Art an Andere zu ver¬ || äußern, es muß aber bey einer jeden besizz"
15,3,4860,4861,¬,blei,ben,bleiben,join,high,joined form occurs elsewhere in this corpus,False,16,,0,,14,,ehn Reichs Thaler Erbzinsen pro Hufe blei¬ || ben für immerwährende Zeiten unablöslich.
15,3,4865,4866,¬,ge,ringsten,geringsten,join,high,joined form occurs elsewhere in this corpus,False,2,,6,,1,,"fen auch der Grundherrschaft nicht den ge¬ || ringsten Hofe-Dienst leisten, oder irgend "
15,4,4884,4885,¬,Herrschaft,lichen,Herrschaftlichen,join,high,joined form occurs elsewhere in this corpus,False,12,,39,,16,,olger im Besizze stets aus dem Herrschaft¬ || lichen Brau und Brandwein Hause oder Kruge
15,4,4895,4896,¬,Ausfer,tigung,Ausfertigung,join,high,joined form occurs elsewhere in this corpus,False,13,,0,,3,,s Contracts deßen Confirmation und Ausfer¬ || tigung übernehmen Erbpächter zu berichtige
15,5,4904,4905,¬,Rück,stande,Rückstande,join,high,joined form occurs elsewhere in this corpus,False,2,,1,,5,,"Canon durch länger als zwey Jahre im Rück¬ || stande verbleiben, so gehen sie alsdann di"
15,5,4906,4907,¬,Wider,rede,Widerrede,join,high,joined form occurs elsewhere in this corpus,False,1,,10,,2,,dherrschaft ist befugt selbige ohne Wider¬ || rede einzuziehen und anderweit auszuthun.
15,6,4940,4941,¬,Entrepre,neurs,Entrepreneurs,join,high,joined form occurs elsewhere in this corpus,False,1,,0,,1,," ab diejenigen Hufen, welche die Entrepre¬ || neurs mit Consens des Dominii bereits vere"
16,1,4962,4963,¬,rege,renden,regerenden,split,high,joined form unattested; both halves are real words,False,0,0,0,804457,6,890,daß zwischen Sr Durchlaucht dem rege¬ || renden Herrn Fürsten zu Hohenlohe
16,1,4972,4973,¬,geschlo,ßen,geschloßen,join,high,joined form occurs elsewhere in this corpus,False,16,,0,,3,,nachstehender Erbpachts Contract geschlo¬ || ßen und zum gerichtlichen Protocoll
16,1,4982,4983,¬,Durch,laucht,Durchlaucht,join,high,joined form occurs elsewhere in this corpus,False,130,,84,,18,,bevollmächtigter Sr. Durch¬ || laucht des regierenden
16,1,4990,4992,,Martin,Martin,,catchword,high,unmarked catchword: the page ends with the word the next page begins,True,,,,,,,1. Martin || 1. Martin Giering
16,2,5001,5002,¬,be,kannt,bekannt,join,high,joined form occurs elsewhere in this corpus,False,22,,11,,2,,subscriptis persöhnlich be¬ || kannt und es waltet ge¬
16,2,5002,5003,¬,ge,gen,gegen,join,high,joined form occurs elsewhere in this corpus,False,24,,6,,40,,kannt und es waltet ge¬ || gen ihre Fähigkeiten ge¬
16,2,5003,5004,¬,ge,richtliche,gerichtliche,join,high,joined form occurs elsewhere in this corpus,False,9,,6,,2,,gen ihre Fähigkeiten ge¬ || richtliche Handlungen
16,2,5007,5008,¬,Frey,willig,Freywillig,join,high,joined form occurs elsewhere in this corpus,False,5,,36,,5,,dieselben declariren Frey¬ || willig und wohlbedächtig
16,2,5009,5010,-,ErbPachts,Contract,ErbPachtsContract,split,high,joined form unattested; both halves are real words,False,0,0,9,0,99,5186,nachstehenden ErbPachts- || Contract zum Protocoll.
16,2,5014,5015,¬,In,gelfingen,Ingelfingen,join,high,joined form occurs elsewhere in this corpus,False,49,,377,,2,,Fürst zu Hohenlohe In¬ || gelfingen durch Ihren Gene¬
16,2,5015,5016,¬,Gene,ral,General,join,high,joined form occurs elsewhere in this corpus,False,47,,2,,4,,gelfingen durch Ihren Gene¬ || ral Bevollmächtigter
16,2,5023,5025,,Zehn,Zehn,,catchword,high,unmarked catchword: the page ends with the word the next page begins,True,,,,,,,Zehn || Zehn Hufen zehn Morgen
16,3,5027,5028,¬,Ver,wachsenen,Verwachsenen,split,high,joined form unattested; both halves are real words,False,0,442,3,0,1,216,"Wiesen, Gärten und Ver¬ || wachsenen Brüchen und"
16,3,5029,5030,¬,de,nen,denen,join,high,joined form occurs elsewhere in this corpus,False,49,,16,,13,,Götzstellen zusamt de¬ || nen auf diesem Vorwer¬
16,3,5030,5031,¬,Vorwer,ken,Vorwerken,join,high,joined form occurs elsewhere in this corpus,False,1,,0,,4,,nen auf diesem Vorwer¬ || ken befindlich gesamm¬
16,3,5031,5032,¬,gesamm,sten,gesammsten,join,high,head is not a word on its own,False,0,0,0,21,5,,ken befindlich gesamm¬ || sten Wirthschafts Gebäu¬
16,3,5032,5033,¬,Gebäu,den,Gebäuden,join,high,joined form occurs elsewhere in this corpus,False,2,,0,,482,,sten Wirthschafts Gebäu¬ || den ausgenommen den
16,3,5035,5036,¬,Herr,schaft,Herrschaft,join,high,joined form occurs elsewhere in this corpus,False,39,,107,,18,,"welcher der Grund Herr¬ || schaft verbleibt, an die"
16,3,5045,5046,¬,Erb,Pacht,ErbPacht,join,high,joined form occurs elsewhere in this corpus,False,13,,32,,16,,ewige Zeiten in Erb¬ || Pacht.
16,3,5047,5048,¬,drey,ßig,dreyßig,join,high,joined form occurs elsewhere in this corpus,False,10,,13,,1,,Jede Hufe enthält drey¬ || ßig Morgen und jeder
16,3,5049,5050,¬,Acht,zig,Achtzig,join,high,joined form occurs elsewhere in this corpus,False,4,,6,,8,,Morgen Einhundert Acht¬ || zig Quadrat Ruten Mag¬
16,3,5050,5051,¬,Mag,deburgisch,Magdeburgisch,join,high,joined form occurs elsewhere in this corpus,False,19,,3,,5,,zig Quadrat Ruten Mag¬ || deburgisch.
16,4,5061,5062,¬,Hier,auf,Hierauf,join,high,joined form occurs elsewhere in this corpus,False,3,,8,,279,,Hundert Reichs Thaler Hier¬ || auf haben sie bereits er¬
16,4,5062,5063,¬,er,derst,erderst,split,high,joined form unattested; both halves are real words,False,0,0,57,184157988,1,534,auf haben sie bereits er¬ || derst 450 rtl. sage vierhun¬
16,4,5063,5064,¬,vierhun,dert,vierhundert,join,high,joined form occurs elsewhere in this corpus,False,2,,0,,7,,derst 450 rtl. sage vierhun¬ || dert fünfzig Reichs Thaler
16,4,5067,5068,¬,ver,bindlich,verbindlich,join,high,joined form occurs elsewhere in this corpus,False,12,,3,,5,,Thaler machen sie sich ver¬ || bindlich in Termino Tit. George
16,4,5081,5082,-,zweyhue,dert,zweyhuedert,join,high,head is not a word on its own,False,0,0,0,0,7,,225 rttl sage zweyhue- || dert fünf und zwan¬
16,4,5082,5083,¬,zwan,zig,zwanzig,join,high,joined form occurs elsewhere in this corpus,False,16,,1,,8,,dert fünf und zwan¬ || zig Reichs Thaler in
16,4,5084,5085,¬,nem,lich,nemlich,join,high,joined form occurs elsewhere in this corpus,False,8,,2,,20,,zweyen Raten nem¬ || lich die Hälfte mit 112 rt.
16,5,5088,5089,¬,Joha,nni,Johanni,join,high,joined form occurs elsewhere in this corpus,False,30,,0,,1,,Reichs Thaler 12gg. in Joha¬ || nni und die zweite
16,5,5095,5096,¬,Herr,schaftlichen,Herrschaftlichen,join,high,joined form occurs elsewhere in this corpus,False,12,,107,,2,,"und in Courant zur Herr¬ || schaftlichen Casse ein, sind"
16,5,5098,5099,¬,Natu,ral,Natural,join,high,joined form occurs elsewhere in this corpus,False,18,,0,,4,,Hofe diensten und Natu¬ || ral Lieferungen an.
16,5,5101,5102,¬,Zeu,ten,Zeuten,join,high,head is not a word on its own,False,0,47,0,669,141,,immerwährende Zeu¬ || ten gänzlich befreyt.
16,5,5107,5108,¬,würk,lich,würklich,join,high,joined form occurs elsewhere in this corpus,False,3,,0,,20,,"Lande und Wiesen so würk¬ || lich schon urbar ist, entrichtet"
16,5,5116,5118,,mit,mit,,catchword,high,unmarked catchword: the page ends with the word the next page begins,True,,,,,,,mit || mit dem verfloßenen
16,6,5133,5134,-,Stipu,lirten,Stipulirten,join,high,joined form occurs elsewhere in this corpus,False,3,,0,,1,,Außer dem jährlich Stipu- || lirten Erbzinse aber noch
16,6,5144,5145,¬,lei,fen,leifen,split,high,joined form unattested; both halves are real words,False,0,60,0,35204,4,23603,mer während zu lei¬ || fen.
16,6,5148,5150,,Erbpächtern,Erbpächtern,,catchword,high,unmarked catchword: the page ends with the word the next page begins,True,,,,,,,Erbpächtern || Erbpächtern überhaupt gehn
16,7,5155,5156,¬,unentgeld,lich,unentgeldlich,join,high,joined form occurs elsewhere in this corpus,False,9,,0,,20,,Baustellen unentgeld¬ || lich erhalten haben.
16,7,5157,5158,¬,ei,nen,einen,join,high,joined form occurs elsewhere in this corpus,False,64,,1,,13,,und davon weder ei¬ || nen Einkauf nach Zinß
16,7,5163,5164,¬,mehre,re,mehrere,join,high,joined form occurs elsewhere in this corpus,False,3,,0,,5,,zehn Hufen in mehre¬ || re einzelne Theile an
16,7,5171,5172,¬,mü,ßen,müßen,join,high,joined form occurs elsewhere in this corpus,False,9,,0,,3,,Ihre Etablissements mü¬ || ßen so wohl die jez
16,7,5175,5176,¬,Annehmer,re,Annehmerre,split,high,joined form unattested; both halves are real words,False,0,0,10,181,5,906113,künftigen Annehmer¬ || re für hezt und die
16,7,5178,5180,,stets,stets,,catchword,high,unmarked catchword: the page ends with the word the next page begins,True,,,,,,,stets || stets auf eigene Kosten
16,8,5189,5190,¬,wel,ches,welches,join,high,joined form occurs elsewhere in this corpus,False,16,,0,,2,,"verwenden, als wel¬ || ches ihnen ohne alle Aus¬"
16,8,5190,5191,¬,Aus,nahme,Ausnahme,join,high,joined form occurs elsewhere in this corpus,False,10,,86,,3,,ches ihnen ohne alle Aus¬ || nahme ins gesammt
16,8,5194,5195,¬,ge,nommenen,genommenen,join,high,joined form occurs elsewhere in this corpus,False,6,,6,,2,,Diese und Erbpacht ge¬ || nommenen Hufen
16,8,5196,5197,¬,Erb,Pächtere,ErbPächtere,join,high,joined form occurs elsewhere in this corpus,False,8,,32,,2,,"sollen denen Erb¬ || Pächtere, so bald es"
16,8,5198,5199,¬,er,laubt,erlaubt,join,high,joined form occurs elsewhere in this corpus,False,2,,57,,1,,die Witterung er¬ || laubt gehörig zu¬
16,8,5199,5200,¬,zu,gemeßen,zugemeßen,join,high,joined form occurs elsewhere in this corpus,False,1,,610,,2,,laubt gehörig zu¬ || gemeßen in Be¬
16,8,5200,5201,¬,Be,siz,Besiz,join,high,joined form occurs elsewhere in this corpus,False,15,,11,,2,,gemeßen in Be¬ || siz tradirt und da¬
16,8,5201,5202,¬,da,bey,dabey,join,high,joined form occurs elsewhere in this corpus,False,2,,34,,77,,siz tradirt und da¬ || bey zugleich ausge¬
16,8,5202,5203,¬,ausge,mittelt,ausgemittelt,split,high,joined form unattested; both halves are real words,False,0,580,0,3158,1,87092,"bey zugleich ausge¬ || mittelt werden, wie"
16,8,5204,5205,¬,In,halt,Inhalt,join,high,joined form occurs elsewhere in this corpus,False,8,,377,,3,,viel derflächen In¬ || halt des jezt schon ur¬
16,8,5205,5206,¬,ur,baren,urbaren,join,high,joined form occurs elsewhere in this corpus,False,1,,1,,2,,"halt des jezt schon ur¬ || baren Landes, von dem"
16,9,5212,5213,¬,Nach,folger,Nachfolger,join,high,joined form occurs elsewhere in this corpus,False,47,,89,,9,,für sich und ihre Nach¬ || folger auf etwaniges
16,9,5215,5216,¬,übri,gen,übrigen,join,high,joined form occurs elsewhere in this corpus,False,18,,0,,40,,Weide in denen übri¬ || gen herrschaftlichen Wal¬
16,9,5216,5217,¬,Wal,dungen,Waldungen,join,high,joined form occurs elsewhere in this corpus,False,4,,0,,2,,gen herrschaftlichen Wal¬ || dungen und Feldern gänz¬
16,9,5217,5218,¬,gänz,lich,gänzlich,join,high,joined form occurs elsewhere in this corpus,False,14,,0,,20,,"dungen und Feldern gänz¬ || lich Vergicht, und dürfen"
16,9,5223,5224,¬,Erbpäch,tern,Erbpächtern,join,high,joined form occurs elsewhere in this corpus,False,14,,0,,3,,Denen jezigen Erbpäch¬ || tern so wie den künftigen
16,9,5226,5227,¬,Stel,len,Stellen,join,high,joined form occurs elsewhere in this corpus,False,9,,0,,7,,"stehet es frey, ihre Stel¬ || len auf jede Beliebi¬"
16,9,5227,5228,¬,Beliebi,ge,Beliebige,join,high,joined form occurs elsewhere in this corpus,False,4,,0,,6,,"len auf jede Beliebi¬ || ge Art zu veräußern,"
16,9,5230,5231,¬,verände,rung,veränderung,join,high,joined form occurs elsewhere in this corpus,False,5,,0,,4,,"jeden Besitz verände¬ || rung, es sey durch Ver¬"
16,9,5231,5232,¬,Ver,kauf,Verkauf,join,high,joined form occurs elsewhere in this corpus,False,18,,3,,79,,"rung, es sey durch Ver¬ || kauf oder Vertauschen"
16,9,5236,5237,¬,Grund,Herrschaft,GrundHerrschaft,join,high,joined form occurs elsewhere in this corpus,False,27,,44,,39,,Laudemium der Grund¬ || Herrschaft erlegt werden
16,10,5241,5242,¬,Aequiren,ten,Aequirenten,join,high,head is not a word on its own,False,0,0,0,0,141,,"den neuen Aequiren¬ || ten dessen Sache es bleibt,"
16,10,5243,5244,¬,Kauf,Geld,KaufGeld,join,high,joined form occurs elsewhere in this corpus,False,4,,79,,22,,dem Verkäufer das Kauf¬ || Geld nicht ehender aus
16,10,5253,5254,¬,Erb,Pächtern,ErbPächtern,join,high,joined form occurs elsewhere in this corpus,False,14,,32,,5,,von denen jeppigen Erb¬ || Pächtern hievon gänzlich
16,10,5258,5259,¬,Stipalir,ten,Stipalirten,join,high,head is not a word on its own,False,0,0,0,0,141,,es frey den Stipalir¬ || ten Erbzinß durch die
16,10,5260,5261,¬,Capitals,Summe,CapitalsSumme,split,high,joined form unattested; both halves are real words,False,0,0,1,77414,21,1691017,"zahlung der Capitals¬ || Summe abzulösen, daß"
16,10,5263,5264,¬,Reichstha,ler,Reichsthaler,join,high,joined form occurs elsewhere in this corpus,False,38,,0,,6,,ihnen fünfzig Reichstha¬ || ler Einhundert Reichs
16,10,5269,5271,,als,als,,catchword,high,unmarked catchword: the page ends with the word the next page begins,True,,,,,,,als || als dann ein Eigenthum
16,11,5273,5274,¬,hie,von,hievon,join,high,joined form occurs elsewhere in this corpus,False,1,,2,,431,,und es werden ihnen hie¬ || von fünf vom Hundert
16,11,5275,5276,¬,abge,schrieben,abgeschrieben,join,high,"joined form attested in DWDS (207,359 hits)",False,0,207359,0,,9,,an jährlichen Zins abge¬ || schrieben jedoch wird aus
16,11,5280,5281,¬,Ein,hundert,Einhundert,join,high,joined form occurs elsewhere in this corpus,False,16,,95,,45,,Hufe die Summe von Ein¬ || hundert fünfzig Reichs
16,11,5285,5286,¬,Tha,ler,Thaler,join,high,joined form occurs elsewhere in this corpus,False,42,,0,,6,,sage Fünfzehn Reichs Tha¬ || ler pro Hufe für immer
16,11,5291,5292,¬,Nach,kommen,Nachkommen,join,high,joined form occurs elsewhere in this corpus,False,10,,89,,20,,Erbpächtern und ihre Nach¬ || kommen bleiben für
16,11,5293,5294,¬,Erb,Untertänigkeit,ErbUntertänigkeit,split,high,joined form unattested; both halves are real words,False,0,5,32,217132,1,1079,immer von aller Erb¬ || Untertänigkeit völlig
16,11,5296,5297,¬,Jurisdic,tion,Jurisdiction,join,high,joined form occurs elsewhere in this corpus,False,11,,1,,7,,Ausnahme der Jurisdic¬ || tion des Dominii un¬
16,11,5297,5298,¬,un,terworfen,unterworfen,join,high,joined form occurs elsewhere in this corpus,False,9,,1,,1,,tion des Dominii un¬ || terworfen.
16,11,5301,5303,,und,und,,catchword,high,unmarked catchword: the page ends with the word the next page begins,True,,,,,,,und || und Brandwein müssen
16,12,5304,5305,¬,Nach,Folger,NachFolger,join,high,joined form occurs elsewhere in this corpus,False,47,,89,,9,,"Erbpächtere und ihre Nach¬ || Folger im Besizze, stets"
16,12,5309,5310,¬,frem,den,fremden,join,high,joined form occurs elsewhere in this corpus,False,5,,0,,482,,und für jedes aus frem¬ || den Güthern einbringen¬
16,12,5310,5311,¬,einbringen,de,einbringende,join,high,joined form occurs elsewhere in this corpus,False,2,,0,,16,,den Güthern einbringen¬ || de Quant Brandtwein
16,12,5320,5321,¬,Remis,sion,Remission,join,high,joined form occurs elsewhere in this corpus,False,5,,0,,1,,"auf alle und jede Remis¬ || sion bei Unglücksfällen,"
16,12,5324,5325,¬,Miß,wachs,Mißwachs,join,high,joined form occurs elsewhere in this corpus,False,7,,1,,2,,"durch böse Leute Miß¬ || wachs Hagelschlag, Ve¬"
16,12,5325,5326,¬,Ve,berschwemmung,Veberschwemmung,split,high,joined form unattested; both halves are real words,False,0,0,0,74695,1,9,"wachs Hagelschlag, Ve¬ || berschwemmung, Vieh¬"
16,12,5326,5327,¬,Vieh,sterben,Viehsterben,join,high,joined form occurs elsewhere in this corpus,False,4,,9,,3,,"berschwemmung, Vieh¬ || sterben, Krieg, und"
16,12,5329,5330,¬,entste,hen,entstehen,join,high,joined form occurs elsewhere in this corpus,False,9,,0,,3,,"es immer wolle entste¬ || hen, hiedurch ausdrück¬"
16,12,5330,5331,¬,ausdrück,lich,ausdrücklich,join,high,joined form occurs elsewhere in this corpus,False,11,,0,,20,,"hen, hiedurch ausdrück¬ || lich Verzicht und soll"
16,12,5332,5334,,ihnen,ihnen,,catchword,high,unmarked catchword: the page ends with the word the next page begins,True,,,,,,,ihnen || ihnen dieserhalb nie eine
16,13,5349,5350,¬,Grund,Herrschaft,GrundHerrschaft,join,high,joined form occurs elsewhere in this corpus,False,27,,44,,39,,dieselben von der Grund¬ || Herrschaft bei ihren Gerecht
16,13,5353,5354,¬,vertre,ten,vertreten,join,high,joined form occurs elsewhere in this corpus,False,11,,0,,141,,Real Anspruche vertre¬ || ten und Schadlos gehal¬
16,13,5354,5355,¬,gehal,ten,gehalten,join,high,joined form occurs elsewhere in this corpus,False,6,,0,,141,,ten und Schadlos gehal¬ || ten werden sollten
16,13,5356,5357,¬,jährli,chen,jährlichen,join,high,joined form occurs elsewhere in this corpus,False,24,,0,,9,,sie aber mit dem jährli¬ || chen Erb Canon durchlän¬
16,13,5357,5358,¬,durchlän,ger,durchlänger,join,high,head is not a word on its own,False,0,5,0,0,5,,chen Erb Canon durchlän¬ || ger als zwey Jahre im
16,13,5363,5364,¬,an,der,ander,join,high,joined form occurs elsewhere in this corpus,False,2,,215,,698,,"ist befugt, selbige an¬ || der werde auszuthun,"
16,14,5368,5369,¬,Me,liorationer,Meliorationer,split,high,joined form unattested; both halves are real words,False,0,0,3,977826,1,0,Erbpachtern blos ihre Me¬ || liorationer vergütiget
16,14,5372,5373,¬,promp,te,prompte,join,high,joined form occurs elsewhere in this corpus,False,1,,0,,13,,Für die richtige und promp¬ || te Bezahlung des festgesezten
16,14,5375,5376,¬,künf,tigen,künftigen,join,high,joined form occurs elsewhere in this corpus,False,9,,0,,3,,Erbpächtere und die künf¬ || tigen Annehmern so wie
16,14,5380,5381,¬,derge,stalt,dergestalt,join,high,joined form occurs elsewhere in this corpus,False,2,,0,,1,,"mithin solidarisch derge¬ || stalt, daß die Grund Herr¬"
16,14,5381,5382,¬,Herr,schaft,Herrschaft,join,high,joined form occurs elsewhere in this corpus,False,39,,107,,18,,"stalt, daß die Grund Herr¬ || schaft sich dieserhalb ent¬"
16,14,5382,5383,¬,ent,wider,entwider,split,high,joined form unattested; both halves are real words,False,0,8,0,19546,10,0,schaft sich dieserhalb ent¬ || wider an den einen oder
16,14,5384,5385,¬,be,rechtiget,berechtiget,join,high,joined form occurs elsewhere in this corpus,False,4,,11,,2,,den andern zu halten be¬ || rechtiget seyn soll.
16,14,5389,5390,¬,einzu,halten,einzuhalten,join,high,joined form occurs elsewhere in this corpus,False,10,,0,,12,,unverbrüchlich einzu¬ || halten und entsagen
16,14,5392,5393,¬,Ausflüch,ten,Ausflüchten,join,high,joined form occurs elsewhere in this corpus,False,10,,0,,141,,"findenden Rechts Ausflüch¬ || ten, besonders dem Ein¬"
16,14,5393,5394,¬,Ein,wande,Einwande,join,high,joined form occurs elsewhere in this corpus,False,10,,95,,3,,"ten, besonders dem Ein¬ || wande einer vorgefal¬"
16,14,5394,5395,¬,vorgefal,lenen,vorgefallenen,join,high,joined form occurs elsewhere in this corpus,False,6,,0,,1,,wande einer vorgefal¬ || lenen Verlezzung über
16,14,5397,5399,,listigen,listigen,,catchword,high,unmarked catchword: the page ends with the word the next page begins,True,,,,,,,listigen. || listigen Ueberredung Un¬
16,15,5399,5400,¬,Un,bereilung,Unbereilung,split,high,joined form unattested; both halves are real words,False,0,0,1,594768,2,0,"listigen Ueberredung Un¬ || bereilung, der Unmöglich¬"
16,15,5400,5401,¬,Unmöglich,keit,Unmöglichkeit,join,high,"joined form attested in DWDS (82,539 hits)",False,0,82539,0,,3,,"bereilung, der Unmöglich¬ || keit, den Zinß aus der"
16,15,5405,5406,¬,verstan,dener,verstandener,join,high,joined form occurs elsewhere in this corpus,False,1,,0,,3,,oder nicht recht verstan¬ || dener Sachen und wird
16,15,5414,5415,¬,la,ßen,laßen,join,high,joined form occurs elsewhere in this corpus,False,26,,0,,3,,Nahmen berichtigen la¬ || ßen können.
16,15,5417,5418,¬,durch,laucht,durchlaucht,join,high,joined form occurs elsewhere in this corpus,False,130,,84,,18,,Sr. Hochfürstlichen durch¬ || laucht deren Erbpächtern
16,15,5422,5423,¬,Teri,torio,Teritorio,split,high,joined form unattested; both halves are real words,False,0,0,0,5764,1,160,von dem Trąbczyner Teri¬ || torio unentgeldlich ho¬
16,15,5423,5424,¬,ho,len,holen,join,high,joined form occurs elsewhere in this corpus,False,1,,0,,7,,"torio unentgeldlich ho¬ || len zu können, jedoch"
16,15,5429,5431,,werden,werden,,catchword,high,unmarked catchword: the page ends with the word the next page begins,True,,,,,,,werden. || werden ihnen noch
16,16,5432,5433,¬,Mau,rer,Maurer,join,high,joined form occurs elsewhere in this corpus,False,1,,0,,2,,zweytausend statt Mau¬ || rer [f?]eine aus der Trąbczy¬
16,16,5433,5434,¬,Trąbczy,ner,Trąbczyner,join,high,joined form occurs elsewhere in this corpus,False,14,,0,,5,,rer [f?]eine aus der Trąbczy¬ || ner Ziegeley verabfolgt
16,16,5439,5440,¬,mehrge,dachten,mehrgedachten,join,high,head is not a word on its own,False,0,19,0,0,1,,daß mit denen mehrge¬ || dachten Erbpächtern über
16,16,5443,5444,¬,Kun,kel,Kunkel,join,high,joined form occurs elsewhere in this corpus,False,3,,0,,1,,durch einen gewißen Kun¬ || kel ein Contract errichtet
16,16,5447,5448,¬,hie,mit,hiemit,join,high,joined form occurs elsewhere in this corpus,False,16,,2,,193,,zurück gegeben und hie¬ || mit vermittelst durch
16,16,5456,5457,¬,Rech,te,Rechte,join,high,joined form occurs elsewhere in this corpus,False,15,,1,,13,,Theil irgend einige Rech¬ || te oder Ansprüche formi¬
16,16,5457,5458,¬,formi,ren,formiren,join,high,head is not a word on its own,False,0,21,0,154,9,,te oder Ansprüche formi¬ || ren und geltend machen.
16,16,5460,5461,¬,Contra,henten,Contrahenten,join,high,joined form occurs elsewhere in this corpus,False,18,,0,,1,,Mehr hatten Contra¬ || henten nichts anzufüh¬
16,16,5461,5462,¬,anzufüh,ren,anzuführen,join,high,joined form occurs elsewhere in this corpus,False,2,,0,,9,,henten nichts anzufüh¬ || ren sie baten um
16,16,5463,5465,,die,die,,catchword,high,unmarked catchword: the page ends with the word the next page begins,True,,,,,,,die || die Bestättigung und Ausfer¬
16,17,5465,5466,¬,Ausfer,tigung,Ausfertigung,join,high,joined form occurs elsewhere in this corpus,False,13,,0,,3,,die Bestättigung und Ausfer¬ || tigung dieses Contracts und
16,17,5467,5468,¬,Proto,coll,Protocoll,join,high,joined form occurs elsewhere in this corpus,False,19,,0,,1,,nach dem ihnen dieses Proto¬ || coll wörtlich vorgelesen
16,17,5472,5473,¬,ganz,lichen,ganzlichen,split,high,joined form unattested; both halves are real words,False,0,0,14,44722784,16,15542,Einwändungen den ganz¬ || lichen Verlust derselben
16,17,5478,5479,¬,Geneh,migung,Genehmigung,join,high,joined form occurs elsewhere in this corpus,False,21,,0,,1,,zum Zeichen der Geneh¬ || migung nachstehend
16,17,5480,5481,¬,un,terzeichnet,unterzeichnet,join,high,joined form occurs elsewhere in this corpus,False,1,,1,,1,,unterschrieben und un¬ || terzeichnet.
16,17,5482,5483,¬,ge,nehmigt,genehmigt,join,high,joined form occurs elsewhere in this corpus,False,14,,6,,4,,Selbst gelesen und ge¬ || nehmigt.
16,17,5494,5496,,laut,laut,,catchword,high,unmarked catchword: the page ends with the word the next page begins,True,,,,,,,laut || laut und deutlich vorgele¬
16,18,5496,5497,¬,vorgele,sen,vorgelesen,join,high,joined form occurs elsewhere in this corpus,False,7,,0,,9,,"laut und deutlich vorgele¬ || sen, von den Interessen¬"
16,18,5497,5498,¬,Interessen,ten,Interessenten,join,high,joined form occurs elsewhere in this corpus,False,3,,1,,141,,"sen, von den Interessen¬ || ten überall genehmigt"
16,18,5499,5500,¬,unter,schrieben,unterschrieben,join,high,joined form occurs elsewhere in this corpus,False,21,,67,,9,,und eigenhändig unter¬ || schrieben solches Bescheinige
16,18,5502,5503,¬,Commis,sions,Commissions,join,high,joined form occurs elsewhere in this corpus,False,2,,0,,1,,Königl. Kammer Commis¬ || sions Rath und
16,18,5508,5509,¬,Beidrü,flung,Beidrüflung,join,high,head is not a word on its own,False,0,0,0,0,1,,Es wird nun dieser Contract unter Beidrü¬ || flung des Gerichts Siegels und ge¬
16,18,5509,5510,¬,ge,wöhnlicher,gewöhnlicher,join,high,joined form occurs elsewhere in this corpus,False,3,,6,,1,,flung des Gerichts Siegels und ge¬ || wöhnlicher Unterschrift hiemit ausgefer¬
16,18,5510,5511,¬,ausgefer,tiget,ausgefertiget,join,high,joined form occurs elsewhere in this corpus,False,4,,0,,3,,wöhnlicher Unterschrift hiemit ausgefer¬ || tiget
16,18,5517,5518,¬,durch,laucht,durchlaucht,join,high,joined form occurs elsewhere in this corpus,False,130,,84,,18,,zwischen seiner durch¬ || laucht dem regiren
17,2,5549,5550,¬,Vor,behalt,Vorbehalt,join,high,joined form occurs elsewhere in this corpus,False,9,,43,,2,,er Kunkel verkauft mit ausdrücklichen Vor¬ || behalt der Genehmigung Sr. Hochfürstlich d
17,2,5563,5564,¬,ver,gelt,vergelt,join,high,"joined form attested in DWDS (2,118 hits)",False,0,2118,3,,1,,"ichen besizzung, verkauft vertrascht, ver¬ || gelt und versperckt worden; Jedoch darf ei"
17,3,5569,5570,¬,bedun,genes,bedungenes,join,high,"joined form attested in DWDS (57,321 hits)",False,0,57321,0,,1,, verpflichten sich hiermit ein wohl bedun¬ || genes Kaufgeld von 250 schreibe zweihunder
17,3,5584,5585,¬,Berich,tung,Berichtung,split,high,joined form unattested; both halves are real words,False,0,395,0,2117,1,33323,"errn Verkäufer entrichtet, Für die Berich¬ || tung haftet einer für alle und alle für ei"
17,3,5587,5589,¬,ge,gedrukten,gegedrukten,catchword,high,fragment repeats the next page opening,True,0,,6,,1,, Reichs thaler werden Käufer mit einer ge¬ || gedrukten Quittung des Leisiäger Noerlich 
17,4,5593,5594,¬,Instand,haltung,Instandhaltung,join,high,"joined form attested in DWDS (198,513 hits)",False,0,198513,0,,1,, Gebende; so wie die fortwährende Instand¬ || haltung geschiehet auf Kosten der Käufer.
17,4,5601,5602,¬,Fünf,Reichsthaler,FünfReichsthaler,split,high,joined form unattested; both halves are real words,False,0,0,33,13503999,38,1260,des wohl zur hälfte mit der schreibe Fünf¬ || Reichsthaler pro hufe; womit Martin 1804. 
17,4,5602,5603,¬,An,fang,Anfang,join,high,"joined form attested in DWDS (8,999,452 hits)",False,0,8999452,215,,1,,haler pro hufe; womit Martin 1804. der An¬ || fang gemacht wird. Von unerbaren Gründen e
17,4,5606,5607,¬,die,selbe,dieselbe,join,high,joined form occurs elsewhere in this corpus,False,13,,604,,5,,"hrlich zu entrichtenden Erbzins, sind die¬ || selbe verpflichtet, sämtliche Königl. und "
17,4,5608,5610,¬,gegen,wärtige,gegenwärtige,join,review,crosses a page break - check by hand,True,4,1459624,24,52310143,1,196,"bgabe, Competenz und Kasten, sowohl gegen¬ || wärtige als zu künftige, gewöhnliche und u"
17,5,5611,5612,¬,Nah,men,Nahmen,join,high,joined form occurs elsewhere in this corpus,False,38,,0,,10,,"denszeiten, furage, und wie sie sonst Nah¬ || men habe, zu tragen und an die gewöhnliche"
17,5,5612,5613,¬,Landesherr,lichen,Landesherrlichen,join,high,joined form occurs elsewhere in this corpus,False,1,,0,,16,,tragen und an die gewöhnlichen Landesherr¬ || lichen und andern Cassen prompt abgeführen
17,6,5631,5632,¬,In,habe,Inhabe,join,high,joined form occurs elsewhere in this corpus,False,1,,377,,17,,n zu holen hiermit erlaubt sein; Jeder In¬ || habe einer Besizzung aber ist verpflichtet
17,7,5662,5663,¬,verkennen,der,verkennender,split,high,joined form unattested; both halves are real words,False,0,794,0,146454,698,0,akt genandten Käufer bleibe bei verkennen¬ || der Besizveränderung davon bis Mariae Verk
17,7,5667,5668,¬,er,richteter,errichteter,join,high,"joined form attested in DWDS (271,132 hits)",False,0,271132,57,,1,,"ucht, und die hiernächst über dieselbe er¬ || richteter Verträge, demselbe zu Confirmati"
17,7,5668,5669,¬,verge,legt,vergelegt,split,high,joined form unattested; both halves are real words,False,0,52,0,28345,2,10028905," Verträge, demselbe zu Confirmation verge¬ || legt werden."
17,8,5681,5682,¬,ent,gegen,entgegen,join,high,joined form occurs elsewhere in this corpus,False,1,,0,,24,,"r Kaufgelder von 550 rtr, erfolgt; Im ent¬ || gegen gesezten, Fall wird dieselbe verweig"
17,8,5682,5683,¬,An,geld,Angeld,join,high,joined form occurs elsewhere in this corpus,False,2,,215,,22,, Fall wird dieselbe verweigert und das An¬ || geld als eine Conventional straf hiemit fe
17,8,5684,5685,¬,er,folgter,erfolgter,join,high,joined form occurs elsewhere in this corpus,False,1,,57,,1,,"äufern unbenommen bleiben, gleich nach er¬ || folgter Genehmigung dieses Contracts von s"
17,9,5697,5698,¬,brichti,get,brichtiget,join,high,head is not a word on its own,False,0,0,0,0,2,,ine besizung Titulus Possessionis brichti¬ || get werde.
17,10,5715,5716,¬,ver,gelesen,vergelesen,split,high,joined form unattested; both halves are real words,False,0,9,3,0,28,10093186,"er Contrakt ist laut und verständlich ver¬ || gelesen worden, er wird von beider Theiler"
17,10,5727,5728,¬,Hoch,fürstlich,Hochfürstlich,join,high,joined form occurs elsewhere in this corpus,False,8,,2,,13,,Special-Bevollmächtigter: Sr. Hoch¬ || fürstlich durchl. zu Hohenlohe Ingel
18,1,5750,5751,¬,Stadt,und,Stadtund,split,high,joined form unattested; both halves are real words,False,0,117,36,23737096,1506,1133103472,"esgleichen die Bevollmächtigten der Stadt¬ || und Landgemeinden, als der Stadt Betsche"
18,1,5754,5755,¬,Ma,theus,Matheus,join,high,joined form occurs elsewhere in this corpus,False,6,,1,,1,,"a, der Bürger und Stadt-Representant Ma¬ || theus Młynkiewicz"
18,1,5759,5761,,solches,solches,,catchword,high,unmarked catchword: the page ends with the word the next page begins,True,,,,,,,solches || solches die Verhandlung vom 28ten Julii c.
18,2,5762,5763,¬,mehre,ren,mehreren,join,high,joined form occurs elsewhere in this corpus,False,1,,0,,9,,"er Nachtrag vom 29ten Julii ca. des mehre¬ || ren besaget, also lautend"
18,2,5766,5767,¬,Gene,ral,General,join,high,joined form occurs elsewhere in this corpus,False,47,,2,,4,," Fürstlich Hohenlohe-Ingelfingensche Gene¬ || ral = Bevollmächtigte Baurath Glenk, welch"
18,2,5772,5773,¬,Młynkie,wicz,Młynkiewicz,join,high,joined form occurs elsewhere in this corpus,False,11,,0,,3,,ger und Stadtrepresentant Matheus Młynkie¬ || wicz als Bevollmächtigter der Betscher Bür
18,2,5773,5774,¬,Bür,gerschaft,Bürgerschaft,join,high,joined form occurs elsewhere in this corpus,False,10,,0,,1,,"icz als Bevollmächtigter der Betscher Bür¬ || gerschaft,"
18,2,5777,5778,¬,Schwie,chodzyn,Schwiechodzyn,join,high,head is not a word on its own,False,0,0,0,512,1,,"uhn, Kulligowo, Schartzig, Stocki, Schwie¬ || chodzyn, Lowin"
18,2,5779,5781,,mit,mit,,catchword,high,unmarked catchword: the page ends with the word the next page begins,True,,,,,,,mit || mit dem Antrage einen Contract zwischen Sr
18,3,5792,5793,¬,Voll,macht,Vollmacht,join,high,joined form occurs elsewhere in this corpus,False,24,,0,,18,,"igerweise abzuschließen, von welcher Voll¬ || macht eine vidimirte Abschrift zu diesen A"
18,4,5803,5804,¬,ab,zu,abzu,join,high,joined form occurs elsewhere in this corpus,False,1,,16,,610,,undstücke und nutzbare Gerechtigkeiten ab¬ || zu schließen.
18,4,5808,5809,¬,Schwie,choczyn,Schwiechoczyn,join,high,head is not a word on its own,False,0,0,0,512,1,,"luhn, Kulligowo, Schartzig, Stoki, Schwie¬ || choczyn, Lowin,"
18,4,5812,5813,¬,Unterhandlun,gen,Unterhandlungen,join,high,joined form occurs elsewhere in this corpus,False,2,,0,,40,,ch wechselseitig gepflogenen Unterhandlun¬ || gen und nachdem die Punctation vom 16ten J
18,4,5814,5815,¬,persöhnli,che,persöhnliche,join,high,head is not a word on its own,False,0,500,0,0,1,,"beigebracht worden war, und die persöhnli¬ || che Tüchtigkeit der Comparenten Verträge z"
18,5,5822,5823,¬,Hohen,lohe,Hohenlohe,join,high,joined form occurs elsewhere in this corpus,False,90,,1,,6,,"egierende Fürst Friedrich Ludwig zu Hohen¬ || lohe Ingelfingen, Gouverneur zu Breslau, G"
18,5,5823,5824,¬,General,Inspecteur,GeneralInspecteur,split,high,joined form unattested; both halves are real words,False,0,7,47,880071,2,666,"gelfingen, Gouverneur zu Breslau, General¬ || Inspecteur der Infanterie und Ritter der K"
18,5,5824,5825,¬,König,lichen,Königlichen,join,high,joined form occurs elsewhere in this corpus,False,9,,7,,16,,cteur der Infanterie und Ritter der König¬ || lichen Preußischen großen Orden als Erbher
18,5,5828,5829,¬,Stal,luhn,Stalluhn,join,high,joined form occurs elsewhere in this corpus,False,9,,0,,1,," die Einwohner der Dörfer Kulligowo, Stal¬ || luhn, Schärtzig, Stoki, Schwichodczyn, Low"
18,5,5829,5830,¬,sämt,liche,sämtliche,join,high,joined form occurs elsewhere in this corpus,False,13,,0,,1,,"ärtzig, Stoki, Schwichodczyn, Lowin, sämt¬ || liche ihnen zugehörige Vorwerke, Aecker"
18,5,5831,5832,¬,Teich,stätte,Teichstätte,split,high,joined form unattested; both halves are real words,False,0,89,1,455692,1,230858,"ärte, Wiesen, Brüche, Seen, Teiche, Teich¬ || stätte, Flüße, Hütung, Heyden, Läden,"
18,5,5833,5834,¬,Geld,und,Geldund,split,high,joined form unattested; both halves are real words,False,0,97,22,12504052,1506,1133103472,"Forsten, Wälder, Büsche, Gesträuche, Geld¬ || und Natural-Zinsen, die Propination, Brau¬"
18,5,5834,5835,¬,Brau,und,Brauund,split,high,joined form unattested; both halves are real words,False,0,5,7,18481,1506,1133103472,"und Natural-Zinsen, die Propination, Brau¬ || und Brennereÿe Gerechtigkeit, Ziegel und"
18,5,5837,5838,¬,Gerechtig,keiten,Gerechtigkeiten,join,high,joined form occurs elsewhere in this corpus,False,14,,0,,4,,"le und jede nutzbare Rechte und Gerechtig¬ || keiten, welche des Herrn Fürsten v Hohenlo"
18,5,5839,5841,,durchlauchten,Durchlauchten,,catchword,high,unmarked catchword: the page ends with the word the next page begins,True,,,,,,,"durchlauchten || Durchlauchten, zeithero als Eigenthümer be"
18,6,5848,5849,¬,Obereigenthü,mer,Obereigenthümer,join,high,head is not a word on its own,False,0,0,0,0,3,,ochfürstl. Durchlauchten als Obereigenthü¬ || mer und beständiger Grundherr von Betsche
18,6,5850,5851,¬,vorbehal,ten,vorbehalten,join,high,joined form occurs elsewhere in this corpus,False,2,,0,,141,," Sich und Höchst dero Nachfolger vorbehal¬ || ten, zu ihrem wahren Erb- und Eigenthum de"
18,6,5852,5853,¬,Com,mune,Commune,join,high,joined form occurs elsewhere in this corpus,False,1,,1,,1,,"talt und also, daß die gedachte Stadt-Com¬ || mune Betsche und die erwähnten Ortschaften"
18,7,5861,5862,¬,Reichs,thaler,Reichsthaler,join,high,joined form occurs elsewhere in this corpus,False,38,,30,,42,,n Einmalhundert und Achtzigtausend Reichs¬ || thaler im Königlichen Preußischen Courant 
18,7,5869,5870,¬,Ge,meinden,Gemeinden,join,high,joined form occurs elsewhere in this corpus,False,47,,6,,3,,übernehmen die Stadt- und übrigen Dorf Ge¬ || meinden ad rationes protii nachstehend ben
18,7,5871,5872,¬,Hypothe,quenbuch,Hypothequenbuch,join,high,head is not a word on its own,False,0,0,0,32,1,,auf die Herrschaft Betsche in dem Hypothe¬ || quenbuch der Königlichen Regierung zu Pose
18,7,5872,5873,¬,inta,belirte,intabelirte,split,high,joined form unattested; both halves are real words,False,0,0,0,1842,1,0,h der Königlichen Regierung zu Posen inta¬ || belirte Hypothequen-Schulden als
18,7,5875,5876,¬,ein,getragen,eingetragen,join,high,joined form occurs elsewhere in this corpus,False,8,,95,,8,,"für den Baurath Glenk ein¬ || getragen, von welcher Summe"
18,8,5884,5885,¬,Abra,ham,Abraham,join,high,joined form occurs elsewhere in this corpus,False,1,,0,,1,,welche für den Handelsmann Abra¬ || ham Moses Hirchel zu Breslau ein
18,8,5888,5889,¬,Mar,witz,Marwitz,join,high,joined form occurs elsewhere in this corpus,False,1,,0,,1,,welche für den Freyherrn von der Mar¬ || witz auf Rudnik intabulirt und an
18,8,5893,5894,¬,Ober,Amts,OberAmts,split,high,joined form unattested; both halves are real words,False,0,8,2,146268,8,4719685,welche für die verwittwete Ober¬ || Amts-Räthin Christiane Dorothea
18,8,5898,5899,¬,Wil,helm,Wilhelm,join,high,joined form occurs elsewhere in this corpus,False,30,,1,,3,,welche für den Baurath Johann Wil¬ || helm
18,8,5899,5901,,helm,helm,,catchword,high,unmarked catchword: the page ends with the word the next page begins,True,,,,,,,"helm || helm Glenk intabulirt sind, und von ihm"
18,9,5907,5908,¬,Zin,sen,Zinsen,join,high,joined form occurs elsewhere in this corpus,False,23,,0,,9,,"Wobey bemerkt wird, daß die Zin¬ || sen der 48,000 rtl. bis zum 2ten Juli"
18,9,5914,5915,¬,pro,cent,procent,join,high,joined form occurs elsewhere in this corpus,False,12,,20,,2,,"intabulirt, und die Zinsen à 5 pro¬ || cent bis zum 26ten Juli d. J. so wie"
18,9,5917,5918,¬,Sum,me,Summe,join,high,joined form occurs elsewhere in this corpus,False,21,,0,,3,,"sind, und versprochen sie diese Sum¬ || me an die Creditores zu berichtigen"
18,9,5920,5922,,Rthl,Rthl,,catchword,high,unmarked catchword: the page ends with the word the next page begins,True,,,,,,,"137000 Rthl || 137,000 Rthl"
18,10,5924,5925,¬,Erbstands,quanti,Erbstandsquanti,split,high,joined form unattested; both halves are real words,False,0,0,4,11,6,309,Ueberrest des Kauf- und Erbstands¬ || quanti fünf und dreißig tausend
18,10,5927,5928,¬,be,richtigen,berichtigen,join,high,joined form occurs elsewhere in this corpus,False,23,,11,,7,,"Durchlaucht nach Breslau franco zu be¬ || richtigen, den Rest von 8000 rttl. aber"
18,10,5932,5933,¬,wer,den,werden,join,high,joined form occurs elsewhere in this corpus,False,143,,0,,482,,"Die vorstehend erwähnten 35000 rtlr. wer¬ || den in der Art bezalt,"
18,11,5943,5944,¬,Gel,dern,Geldern,join,high,joined form occurs elsewhere in this corpus,False,1,,0,,5,,Wenn unter den zu zalenden Gel¬ || dern wichtige holländische Rand Ducaten si
18,11,5959,5960,¬,Vor,werks,Vorwerks,join,high,joined form occurs elsewhere in this corpus,False,8,,43,,1,,"noch in dem Besitz des hiesigen Vor¬ || werks ist, und über deßen Exmission ein"
18,11,5962,5964,,Gemeinde,Gemeinde,,catchword,high,unmarked catchword: the page ends with the word the next page begins,True,,,,,,,"Gemeinde || Gemeinde zwar nicht darauf, daß ihnen der"
18,12,5976,5977,¬,Wirth,schaft,Wirthschaft,join,high,joined form occurs elsewhere in this corpus,False,2,,3,,18,,"hlagene Holz, insofern es nicht zur Wirth¬ || schaft geschlagen ist, bleibt Eigenthum Sr"
18,12,5982,5984,,Forst,Forst,,catchword,high,unmarked catchword: the page ends with the word the next page begins,True,,,,,,,Forst || Forst und sonstige Gebäude sind den Gemein
18,13,5984,5985,¬,Gemein,den,Gemeinden,join,high,joined form occurs elsewhere in this corpus,False,47,,0,,482,,orst und sonstige Gebäude sind den Gemein¬ || den gleich als erb und eigenthümlich überl
18,13,5987,5988,¬,Woh,nung,Wohnung,join,high,joined form occurs elsewhere in this corpus,False,8,,0,,4,,"den Försterhäusern in einer Stube die Woh¬ || nung bis zu Michaelis c. a. zu belaßen, so"
18,13,5991,5992,¬,Ge,richts,Gerichts,join,high,joined form occurs elsewhere in this corpus,False,28,,6,,2,,"r Durchlaucht das Schloß zum Sitze des Ge¬ || richts, der Wohnung des Gerichtsdieners, u"
18,13,6002,6004,,die,die,,catchword,high,unmarked catchword: the page ends with the word the next page begins,True,,,,,,,"die || die Gemeinden verbunden, das zur Heitzung "
18,14,6007,6008,¬,Ge,meinden,Gemeinden,join,high,joined form occurs elsewhere in this corpus,False,47,,6,,3,,"ufahren. Gleichergestalt sind auch die Ge¬ || meinden verbunden, wenn Sr. Hochfürstl. Du"
18,14,6008,6009,¬,Durch,laucht,Durchlaucht,join,high,joined form occurs elsewhere in this corpus,False,130,,84,,18,,"den verbunden, wenn Sr. Hochfürstl. Durch¬ || laucht oder deren Commissorien hier anwese"
18,14,6014,6015,¬,Holz,Kauf,HolzKauf,split,high,joined form unattested; both halves are real words,False,0,360,30,2843047,79,3524718,"n und einigen Kaufleuten geschloßene Holz¬ || Kauf - Contracte anbetrift, so versprechen"
18,14,6015,6016,¬,Hoch,dieselben,Hochdieselben,join,high,joined form occurs elsewhere in this corpus,False,1,,2,,27,," Contracte anbetrift, so versprechen Hoch¬ || dieselben die Holzkäufer abzufinden, ohne "
18,14,6017,6018,¬,lei,sten,leisten,join,high,joined form occurs elsewhere in this corpus,False,22,,0,,5,,e Gemeinden dazu irgend einen Beytrag lei¬ || sten.
18,14,6022,6024,,Grundstücke,Grundstücke,,catchword,high,unmarked catchword: the page ends with the word the next page begins,True,,,,,,,Grundstücke || Grundstücke 10 Procent Laudemium an Sr. Ho
18,15,6026,6027,¬,die,sen,diesen,join,high,joined form occurs elsewhere in this corpus,False,52,,604,,9,,on der Kaufs-Summe zu entrichten. Von die¬ || sen Laudemien sind jedoch die Stellen ausg
18,15,6027,6028,¬,ausgenom,men,ausgenommen,join,high,joined form occurs elsewhere in this corpus,False,9,,0,,10,,"audemien sind jedoch die Stellen ausgenom¬ || men, welche die Gemeinden jetzt nun anlege"
18,15,6035,6036,¬,Nach,folger,Nachfolger,join,high,joined form occurs elsewhere in this corpus,False,47,,89,,9,,"daß wenn sie höchstselbst oder deren Nach¬ || folger im Besitze hierher kommen, oder ihr"
18,15,6037,6038,¬,Ge,meinden,Gemeinden,join,high,joined form occurs elsewhere in this corpus,False,47,,6,,3,,"mmissarien hierher senden sollten, die Ge¬ || meinden schuldig sind die Vorspann führen"
18,15,6042,6043,¬,die,selben,dieselben,join,high,joined form occurs elsewhere in this corpus,False,27,,604,,3,,"r behalten sich Sr. Durchlaucht, wenn die¬ || selben"
18,15,6043,6045,,selben,selben,,catchword,high,unmarked catchword: the page ends with the word the next page begins,True,,,,,,,selben || selben das Patronat-Recht über die Betsche
18,16,6050,6051,¬,Durch,laucht,Durchlaucht,join,high,joined form occurs elsewhere in this corpus,False,130,,84,,18,,lagenen Geistlichen Sr. Hochfürstl. Durch¬ || laucht dem bischöflichen Consistorio zu pr
18,16,6054,6055,¬,Stocki,und,Stockiund,split,high,joined form unattested; both halves are real words,False,0,0,8,6375,1506,1133103472,e Prozeße zwischen der Gemeinde zu Stocki¬ || und dem Herrn Fürsten v Hohenlohe wegen Ei
18,16,6055,6056,¬,Ei,genthums,Eigenthums,split,high,joined form unattested; both halves are real words,False,0,172,1,76569,1,0,nd dem Herrn Fürsten v Hohenlohe wegen Ei¬ || genthums des Stocker Bruchs zwischen dem
18,16,6061,6062,¬,Con,firmation,Confirmation,join,high,joined form occurs elsewhere in this corpus,False,11,,0,,2,,"sten v Hohenlohe Durchlauchten, wegen Con¬ || firmation des Privilegii, so wie auch der"
18,16,6063,6065,,Prozeß,Prozeß,,catchword,high,unmarked catchword: the page ends with the word the next page begins,True,,,,,,,Prozeß || Prozeß zwischen dem Herrn Fürsten v Hohenl
18,17,6066,6067,¬,Zurückga,be,Zurückgabe,join,high,joined form occurs elsewhere in this corpus,False,1,,0,,11,,"und dem Hertzig in Lowino, wegen Zurückga¬ || be der Szalestwo, übernehmen die Gemeinden"
18,17,6068,6069,¬,ver,streiter,verstreiter,split,high,joined form unattested; both halves are real words,False,0,0,3,0,1,27308,"ihre Gefahr und Kosten und was sie ver¬ || streiter, oder im Wege des Vergleichs erha"
18,17,6074,6075,¬,Bet,sche,Betsche,join,high,joined form occurs elsewhere in this corpus,False,34,,0,,4,,e von Sr. Durchlaucht als Dominio von Bet¬ || sche zeither entrichteten Competenz- Steue
18,17,6084,6086,,Zukunft,Zukunft,,catchword,high,unmarked catchword: the page ends with the word the next page begins,True,,,,,,,"Zukunft || Zukunft erhöhet werden sollten, keine Verg"
18,18,6086,6087,¬,Vergü,tigung,Vergütigung,join,high,joined form occurs elsewhere in this corpus,False,3,,0,,3,,"kunft erhöhet werden sollten, keine Vergü¬ || tigung von dem Herrn Fürsten v Hohenlohe D"
18,18,6087,6088,¬,Durch,laucht,Durchlaucht,join,high,joined form occurs elsewhere in this corpus,False,130,,84,,18,,"g von dem Herrn Fürsten v Hohenlohe Durch¬ || laucht fordern, auch übernehmen die Gemein"
18,18,6088,6089,¬,Gemein,den,Gemeinden,join,high,joined form occurs elsewhere in this corpus,False,47,,0,,482,,"aucht fordern, auch übernehmen die Gemein¬ || den den von"
18,18,6090,6091,¬,Durch,laucht,Durchlaucht,join,high,joined form occurs elsewhere in this corpus,False,130,,84,,18,,Sr. Hochfürstlichen Durch¬ || laucht zur hiesigen Stadtschule auf 1 Jahr
18,18,6095,6096,¬,la,ren,laren,join,high,"joined form attested in DWDS (2,229 hits)",False,0,2229,0,,9,,"ey den competenten Behörden zu verlaut la¬ || ren und die Confirmation nachzusuchen, und"
18,18,6097,6098,¬,verbund,sich,verbundsich,split,high,joined form unattested; both halves are real words,False,0,0,0,287370,197,288114513,"fürstlichen Durchlauchten hierbey verbund¬ || sich bestmöglichst zu verwenden, daß diese"
18,18,6100,6101,¬,fernerwei,ten,fernerweiten,join,high,head is not a word on its own,False,0,17,0,0,141,,h den Gemeinden der Consens zur fernerwei¬ || ten Dismembration der ihnen überlaßenen
18,18,6105,6107,,erfolgt,erfolgt,,catchword,high,unmarked catchword: the page ends with the word the next page begins,True,,,,,,,"erfolgt || erfolgt, wird den Stadt und dorfgemeinden "
18,19,6114,6115,¬,Durch,lauchten,Durchlauchten,join,high,joined form occurs elsewhere in this corpus,False,27,,84,,3,,ntract soll für Sr. Hochfürstlichen Durch¬ || lauchten den Herrn Fürsten zu Hohenlohe In
18,19,6115,6116,¬,Ingelfin,gen,Ingelfingen,join,high,joined form occurs elsewhere in this corpus,False,49,,2,,40,,n den Herrn Fürsten zu Hohenlohe Ingelfin¬ || gen für sich und Höchstdero Erben und Nach
18,19,6116,6117,¬,Nach,folger,Nachfolger,join,high,joined form occurs elsewhere in this corpus,False,47,,89,,9,,"en für sich und Höchstdero Erben und Nach¬ || folger, so wie auch von Seiten der Stadt u"
18,19,6123,6124,¬,fran,co,franco,join,high,joined form occurs elsewhere in this corpus,False,5,,0,,4,,"cutioni entrichtet, und nach Breslau fran¬ || co"
18,20,6129,6130,¬,verän,ßern,veränßern,join,high,head is not a word on its own,False,0,0,0,384,2,,"undstücke und Gerechtigkeiten nicht verän¬ || ßern oder dismembiren, so bleibt der statu"
18,20,6130,6131,¬,statu,possivus,statupossivus,join,high,head is not a word on its own,False,0,0,0,103,1,,"ern oder dismembiren, so bleibt der statu¬ || possivus in dem jetzigen Zustande Sobald"
18,20,6138,6139,¬,haf,ten,haften,join,high,joined form occurs elsewhere in this corpus,False,7,,0,,141,,"ipulirten Canon der 1000 rtl jährlich haf¬ || ten, sämtliche Gemeinden in solidum und la"
18,20,6144,6146,,bey,bey,,catchword,high,unmarked catchword: the page ends with the word the next page begins,True,,,,,,,bey || bey dem Hypothequer-Buche des Dominii Bet¬
18,21,6146,6147,¬,Bet,sche,Betsche,join,high,joined form occurs elsewhere in this corpus,False,34,,0,,4,,bey dem Hypothequer-Buche des Dominii Bet¬ || sche und Zubehör eingetragen werde.
18,21,6154,6155,¬,Ein,standt,Einstandt,split,high,joined form unattested; both halves are real words,False,0,0,95,0,1,532,"de, daß wenn das verabredete Kauf und Ein¬ || standt quantum den wahren Werth der überla"
18,21,6156,6157,¬,Dop,pelte,Doppelte,join,high,joined form occurs elsewhere in this corpus,False,1,,0,,1,,"rundstücke und Gerechtigkeiten um das Dop¬ || pelte übersteige, ihnen der Rücktritt von "
18,21,6160,6161,¬,Ober,aufsicht,Oberaufsicht,join,high,"joined form attested in DWDS (10,986 hits)",False,0,10986,2,,4,,"stl. Durchlauchten behalten sich die Ober¬ || aufsicht über die Forsten vor, welche sie "
18,21,6161,6162,¬,König,lichen,Königlichen,join,high,joined form occurs elsewhere in this corpus,False,9,,7,,16,,"ber die Forsten vor, welche sie dem König¬ || lichen Oberförster Feller übertragen werde"
18,21,6163,6164,¬,we,gen,wegen,join,high,joined form occurs elsewhere in this corpus,False,29,,1,,40,,die Gemeinden verpflichten sich diesen we¬ || gen
18,21,6164,6166,,gen,gen,,catchword,high,unmarked catchword: the page ends with the word the next page begins,True,,,,,,,gen || gen seiner Bemühungen zu entschädigen und 
18,22,6170,6171,¬,voll,kommen,vollkommen,join,high,"joined form attested in DWDS (1,281,722 hits)",False,0,1281722,0,,20,,"sen, den der deutschen Sprache nicht voll¬ || kommen kundigen Deputirten der Stadt um"
18,22,6174,6175,¬,Dollmet,scher,Dollmetscher,join,high,joined form occurs elsewhere in this corpus,False,5,,0,,3,,"then hatten, durch den vereideten Dollmet¬ || scher Eichaust verdollmetscht, genehmigt u"
18,22,6176,6177,¬,be,merkt,bemerkt,join,high,joined form occurs elsewhere in this corpus,False,8,,11,,1,,"hrieben, wobey von der Contichten noch be¬ || merkt wurde, daß die Kosten der Aufnahme"
18,22,6181,6183,,unterschrieben,unterschrieben,,catchword,high,unmarked catchword: the page ends with the word the next page begins,True,,,,,,,unterschrieben || unterschrieben
18,23,6185,6186,¬,Hohenlo,he,Hohenlohe,join,high,joined form occurs elsewhere in this corpus,False,90,,0,,3,,Johann Wilhelm Glenk Hochfürstl. Hohenlo¬ || he Ingelfingensche General = Bevollmächtig
18,23,6186,6187,¬,Bevollmächtig,ter,Bevollmächtigter,join,high,joined form occurs elsewhere in this corpus,False,17,,0,,15,,e Ingelfingensche General = Bevollmächtig¬ || ter
18,23,6197,6198,¬,Gene,ral,General,join,high,joined form occurs elsewhere in this corpus,False,47,,2,,4,, Fürstlich Hohenlohe Ingelfingensche Gene¬ || ral = Bevollmächtigte Baurath Johann Wilhe
18,23,6200,6201,¬,Myłnkie,wicz,Myłnkiewicz,join,high,joined form occurs elsewhere in this corpus,False,1,,0,,3,,der Bürgerschaft der Matheus Myłnkie¬ || wicz
18,23,6201,6203,,wicz,wicz,,catchword,high,unmarked catchword: the page ends with the word the next page begins,True,,,,,,,"wicz || wicz 3, der Bevollmächtigte der Gemeinde K"
18,24,6204,6205,¬,Chma,ra,Chmara,join,high,joined form occurs elsewhere in this corpus,False,11,,0,,1,,"zartzig, Stoki, Schwichodzin, Lowin, Chma¬ || ra, und bringen zu dem gestern aufgenommen"
18,24,6208,6209,¬,ver,sichern,versichern,join,high,joined form occurs elsewhere in this corpus,False,3,,3,,2,,"rrn Fürsten v Hohenlohe durchlauchten ver¬ || sichern den Gemeinden, daß außer den berei"
18,24,6215,6216,¬,Unter,suchungs,Untersuchungs,join,high,joined form occurs elsewhere in this corpus,False,1,,67,,1,,"lenden Criminal-Untersuchungen, die Unter¬ || suchungs-Kosten, insoweit die übrigen zum"
18,24,6219,6220,¬,wur,die,wurdie,split,high,joined form unattested; both halves are real words,False,0,42,0,12115,604,0,"sind, für immer zu tragen. Damit wur¬ || die Verhandlung geschloßen, das Protocoll "
18,24,6220,6221,¬,vor,gelesen,vorgelesen,join,high,joined form occurs elsewhere in this corpus,False,7,,43,,28,,"Verhandlung geschloßen, das Protocoll vor¬ || gelesen, den Deputirten der Gemeinde, welc"
18,24,6222,6224,,der,der,,catchword,high,unmarked catchword: the page ends with the word the next page begins,True,,,,,,,der || der deutschen Sprache nicht ganz kundig si
18,25,6234,6235,¬,gegenwär,tige,gegenwärtige,join,high,joined form occurs elsewhere in this corpus,False,4,,0,,1,," darum gebethen worden, als wird gegenwär¬ || tige Ausfertigung zu des Urkund unter"
18,25,6244,6245,¬,Ingelfin,gen,Ingelfingen,join,high,joined form occurs elsewhere in this corpus,False,49,,2,,40,,n dem Herrn Fürsten zu Hohenlohe Ingelfin¬ || gen
18,25,6245,6247,,gen,gen,,catchword,high,unmarked catchword: the page ends with the word the next page begins,True,,,,,,,gen || gen eingeleitete Dismembration und Veräuße
18,26,6247,6248,¬,Veräuße,rung,Veräußerung,join,high,"joined form attested in DWDS (117,459 hits)",False,0,117459,0,,4,,en eingeleitete Dismembration und Veräuße¬ || rung der Herrschaft Betsch an die dortige 
18,26,6248,6249,¬,Bür,ger,Bürger,join,high,joined form occurs elsewhere in this corpus,False,6,,0,,5,, der Herrschaft Betsch an die dortige Bür¬ || ger und Einsaßen veranlaßte Untersuchung
18,26,6251,6252,¬,wer,den,werden,join,high,joined form occurs elsewhere in this corpus,False,143,,0,,482,,"dem mit ihnen geschloßenen Kontrakte wer¬ || den bestehen, und in dauerhaften praestati"
18,26,6256,6257,¬,An,frag,Anfrag,split,high,joined form unattested; both halves are real words,False,0,872,215,203629291,1,8965693,"elbst auf den Uns dieserhalb gemachten An¬ || frag, nunmehr Inhalts Kabinets- Resolution"
18,26,6264,6266,,den,den,,catchword,high,unmarked catchword: the page ends with the word the next page begins,True,,,,,,,den || den Herrn Fürsten Hohenlohe Ingelfingen re
18,27,6266,6267,¬,reprae,sentirt,repraesentirt,join,high,head is not a word on its own,False,0,0,0,0,1,,errn Fürsten Hohenlohe Ingelfingen reprae¬ || sentirt und deßen Rechte Nahmens seiner
18,27,6269,6270,¬,dasi,ge,dasige,join,high,head is not a word on its own,False,0,483,0,782,6,,m Herrn Fürsten die Aufsicht auf die dasi¬ || ge Forsten ausschließend und unter gesetzl
18,27,6270,6271,¬,gesetzli,cher,gesetzlicher,join,high,"joined form attested in DWDS (3,911,474 hits)",False,0,3911474,0,,2,, Forsten ausschließend und unter gesetzli¬ || cher Concurrents der Landes-Polizey gelaße
18,27,6277,6278,¬,Ge,währung,Gewährung,join,high,"joined form attested in DWDS (198,692 hits)",False,0,198692,6,,1,,"ge, nichts zu erinnern gefunden, deren Ge¬ || währung allergnädigst nachgegeben, und laß"
18,27,6279,6280,¬,Auf,lage,Auflage,join,high,"joined form attested in DWDS (1,840,953 hits)",False,0,1840953,279,,1,,"lches hierdurch nachrichtlich mit der Auf¬ || lage bekannt machen, die Interessenten hie"
18,27,6281,6282,-,be,trag,betrag,join,high,"joined form attested in DWDS (4,225,152 hits)",False,0,4225152,11,,1,,"zu bescheiden, auch von höher die be- || trag der abschriftlich anliegenden Liquida"
18,27,6283,6285,,der,der,,catchword,high,unmarked catchword: the page ends with the word the next page begins,True,,,,,,,der || der Dieten und Reisekosten des Ober-Amt¬
18,28,6285,6286,¬,Amt,manns,Amtmanns,join,high,"joined form attested in DWDS (27,340 hits)",False,0,27340,14,,3,,der Dieten und Reisekosten des Ober-Amt¬ || manns Jahr und Oberförsters Feller einzu¬
18,28,6286,6287,¬,einzu,ziehen,einzuziehen,join,high,joined form occurs elsewhere in this corpus,False,2,,0,,2,,"manns Jahr und Oberförsters Feller einzu¬ || ziehen, und mit 20 rtl. 8 ggr. an den p. J"
18,28,6291,6292,¬,Doma,nen,Domanen,split,high,joined form unattested; both halves are real words,False,0,0,0,3365,13,368110,önigliche Südpreußische Krieges- und Doma¬ || nen-Kammer G. O. Köller
19,1,6312,6313,¬,Güther,Director,GütherDirector,split,high,joined form unattested; both halves are real words,False,0,0,21,2012,13,222025,"rstlich Hohenlohe-Ingelfingen, ihn Güther¬ || Director und General Bevollmächtigte Baura"
19,1,6334,6336,,und,und,,catchword,high,unmarked catchword: the page ends with the word the next page begins,True,,,,,,,und || und Kontopp als höchst Ihren Freund und Be
19,2,6367,6369,,Vollmacht,Vollmacht,,catchword,high,unmarked catchword: the page ends with the word the next page begins,True,,,,,,,Vollmacht || Vollmacht vom 5ten Aprill 1804. wornach er
19,3,6395,6396,¬,Bran,und,Branund,split,high,joined form unattested; both halves are real words,False,0,0,0,8718,1506,1133103472,"und Natural Zinsen, der Propination, Bran¬ || und"
19,3,6396,6398,,und,und,,catchword,high,unmarked catchword: the page ends with the word the next page begins,True,,,,,,,"und || und Brennerei Gerechtigkeit, Ziegel und"
19,4,6399,6400,¬,Vorwerk,kurz,Vorwerkkurz,split,high,joined form unattested; both halves are real words,False,0,0,13,66377,2,19902396,"Kalk-Brennereien, daß Obra Vorwerk¬ || kurz alle und jede nutzbahre Rechte, und"
19,4,6410,6411,¬,Hoch,fürstl,Hochfürstl,join,high,joined form occurs elsewhere in this corpus,False,66,,2,,12,,"mien, die Jagd, als welche sich Sr Hoch¬ || fürstl. Durchlauchten, als Ober eigenthüme"
19,4,6413,6414,¬,vorbe,halten,vorbehalten,join,high,joined form occurs elsewhere in this corpus,False,2,,0,,12,,ür Sich; und Höchst Dero Nachfolger vorbe¬ || halten — zu ihrem wahrem Erbundfigenthum
19,4,6416,6417,¬,Ort,schaften,Ortschaften,join,high,joined form occurs elsewhere in this corpus,False,1,,0,,1,,"Commune Betsche und den erwähnten Ort¬ || schaften, damit als mit ihrem wahren Eigen"
19,4,6418,6419,¬,ver,schenken,verschenken,join,high,joined form occurs elsewhere in this corpus,False,1,,3,,2,,"en, selbige verkaufen, rettauflichen, ver¬ || schenken können mögen und sollen, für ein"
19,5,6427,6428,¬,Grund,zins,Grundzins,join,high,joined form occurs elsewhere in this corpus,False,2,,44,,11,,nzfuß von 1764 und einen jährlichen Grund¬ || zins von
19,5,6441,6442,¬,einge,tragen,eingetragen,join,high,joined form occurs elsewhere in this corpus,False,8,,0,,13,,"für den Baurath Glenk einge¬ || tragen, von welcher Summe"
19,5,6449,6451,,Rthl,Rthl,,catchword,high,unmarked catchword: the page ends with the word the next page begins,True,,,,,,,48000 Rthl || 48000 Rthl
19,6,6463,6464,¬,Ober,Amts,OberAmts,split,high,joined form unattested; both halves are real words,False,0,8,2,146268,8,4719685,welche für die verwittwete Ober¬ || Amts Räthin Christiana Doro¬
19,6,6464,6465,¬,Doro,thea,Dorothea,join,high,joined form occurs elsewhere in this corpus,False,1,,0,,1,,Amts Räthin Christiana Doro¬ || thea Michaelis gebohrne
19,6,6482,6484,,Rthl,Rthl,,catchword,high,unmarked catchword: the page ends with the word the next page begins,True,,,,,,,65000 Rthl || 65000 Rthl
19,7,6508,6509,¬,übri,gen,übrigen,join,high,joined form occurs elsewhere in this corpus,False,18,,0,,40,,"nd von Morgen über 8 Tage werden die übri¬ || gen 28000 rthlr bezahlt, und zwar werden"
19,8,6524,6525,¬,be,zahlt,bezahlt,join,high,joined form occurs elsewhere in this corpus,False,28,,11,,10,,"den 5ten August gezahlt werden sollen, be¬ || zahlt sind, da jedoch der ehemahlige Pächt"
19,8,6525,6526,¬,Born,staedt,Bornstaedt,join,high,joined form occurs elsewhere in this corpus,False,2,,4,,1,,da jedoch der ehemahlige Pächter von Born¬ || staedt noch in dem Besitze des hiesigen Vo
19,8,6540,6542,,sie,sie,,catchword,high,unmarked catchword: the page ends with the word the next page begins,True,,,,,,,"sie || sie es itzt schon sind, und das darinnen g"
19,9,6543,6544,¬,ge,schlagen,geschlagen,join,high,joined form occurs elsewhere in this corpus,False,1,,6,,2,,"z, in so fern es nicht zur Wirthschaft ge¬ || schlagen ist, bleibt Eigenthum, Sr. Durchl"
19,9,6547,6548,¬,Wirthschafts,Forst,WirthschaftsForst,split,high,joined form unattested; both halves are real words,False,0,0,11,0,37,390172,mtliche herrschaftliche Wohn-Wirthschafts¬ || Forst und sonstige Gebäudin sind den Gemei
19,9,6567,6569,,der,der,,catchword,high,unmarked catchword: the page ends with the word the next page begins,True,,,,,,,der || der Gerichtsstube und des Gerichtsdieners
19,10,6588,6589,¬,Nach,folger,Nachfolger,join,high,joined form occurs elsewhere in this corpus,False,47,,89,,9,, Hochfürstl. Durchlauchten und deren Nach¬ || folger im Besitze von der Kauf Summe zu
19,10,6592,6594,,Gemeinden,Gemeinden,,catchword,high,unmarked catchword: the page ends with the word the next page begins,True,,,,,,,"Gemeinden || Gemeinden izt neu anlegen wollen, wenn die"
19,11,6602,6603,¬,Commissar,en,Commissaren,join,high,head is not a word on its own,False,0,7,0,207,4,,"esitze hieher kommen, oder ihre Commissar¬ || en hiecher senden sollten, die Gemeinden s"
19,11,6613,6614,¬,praesen,tiren,praesentiren,join,high,joined form occurs elsewhere in this corpus,False,1,,0,,2,,aucht dem Bischoff Consistorio zu praesen¬ || tiren versprechen.
19,11,6619,6621,,Fürsten,Fürsten,,catchword,high,unmarked catchword: the page ends with the word the next page begins,True,,,,,,,Fürsten || Fürsten von Hohenlohe und dem Besitzer von
19,12,6621,6622,¬,Zie,lomi,Zielomi,split,high,joined form unattested; both halves are real words,False,0,0,0,4929,1,7488,"en von Hohenlohe und dem Besitzer von Zie¬ || lomi[pat?], wegen des Einlösungs Rechts, u"
19,12,6627,6628,¬,Hert,zig,Hertzig,join,high,joined form occurs elsewhere in this corpus,False,1,,0,,8,,"Herrn Fursten von Hohenlohe, und den Hert¬ || zig in Lowino wegen Zurückgabe der Schales"
19,12,6628,6629,¬,Schales,tro,Schalestro,split,high,joined form unattested; both halves are real words,False,0,0,0,520130,1,2735,ig in Lowino wegen Zurückgabe der Schales¬ || tro übernehmen die Gemeinden auf ihre Gefa
19,12,6647,6649,,Fürsten,Fürsten,,catchword,high,unmarked catchword: the page ends with the word the next page begins,True,,,,,,,Fürsten || Fürsten von Hohenlohe Durchlauchten forder
19,13,6657,6658,¬,nachzu,suchen,nachzusuchen,join,high,joined form occurs elsewhere in this corpus,False,3,,0,,3,,"rlaut baaren, und die Confirmation nachzu¬ || suchen, und machen sich Sr. Hochfürstl. Du"
19,13,6662,6663,¬,über,laßenen,überlaßenen,join,high,joined form occurs elsewhere in this corpus,False,3,,79,,1,,erner weitem Dismembration der ihnen über¬ || laßenen Grundstücke ertheilt werde.
19,13,6669,6670,¬,Erbstands,Quanto,ErbstandsQuanto,split,high,joined form unattested; both halves are real words,False,0,0,4,11,5,503,"welches unter den Kauf und Erbstands¬ || Quanto mit verkauft ist, u der Zahl über¬"
19,13,6670,6671,¬,über,geben,übergeben,join,high,joined form occurs elsewhere in this corpus,False,10,,79,,9,,"Quanto mit verkauft ist, u der Zahl über¬ || geben, als der Pächter von Bornstaet"
19,14,6682,6683,¬,Grund,zinns,Grundzinns,split,high,joined form unattested; both halves are real words,False,0,0,44,14931215,1,0,er jährlich zubezahlende Canon oder Grund¬ || zinns von 1000 rttlr in halbjähriger Ratis
19,14,6690,6691,¬,veräußer,nen,veräußernen,split,high,joined form unattested; both halves are real words,False,0,0,0,191850,13,368110,"stücke und Gerechtigkeiten nicht veräußer¬ || nen oder dismembrinen, so bleibt der Statu"
19,15,6706,6707,¬,Bet,sche,Betsche,join,high,joined form occurs elsewhere in this corpus,False,34,,0,,4,,bey dem Hypotheken Buche des Dominii Bet¬ || sche und Zubehöre eingetragen werde.
19,15,6717,6718,¬,Gerechtig,keiten,Gerechtigkeiten,join,high,joined form occurs elsewhere in this corpus,False,14,,0,,4,,überlaßenen Grundstücke und Gerechtig¬ || keiten um das doppelte überstiege ihnen
19,16,6728,6729,-,entschä,digen,entschädigen,join,high,joined form occurs elsewhere in this corpus,False,3,,0,,3,,diesen wegen seiner Bemühungen zu entschä- || digen; und sich dieserhalb mit ihm zueinig
19,16,6730,6731,-,anzu,führen,anzuführen,join,high,joined form occurs elsewhere in this corpus,False,2,,0,,2,,"Damit wurde da ein mehreres nicht anzu- || führen war, die Verhandlung geschlossen"
19,16,6737,6738,¬,ver,Dollmetscht,verDollmetscht,join,high,joined form occurs elsewhere in this corpus,False,2,,3,,1,,"am vereideten Dollmetscher Echaust ver¬ || Dollmetscht genehmiget und unterschrieben,"
19,16,6741,6743,,Expedition,Expedition,,catchword,high,unmarked catchword: the page ends with the word the next page begins,True,,,,,,,"Expedition || Expedition, Verlautbarung und Confirmation"
19,17,6751,6752,¬,Plenipo,tent,Plenipotent,join,high,joined form occurs elsewhere in this corpus,False,1,,0,,1,,Matheus Młynkiewicz pełno mocny Plenipo¬ || tent.
19,17,6763,6765,,Bevollmächtigte,Bevollmächtigte,,catchword,high,unmarked catchword: the page ends with the word the next page begins,True,,,,,,,Bevollmächtigte || Bevollmächtigte der Bürgerschaft Matheus
19,18,6772,6773,¬,Durch,lauchten,Durchlauchten,join,high,joined form occurs elsewhere in this corpus,False,27,,84,,3,,"Herrn Fürsten von Hohenlohe Durch¬ || lauchten versichern den Gemeinden, daß"
19,18,6778,6779,¬,ver,flichten,verflichten,split,high,joined form unattested; both halves are real words,False,0,24,3,0,1,22,Die stadt dorfgemeinden ver¬ || flichten sich bey vorfallenden Criminal
19,18,6781,6782,¬,Schlü,ßel,Schlüßel,join,high,joined form occurs elsewhere in this corpus,False,1,,0,,1,,insoweit die übrigen zum Betscher Schlü¬ || ßel gehörenden Gemeinden nicht selbst zur
19,18,6785,6787,,Somit,Somit,,catchword,high,unmarked catchword: the page ends with the word the next page begins,True,,,,,,,"Somit || Somit wurde die Verhandlung geschloßen, da"
20,1,6818,6819,¬,Wohn,haus,Wohnhaus,join,high,joined form occurs elsewhere in this corpus,False,3,,6,,10,,aber das eigentliche herrschaftliche Wohn¬ || haus zu Swięcia ausgezogen habe. So überla
20,1,6822,6823,¬,Ge,schäfte,Geschäfte,join,high,joined form occurs elsewhere in this corpus,False,7,,6,,1,,tlichkeit für die bey diesem Erbpachts Ge¬ || schäfte gehabte Mühwaltung und Reisen erb 
20,1,6823,6824,¬,eigenthüm,lich,eigenthümlich,join,high,joined form occurs elsewhere in this corpus,False,11,,0,,20,,e Mühwaltung und Reisen erb und eigenthüm¬ || lich um da mit nach seinen Gefallen schalt
20,1,6826,6827,¬,besonder,gut,besondergut,split,high,joined form unattested; both halves are real words,False,0,0,0,11883,11,98383556,nen Brauerey Erbpacht zum Schank besonder¬ || gut brauchen kann.
21,1,6839,6840,¬,Man,datarius,Mandatarius,join,high,joined form occurs elsewhere in this corpus,False,2,,3,,1,,benfeld verpflichtet sich als General Man¬ || datarius des Herrn Fürsten zu Hohenlohe da
21,1,6846,6847,¬,er,kauft,erkauft,join,high,joined form occurs elsewhere in this corpus,False,1,,57,,2,,rwittweten Frau Obristen von Schliesen er¬ || kauft worden. An den Herrn Meierowitz Erb 
21,1,6851,6852,¬,ge,macht,gemacht,join,high,joined form occurs elsewhere in this corpus,False,11,,6,,18,,e bey der competenten Behörde anhängig ge¬ || macht ist.
21,1,6856,6858,,geleistet,geleistet,,catchword,high,unmarked catchword: the page ends with the word the next page begins,True,,,,,,,geleistet. || geleistet.
21,2,6861,6862,¬,Kauf,Geld,KaufGeld,join,high,joined form occurs elsewhere in this corpus,False,4,,79,,22,, für obiges genantes Guth ein baares Kauf¬ || Geld von Zwantzig Tausend Reichs-Thaler in
21,2,6882,6883,¬,ein,getragen,eingetragen,join,high,joined form occurs elsewhere in this corpus,False,8,,95,,8,,"ies Guth Wittow zur ersten Hypotheque ein¬ || getragen werden soll, zu entledigen, so wi"
21,2,6884,6886,,Seiten,Seiten,,catchword,high,unmarked catchword: the page ends with the word the next page begins,True,,,,,,,"Seiten || Seiten des Herrn Verkäufers nachgegeben, n"
21,3,6890,6891,¬,Acht,Tausend,AchtTausend,split,high,joined form unattested; both halves are real words,False,0,570,6,0,39,0, § 3. festgesetzt ist daß Meierowitz Acht¬ || Tausend Reichs-Thaler auf den 23ten April 
21,3,6911,6913,,den,den,,catchword,high,unmarked catchword: the page ends with the word the next page begins,True,,,,,,,den || den Interessen Zahlungen viel Verwickelung
21,4,6919,6920,¬,Kauf,mit,Kaufmit,split,high,joined form unattested; both halves are real words,False,0,9,79,3524718,193,437384648,"Wittow zu besitzen, alles sobald der Kauf¬ || mit Honrichsen anullirt ist, beizutragen u"
21,4,6921,6922,¬,zuver,wenden,zuverwenden,join,high,head is not a word on its own,False,0,215,0,692,1,,halb selbst bei des Königs Majestät zuver¬ || wenden. Sämtliche Kosten aber zur Anschaff
21,4,6925,6926,¬,sämt,lichen,sämtlichen,join,high,joined form occurs elsewhere in this corpus,False,3,,0,,16,,"ie bey Kaufen dieser Art verkomenden sämt¬ || lichen Kosten sie haben Nahmen, wie sie wo"
22,1,6947,6948,¬,Freund,schaft,Freundschaft,join,high,joined form occurs elsewhere in this corpus,False,3,,4,,18,,"sind Euch mit Königlicher Gnade, Freund¬ || schaft und geneigtem Willen wohlbeigethan."
23,1,6962,6963,¬,Stem,pel,Stempel,join,high,joined form occurs elsewhere in this corpus,False,6,,0,,1,,"al hiervon befindet sich auf 137 rl. Stem¬ || pel - Papier, und ist zu den hypotheken Ak"
23,1,6967,6968,¬,jedermän,niglich,jedermänniglich,join,high,joined form occurs elsewhere in this corpus,False,1,,0,,1,,"Thun kund und fügen hiermit jedermän¬ || niglich, besonders wo es von nöthen ist,"
23,1,6970,6971,¬,Com,missario,Commissario,join,high,joined form occurs elsewhere in this corpus,False,2,,1,,1,,"hiesigen Regierung ernannten Com¬ || missario, Unsern Regierungs - Asses¬"
23,1,6971,6972,¬,Asses,sor,Assessor,join,high,joined form occurs elsewhere in this corpus,False,3,,0,,1,,"missario, Unsern Regierungs - Asses¬ || sor Bewert, der regierende Herr"
23,1,6974,6975,¬,Banco,Rendant,BancoRendant,split,high,joined form unattested; both halves are real words,False,0,0,17,26500,5,2164,"Ingelfingen Liebden und der Banco¬ || Rendant George Conrad Leixner, beide"
23,1,6980,6981,¬,geschlosse,nen,geschlossenen,join,high,joined form occurs elsewhere in this corpus,False,4,,0,,13,,"16t und 25ten Januar ejusd. an geschlosse¬ || nen Kauf Contracte, über die im"
23,2,6994,6995,¬,Gou,verneur,Gouverneur,join,high,joined form occurs elsewhere in this corpus,False,10,,0,,2,,Königl. General der Infanterie und Gou¬ || verneur zu Breslau und dem Königl.
23,2,6998,6999,¬,ge,schlossen,geschlossen,join,high,joined form occurs elsewhere in this corpus,False,6,,6,,2,,ist folgender Kauf - Contract ge¬ || schlossen worden.
23,2,7004,7005,¬,gelege,nen,gelegenen,join,high,joined form occurs elsewhere in this corpus,False,2,,0,,13,,"und dessen Meseritzer Kreise gelege¬ || nen, aus der Donations-Urkunde des"
23,2,7010,7011,¬,Ein,sassen,Einsassen,split,high,joined form unattested; both halves are real words,False,0,58,95,0,1,31918,"mit allen Pertinenzien, Mühlen, Ein¬ || sassen, Feldern, Waldungen, Seen,"
23,2,7012,7013,¬,Propi,nation,Propination,join,high,joined form occurs elsewhere in this corpus,False,5,,0,,1,,"Gewässern, Diensten, Jagd, Propi¬ || nation, und überhaupt mit allen Rech¬"
23,2,7013,7014,¬,Rech,ten,Rechten,join,high,joined form occurs elsewhere in this corpus,False,8,,1,,141,,"nation, und überhaupt mit allen Rech¬ || ten und Gerechtigkeiten, Lasten und Be¬"
23,2,7014,7016,¬,Be,schwerden,Beschwerden,join,review,crosses a page break - check by hand,True,1,1718123,11,105863,1,235,"ten und Gerechtigkeiten, Lasten und Be¬ || schwerden, zu seinem wahren Eigen¬"
23,3,7016,7017,¬,Eigen,thume,Eigenthume,join,high,joined form occurs elsewhere in this corpus,False,1,,1,,1,,"schwerden, zu seinem wahren Eigen¬ || thume, für ein Kauff u. Pretium"
23,3,7018,7019,¬,Hun,dert,Hundert,join,high,joined form occurs elsewhere in this corpus,False,45,,0,,7,,"von 142,000 rtll. Einmal Hun¬ || dert und zwei und Vierzig Tau¬"
23,3,7019,7020,¬,Tau,send,Tausend,join,high,joined form occurs elsewhere in this corpus,False,39,,0,,7,,"dert und zwei und Vierzig Tau¬ || send Reichsthaler, nach dem Münz¬"
23,3,7020,7021,¬,Münz,Fuße,MünzFuße,join,high,joined form occurs elsewhere in this corpus,False,1,,1,,2,,"send Reichsthaler, nach dem Münz¬ || Fuße von 1764."
23,3,7027,7028,¬,wei,tere,weitere,join,high,joined form occurs elsewhere in this corpus,False,3,,0,,1,,diesem Kaufgeschäfte keine wei¬ || tere Forderung an den Herrn
23,3,7038,7039,¬,rechts,kräftig,rechtskräftig,join,high,joined form occurs elsewhere in this corpus,False,3,,12,,3,,"Güter bestand, als die ihm rechts¬ || kräftig zuerkannte Summe"
23,4,7042,7043,¬,Durch,laucht,Durchlaucht,join,high,joined form occurs elsewhere in this corpus,False,130,,84,,18,,"auf Anweichung Sr. hochfürstl. Durch¬ || laucht, bezalt."
23,4,7044,7045,¬,Kau,fer,Kaufer,join,high,joined form occurs elsewhere in this corpus,False,3,,0,,9,,. 10 gg. 3 1/5. d. sind von dem Herrn Kau¬ || fer an Sr. Hochfürstl. Durchlaucht
23,4,7046,7047,¬,Anwei,sungen,Anweisungen,join,high,joined form occurs elsewhere in this corpus,False,1,,0,,1,,"selbst und auf höchstdern Anwei¬ || sungen, baar bepalt worden."
23,4,7051,7052,¬,Hypo,theken,Hypotheken,join,high,joined form occurs elsewhere in this corpus,False,7,,0,,1,,"herr Käufer folgende, in den Hypo¬ || theken - Büchern auf Kolno und Kae¬"
23,4,7052,7053,¬,Kae,men,Kaemen,join,high,joined form occurs elsewhere in this corpus,False,17,,0,,10,,theken - Büchern auf Kolno und Kae¬ || men eingetragene Posten:
23,4,7059,7060,¬,Capi,tal,Capital,join,high,joined form occurs elsewhere in this corpus,False,13,,0,,1,,"b, für eben dieselbe Kirche ein Capi¬ || tal von 250 rt zwei Hundert und"
23,5,7066,7067,¬,über,nimt,übernimt,join,high,joined form occurs elsewhere in this corpus,False,2,,79,,2,,Die Zinsen dieser beiden Posten über¬ || nimt Herr Käufer von Johannis
23,5,7074,7075,¬,Re,gistern,Registern,join,high,joined form occurs elsewhere in this corpus,False,3,,5,,1,,"a, daß der in den Vermessungs-Re¬ || gistern, welche nebst den Charten"
23,5,7077,7078,¬,In,halt,Inhalt,join,high,joined form occurs elsewhere in this corpus,False,8,,377,,3,,"worden, aufgeführte Flächen In¬ || halt an Ankkorn, Wiesen, Heiden"
23,5,7083,7084,¬,Vermessungs,Registern,VermessungsRegistern,split,high,joined form unattested; both halves are real words,False,0,0,2,74,3,328183,an die in diesen Vermessungs¬ || Registern aufgeführten Grund¬
23,5,7084,7085,¬,Grund,stükke,Grundstükke,split,high,joined form unattested; both halves are real words,False,0,174,44,14931215,1,388,Registern aufgeführten Grund¬ || stükke bekannt sei.
23,5,7088,7089,¬,obi,ger,obiger,join,high,joined form occurs elsewhere in this corpus,False,2,,0,,5,,"Vermessungs Registers in obi¬ || ger Art, zu vertreten, wird auf"
23,6,7102,7103,¬,gesche,chen,geschechen,split,high,joined form unattested; both halves are real words,False,0,28,0,23922,9,139864,"in Monat September 1804. gesche¬ || chen, und es hat bei den darüber"
23,6,7106,7107,¬,Gewöhr,zwischen,Gewöhrzwischen,join,high,head is not a word on its own,False,0,0,0,44,46,,Es sind in Absicht der Gewöhr¬ || zwischen den Herrn Contrahenten
23,6,7111,7112,¬,Johan,nis,Johannis,join,high,joined form occurs elsewhere in this corpus,False,15,,4,,2,,"Nutzungen der Güter von Johan¬ || nis 1804. gebüren, von welcher"
23,7,7119,7120,¬,Mi,chalis,Michalis,join,high,"joined form attested in DWDS (4,940 hits)",False,0,4940,0,,1,,das Justitiariats-Gehalte bis Mi¬ || chalis vorigen Jahres.
23,7,7121,7122,¬,Käu,fer,Käufer,join,high,joined form occurs elsewhere in this corpus,False,95,,0,,9,,"b, daß die Güter dem Herrn Käu¬ || fer übergeben werden sollen,"
23,7,7126,7127,¬,Feld,Vieh,FeldVieh,split,high,joined form unattested; both halves are real words,False,0,0,14,3092191,9,122739,"denjenigen Beilaß, an Feld¬ || Vieh- und Wirthschafts-Inventa¬"
23,7,7127,7128,¬,Inventa,rium,Inventarium,join,high,joined form occurs elsewhere in this corpus,False,4,,0,,1,,"Vieh- und Wirthschafts-Inventa¬ || rium verlangen könne, welchen"
23,7,7129,7130,¬,Im,mission,Immission,join,high,joined form occurs elsewhere in this corpus,False,1,,128,,2,,der v. Broniewski bei seiner Im¬ || mission im Jahre 1786.
23,7,7132,7133,¬,ausge,händigten,ausgehändigten,join,high,joined form occurs elsewhere in this corpus,False,1,,0,,1,,"in tens schon Sprache ausge¬ || händigten Acta,"
23,7,7134,7135,¬,gewäh,von,gewähvon,join,high,head is not a word on its own,False,0,0,0,304,431,,"erhalten hat, und zurück zu gewäh¬ || von verpflichtet gewesen."
23,8,7140,7141,¬,Ca,pital,Capital,join,high,joined form occurs elsewhere in this corpus,False,13,,1,,1,,"den Gütern ein hypothecarisches Ca¬ || pital von 100,000 rt. Ein mal Hun¬"
23,8,7141,7142,¬,Hun,dert,Hundert,join,high,joined form occurs elsewhere in this corpus,False,45,,0,,7,,"pital von 100,000 rt. Ein mal Hun¬ || dert Tausend Reichsthalern, aus"
23,8,7153,7154,¬,Hoch,Fürstl,HochFürstl,join,high,joined form occurs elsewhere in this corpus,False,66,,2,,12,,"Ansprüchen sowohl an Sr Hoch¬ || Fürstl. Durchlaucht, als an den"
23,8,7156,7157,¬,ledig,lich,lediglich,join,high,joined form occurs elsewhere in this corpus,False,3,,0,,20,,von Triebenfeld. Auch ist es ledig¬ || lich die Sache des Herrn Käu¬
23,8,7157,7158,¬,Käu,fers,Käufers,join,high,joined form occurs elsewhere in this corpus,False,8,,0,,1,,"lich die Sache des Herrn Käu¬ || fers, die Löschung dieses Nexus"
23,8,7159,7160,¬,hypotheken,Büchern,hypothekenBüchern,split,high,joined form unattested; both halves are real words,False,0,0,7,79,5,12572695,in den Grund und hypotheken¬ || Büchern zu bewirken. Die Lö¬
23,8,7160,7161,¬,Lö,schungs,Löschungs,join,high,joined form occurs elsewhere in this corpus,False,2,,0,,1,,Büchern zu bewirken. Die Lö¬ || schungs=Kosten aber werden
23,9,7167,7168,¬,Con,firmation,Confirmation,join,high,joined form occurs elsewhere in this corpus,False,11,,0,,2,,"Die Kosten für Errichtung und Con¬ || firmation dieses Kaufs, der Na¬"
23,9,7168,7169,¬,Na,tural,Natural,join,high,joined form occurs elsewhere in this corpus,False,18,,5,,1,,"firmation dieses Kaufs, der Na¬ || tural- und Civil Tradition, und"
23,9,7170,7171,¬,Ko,sten,Kosten,join,high,joined form occurs elsewhere in this corpus,False,58,,0,,5,,"überhaupt sämmtliche Kaufs=Ko¬ || sten, wie sie Namen haben, wer¬"
23,9,7171,7172,¬,wer,den,werden,join,high,joined form occurs elsewhere in this corpus,False,143,,0,,482,,"sten, wie sie Namen haben, wer¬ || den gleichfalls von beiden Herrn"
23,9,7173,7174,¬,getra,gen,getragen,join,high,joined form occurs elsewhere in this corpus,False,8,,0,,40,,Contrahenten zur hälfte getra¬ || gen.
23,10,7189,7190,¬,ver,langen,verlangen,join,high,joined form occurs elsewhere in this corpus,False,5,,3,,1,,Verkäufers Durchlaucht zu ver¬ || langen.
23,10,7196,7197,¬,aus,zu,auszu,join,high,"joined form attested in DWDS (1,100 hits)",False,0,1100,86,,610,,"dem Herrn Käufer getreulich aus¬ || zu antworten, des gleichen auch"
23,10,7198,7199,¬,Rech,nungs,Rechnungs,join,high,joined form occurs elsewhere in this corpus,False,1,,1,,1,,"diejenigen, welche bei dem Rech¬ || nungs Prozeße Ser Durchlaucht"
23,10,7203,7204,¬,sola,sten,solasten,split,high,joined form unattested; both halves are real words,False,0,0,0,13857,5,30411,Herrn Käufer aushändigen sola¬ || sten. Jedoch stehet dem Herrn Käufer
23,11,7216,7217,¬,über,die,überdie,join,high,"joined form attested in DWDS (1,348 hits)",False,0,1348,79,,604,,dem Einwande der Verletzung über¬ || die Hälfte und wie sie sonst Namen
23,11,7218,7219,¬,In,strument,Instrument,join,high,joined form occurs elsewhere in this corpus,False,5,,377,,2,,"haben können, und haben dieses In¬ || strument durch ihre eigenhändige"
23,11,7220,7221,¬,beige,fügte,beigefügte,join,high,joined form occurs elsewhere in this corpus,False,4,,0,,1,,Namens - Unterschriften und beige¬ || fügte Siegel vollzogen.
23,11,7234,7235,¬,regieren,den,regierenden,join,high,joined form occurs elsewhere in this corpus,False,28,,0,,482,,Herrn Friedrich Ludwig regieren¬ || den Fürsten zu Hohenlohe Ingel¬
23,11,7235,7236,¬,Ingel,fingen,Ingelfingen,join,high,joined form occurs elsewhere in this corpus,False,49,,1,,4,,"den Fürsten zu Hohenlohe Ingel¬ || fingen, Königl. General der Infanterie"
23,12,7240,7241,¬,be,kannt,bekannt,join,high,joined form occurs elsewhere in this corpus,False,22,,11,,2,,"und Zeugen persönlich wohl be¬ || kannt ist, und dem uns gleichfalls"
23,12,7242,7243,¬,Ban,quier,Banquier,join,high,joined form occurs elsewhere in this corpus,False,10,,0,,1,,"persönlich wohl bekannten Ban¬ || quier zu Franckfurth an der Oder,"
23,12,7244,7245,¬,Na,men,Namen,join,high,joined form occurs elsewhere in this corpus,False,12,,5,,10,,"Herrn Meyer Bernhard, im Na¬ || men und bis auf Ratihabition"
23,12,7248,7249,¬,un,serer,unserer,join,high,joined form occurs elsewhere in this corpus,False,9,,1,,1,,"vorstehendermaßen, und mit un¬ || serer zuziehung, verabredet und"
23,12,7253,7254,¬,Un,terschriften,Unterschriften,join,high,joined form occurs elsewhere in this corpus,False,7,,1,,1,,ihre eigenhändige Namens-Un¬ || terschriften und beigefügte
23,12,7256,7257,¬,aufge,nommenen,aufgenommenen,join,high,joined form occurs elsewhere in this corpus,False,2,,0,,2,,"den Grund des hierüber aufge¬ || nommenen Protokolls, hiermit attestirt."
23,13,7268,7269,¬,Franck,furth,Franckfurth,join,high,joined form occurs elsewhere in this corpus,False,15,,0,,6,,gemäße abgefaßt gefunden. Franck¬ || furth an der Oder den 25ten Januarii
23,13,7272,7273,¬,disposi,tionsfähige,dispositionsfähige,join,high,head is not a word on its own,False,0,34,0,5,1,,Daß der persönlich mir bekannte disposi¬ || tionsfähige Königl. Banco-Ren¬
23,13,7273,7274,¬,Ren,dant,Rendant,join,high,joined form occurs elsewhere in this corpus,False,5,,9,,1,,tionsfähige Königl. Banco-Ren¬ || dant herr Georg Conrad Leixner hie¬
23,13,7274,7275,¬,hie,selbst,hieselbst,join,high,joined form occurs elsewhere in this corpus,False,6,,2,,46,,dant herr Georg Conrad Leixner hie¬ || selbst den vor und umstehenden
23,13,7280,7281,¬,Schenkungs,Urkunde,SchenkungsUrkunde,join,high,"joined form attested in DWDS (6,803 hits)",False,0,6803,1,,8,,Ingelfingen p. p. die aus der Schenkungs¬ || Urkunde des hochseel. Königs Ma¬
23,13,7281,7282,¬,Ma,jestät,Majestät,join,high,joined form occurs elsewhere in this corpus,False,5,,1,,1,,Urkunde des hochseel. Königs Ma¬ || jestät Friedrich Wilhelm II. vom 9ten
23,13,7283,7284,¬,Süd,preussen,Südpreussen,join,high,joined form occurs elsewhere in this corpus,False,2,,2,,3,,"August 1796. acquirirten, in Süd¬ || preussen, Posenischen Departements"
23,13,7285,7286,¬,Kaemen,für,Kaemenfür,split,high,joined form unattested; both halves are real words,False,0,0,17,2173,225,378371132,"belegenen Güter Kollno- und Kaemen¬ || für die Summe von 142,000 rt."
23,13,7288,7289,¬,ver,kauft,verkauft,join,high,joined form occurs elsewhere in this corpus,False,10,,3,,2,,"tausend an den Herrn Leixner ver¬ || kauft hat, nach selbst eigener"
23,14,7292,7293,¬,unterschrie,ben,unterschrieben,join,high,joined form occurs elsewhere in this corpus,False,21,,0,,14,,meiner Gegenwart unterschrie¬ || ben und mit seinem Pettschaft be¬
23,14,7293,7294,¬,be,singelt,besingelt,split,high,joined form unattested; both halves are real words,False,0,0,11,105863,1,26,ben und mit seinem Pettschaft be¬ || singelt hat; solches wird auf
23,14,7298,7299,¬,In,siegel,Insiegel,join,high,joined form occurs elsewhere in this corpus,False,6,,377,,9,,Justiz-Amts Franckfurth a/o. In¬ || siegel und meiner des Justiz Be¬
23,14,7299,7300,¬,Be,amten,Beamten,join,high,joined form occurs elsewhere in this corpus,False,3,,11,,1,,"siegel und meiner des Justiz Be¬ || amten Unterschrift, attestiret."
23,14,7302,7303,¬,zwan,zigsten,zwanzigsten,join,high,joined form occurs elsewhere in this corpus,False,2,,1,,1,,an der Oder am Fünf und zwan¬ || zigsten Januar Eintausend Acht¬
23,14,7303,7304,¬,Acht,hundert,Achthundert,join,high,joined form occurs elsewhere in this corpus,False,8,,6,,45,,zigsten Januar Eintausend Acht¬ || hundert und fünf.
23,14,7308,7309,¬,Syn,dikus,Syndikus,join,high,joined form occurs elsewhere in this corpus,False,2,,0,,1,,"und Universitäts Syn¬ || dikus, auch Assessor der"
23,15,7316,7317,¬,münd,lich,mündlich,join,high,"joined form attested in DWDS (636,814 hits)",False,0,636814,0,,20,,mit den Interessenten deshalb münd¬ || lich getroffenen Verabredung
23,15,7318,7319,¬,Auf,nahme,Aufnahme,join,high,joined form occurs elsewhere in this corpus,False,3,,279,,3,,steht heute ein Termin zur Auf¬ || nahme das zwischen den Herrn
23,15,7322,7323,¬,Kolno,und,Kolnound,split,high,joined form unattested; both halves are real words,False,0,0,12,470,1506,1133103472,"Franckfurth a/O über die Güter Kolno¬ || und Kaemen, Posenischen Districts"
23,15,7327,7328,¬,Justiz,Rath,JustizRath,join,high,joined form occurs elsewhere in this corpus,False,1,,26,,45,,"a, als dessen Mandatarius der Justiz¬ || Rath Melzer, welcher sich durch"
23,15,7336,7338,¬,Crimi,nal,Criminal,join,review,crosses a page break - check by hand,True,8,11007,0,448,1,6015,"2, von Seiten des Käufers, der Crimi¬ || nal-Rath Guderian, welcher sich auf"
23,16,7339,7340,¬,er,theilte,ertheilte,join,high,joined form occurs elsewhere in this corpus,False,1,,57,,1,,"die zu diesem Geschäft ihm er¬ || theilte, bereits mittelst Eingabe"
23,16,7342,7343,¬,Voll,macht,Vollmacht,join,high,joined form occurs elsewhere in this corpus,False,24,,0,,18,,"übergebene Special-Voll¬ || macht, zu seiner Legitimation"
23,16,7347,7348,¬,per,sönlich,persönlich,join,high,joined form occurs elsewhere in this corpus,False,16,,1,,2,,von bei den Theilen bereits per¬ || sönlich vollzogenen Kauf-Con¬
23,16,7348,7349,¬,Con,tract,Contract,join,high,joined form occurs elsewhere in this corpus,False,99,,0,,5,,sönlich vollzogenen Kauf-Con¬ || tract d. d. Breslau den 16ten Janr.
23,16,7351,7352,¬,Franck,furth,Franckfurth,join,high,joined form occurs elsewhere in this corpus,False,15,,0,,6,,Breslau de eod. und Franck¬ || furth a/O. den 25. Januar a. c.
23,16,7358,7359,¬,be,dürfen,bedürfen,join,high,"joined form attested in DWDS (1,287,259 hits)",False,0,1287259,11,,9,,"Aufnahme des Contracts so wenig be¬ || dürfen würde, als sie ihrer"
23,16,7360,7362,¬,autho,risirt,authorisirt,join,review,crosses a page break - check by hand,True,7,0,0,77,1,0,"Seits darin zu willigen, autho¬ || risirt wären."
23,17,7366,7367,¬,Instruk,tion,Instruktion,join,high,"joined form attested in DWDS (41,475 hits)",False,0,41475,0,,7,,"zufolge der ihm ertheilten Instruk¬ || tion, in allen seinen Punkten"
23,17,7369,7370,¬,sei,und,seiund,split,high,joined form unattested; both halves are real words,False,0,27,3,0,1506,1133103472,seines Herrn Mandanten gemäß sei¬ || und er auf den Grund desselben das
23,17,7373,7374,¬,zu,stehende,zustehende,join,high,"joined form attested in DWDS (102,552 hits)",False,0,102552,610,,4,,Wilhelm II. vom 9. August 1796. zu¬ || stehende Eigenthum der Güter
23,17,7381,7382,¬,vor,überreichten,vorüberreichten,split,high,joined form unattested; both halves are real words,False,0,0,43,105411485,1,1094504,Criminal-Rath Guderian zu dem vor¬ || überreichten Kauf Contract de
23,18,7385,7386,¬,Franck,furth,Franckfurth,join,high,joined form occurs elsewhere in this corpus,False,15,,0,,6,,Banco Director Herrn Leixner zu Franck¬ || furth a/O. über die mir zugehörigen
23,18,7387,7388,¬,be,hör,behör,join,high,"joined form attested in DWDS (1,461 hits)",False,0,1461,11,,1,,"Güter Kollno und Kamienne und zu be¬ || hör, für ein Pretium von 142,000 rtl."
23,18,7389,7390,¬,Tau,send,Tausend,join,high,joined form occurs elsewhere in this corpus,False,39,,0,,7,,"Einmal Hundert Zwei und Vierzig Tau¬ || send Reichsthaler, zu schliessen, das"
23,18,7393,7394,¬,Posen,in,Posenin,split,high,joined form unattested; both halves are real words,False,0,0,22,63308,377,0,hochlöbl. Königl. Regierung zu Posen¬ || in Meinem Namen zu erscheinen
23,18,7399,7400,¬,Besitzti,tels,Besitztitels,join,high,joined form occurs elsewhere in this corpus,False,1,,0,,1,,und in Eintragung des Besitzti¬ || tels
23,18,7403,7404,¬,bezalte,in,bezaltein,join,high,head is not a word on its own,False,0,0,0,0,377,,denselben über völlig bezalte¬ || in Hundert Zwei und Vierzig Tau¬
23,18,7404,7405,¬,Tau,send,Tausend,join,high,joined form occurs elsewhere in this corpus,False,39,,0,,7,,in Hundert Zwei und Vierzig Tau¬ || send gleichsthaler Kaufgelder zu quit¬
23,18,7405,7406,¬,quit,tiren,quittiren,join,high,joined form occurs elsewhere in this corpus,False,5,,0,,2,,"send gleichsthaler Kaufgelder zu quit¬ || tiren, auch anzutragen, daß die"
23,18,7409,7411,¬,Tau,send,Tausend,join,review,crosses a page break - check by hand,True,39,0,0,66427,7,24152,intabulirten Ein Hundert Tau¬ || send Reichsthaler gelöscht werden
23,19,7420,7421,¬,Gou,verneur,Gouverneur,join,high,joined form occurs elsewhere in this corpus,False,10,,0,,2,,"Königl. General der Infanterie und Gou¬ || verneur zu Breslau, unter heutigem"
23,19,7425,7426,¬,er,klärter,erklärter,join,high,joined form occurs elsewhere in this corpus,False,1,,57,,1,,"geschehener Durchlesung und er¬ || klärter Genehmigung, durch seine"
23,19,7427,7428,¬,Unter,schrift,Unterschrift,join,high,joined form occurs elsewhere in this corpus,False,12,,67,,5,,eigenhändige Namense Unter¬ || schrift und beigefügtes Siegel voll¬
23,19,7428,7429,¬,voll,zogen,vollzogen,join,high,joined form occurs elsewhere in this corpus,False,8,,0,,3,,"schrift und beigefügtes Siegel voll¬ || zogen habe, wird auf den Grund"
23,20,7443,7444,¬,be,vollmächtige,bevollmächtige,join,high,joined form occurs elsewhere in this corpus,False,2,,11,,1,,"derian in Posen, hierdurch ausdrüklich be¬ || vollmächtige, in meinen Namen den, zwische"
23,20,7449,7450,¬,Po,senschen,Posenschen,join,high,joined form occurs elsewhere in this corpus,False,4,,1,,2,,"über die Güter Kolno und Kaemen, Po¬ || senschen Departements, d. d. Franckfurth a"
23,20,7453,7454,¬,schrei,be,schreibe,join,high,joined form occurs elsewhere in this corpus,False,49,,0,,11,,"die Kaufgelder der 142,000 rtlr. schrei¬ || be Einmalhundert und zwei und Vierzig"
23,20,7457,7458,¬,an,zusehen,anzusehen,join,high,"joined form attested in DWDS (3,666,649 hits)",False,0,3666649,215,,1,,"Kaufgeldes sprechen, als erledigt an¬ || zusehen, zu acceptiren; auch der §. 12."
23,20,7459,7460,¬,dismembra,tion,dismembration,join,high,joined form occurs elsewhere in this corpus,False,9,,1,,7,,"wegen Mitwirkung zur dismembra¬ || tion der Güter, für wegfallend zu"
23,20,7462,7463,¬,Kauf,Contract,KaufContract,join,high,joined form occurs elsewhere in this corpus,False,1,,79,,99,,"es verlangen, einen neuen Kauf¬ || Contract nach Maasgabe des vor¬"
23,20,7463,7464,¬,vor,gedachten,vorgedachten,join,high,joined form occurs elsewhere in this corpus,False,2,,43,,4,,Contract nach Maasgabe des vor¬ || gedachten vom 15ten Juni 1804. abzu¬
23,20,7464,7465,¬,abzu,schließen,abzuschließen,join,high,joined form occurs elsewhere in this corpus,False,3,,1,,4,,"gedachten vom 15ten Juni 1804. abzu¬ || schließen, die resignationem bonorum"
23,21,7468,7469,¬,Gü,ter,Güter,join,high,joined form occurs elsewhere in this corpus,False,28,,1,,15,,daß der Besitztitel gedachter Gü¬ || ter im Hypotheken-Buche auf meinen
23,21,7476,7477,¬,Be,vollmächtigter,Bevollmächtigter,join,high,joined form occurs elsewhere in this corpus,False,17,,11,,4,,"Was nun gedachter mein Be¬ || vollmächtigter, vermöge dieses"
23,21,7479,7480,¬,genehmi,gen,genehmigen,join,high,joined form occurs elsewhere in this corpus,False,4,,0,,40,,verspreche ich hierdurch zu genehmi¬ || gen und darüber dergestaltsun¬
23,21,7480,7481,¬,dergestaltsun,verbrüchlich,dergestaltsunverbrüchlich,join,high,head is not a word on its own,False,0,0,0,0,3,,"gen und darüber dergestaltsun¬ || verbrüchlich zu halten, als ob ich es"
23,21,7485,7486,¬,entschädi,gen,entschädigen,join,high,joined form occurs elsewhere in this corpus,False,3,,0,,40,,Auftrages überall zu entschädi¬ || gen und demselben alle Kosten und
23,21,7487,7488,¬,Verpf,ändung,Verpfändung,join,high,joined form occurs elsewhere in this corpus,False,2,,0,,1,,"Auslagen zu erstatten, bei Verpf¬ || ändung meines itzigen und künfti¬"
23,21,7488,7489,¬,künfti,gen,künftigen,join,high,joined form occurs elsewhere in this corpus,False,9,,0,,40,,"ändung meines itzigen und künfti¬ || gen Vermögens, soviel davon hierzu"
23,22,7494,7495,¬,gewöhn,lichen,gewöhnlichen,join,high,joined form occurs elsewhere in this corpus,False,7,,0,,16,,durch Beidrükkung meines gewöhn¬ || lichen Pettschafts bekräftiget.
23,22,7500,7501,¬,abgehalte,nen,abgehaltenen,join,high,joined form occurs elsewhere in this corpus,False,2,,0,,13,,"Auf dem Grunde des heut abgehalte¬ || nen gerichtlichen Protokolls, wird"
23,22,7502,7503,¬,Per,sen,Persen,join,high,joined form occurs elsewhere in this corpus,False,1,,1,,9,,"hierdurch attestirt, daß der von Per¬ || sen mir wohlbekannte dispositions"
23,22,7505,7506,¬,vor,stehende,vorstehende,join,high,joined form occurs elsewhere in this corpus,False,9,,43,,4,,"Georg Conrad Leixner allhier, die vor¬ || stehende, nach seinem An- und Vor¬"
23,22,7506,7507,¬,Vor,frage,Vorfrage,join,high,"joined form attested in DWDS (6,598 hits)",False,0,6598,43,,2,,"stehende, nach seinem An- und Vor¬ || frage ausgefüllte Special-Voll¬"
23,22,7507,7508,¬,Voll,macht,Vollmacht,join,high,joined form occurs elsewhere in this corpus,False,24,,0,,18,,"frage ausgefüllte Special-Voll¬ || macht, worin er"
23,22,7512,7513,¬,ge,schlossenen,geschlossenen,join,high,joined form occurs elsewhere in this corpus,False,4,,6,,1,,"zu Hohenlohe Ingelfingen, ge¬ || schlossenen Kauf Contract"
23,22,7515,7516,¬,Abschlies,sung,Abschliessung,join,high,"joined form attested in DWDS (1,346 hits)",False,0,1346,0,,2,,"1804. und eventualiter, um Abschlies¬ || sung eines neuen Kauf-Contracts"
23,23,7521,7522,¬,unter,schrieben,unterschrieben,join,high,joined form occurs elsewhere in this corpus,False,21,,67,,9,,in meiner Gegenwart eigenhändig unter¬ || schrieben und besiegelt hat. Urkundlich un
23,23,7524,7525,¬,Unter,schrift,Unterschrift,join,high,joined form occurs elsewhere in this corpus,False,12,,67,,5,,iegel in meiner des Justiz- Beamten Unter¬ || schrift. So geschehen Franckfurth a/O. den
23,23,7528,7529,¬,Uni,versitäts,Universitäts,join,high,joined form occurs elsewhere in this corpus,False,2,,0,,1,,"(L. S.) Königl. Justiz, Beamter und Uni¬ || versitäts Syndikus, auch Assessor"
23,23,7531,7532,¬,Criminal,Rathe,CriminalRathe,split,high,joined form unattested; both halves are real words,False,0,0,8,11007,3,1485,chon unterm 21ten Sept. 1804 dem Criminal¬ || Rathe u. Justiz - Commissario Herrn Guderi
23,23,7533,7534,¬,authori,sirt,authorisirt,join,high,joined form occurs elsewhere in this corpus,False,7,,0,,1,," gerichtliche Special - Vollmacht authori¬ || sirt, in meinen Namen den zwischen den Bev"
23,23,7534,7535,¬,Bevollmäch,tigten,Bevollmächtigten,join,high,joined form occurs elsewhere in this corpus,False,16,,0,,1,, meinen Namen den zwischen den Bevollmäch¬ || tigten Sr. Durchlaucht des regierenden Für
23,23,7538,7539,¬,Franck,furth,Franckfurth,join,high,joined form occurs elsewhere in this corpus,False,15,,0,,6,,r die Güter Kolno und Kaemen d. d. Franck¬ || furth a/O den 15ten Juni 1804. gerichtlich
23,23,7540,7541,¬,bedun,genen,bedungenen,join,high,joined form occurs elsewhere in this corpus,False,1,,0,,2,," Erklärung Sr. Durchlaucht, daß die bedun¬ || genen Gelder der Einmal hundert und zwei u"
23,23,7544,7545,¬,neuer,Kauf,neuerKauf,split,high,joined form unattested; both halves are real words,False,0,0,0,89083595,79,3524718,"und mir, aus bewegenden Gründen ein neuer¬ || Kauf Contract sub dato Breslau den 16 Janu"
23,23,7549,7550,¬,voll,zogen,vollzogen,join,high,joined form occurs elsewhere in this corpus,False,8,,0,,3,,"ucht sowohl, als von mir gerichtlich voll¬ || zogen ist, und der H. Crim. Rath Guderian "
23,24,7559,7560,¬,ver,lautbarten,verlautbarten,join,high,"joined form attested in DWDS (30,761 hits)",False,0,30761,3,,1,,Grund das von mir bereits gerichtlich ver¬ || lautbarten Kauf - Contracts d. d. Breslau
23,24,7565,7566,¬,al,les,alles,join,high,joined form occurs elsewhere in this corpus,False,7,,1,,1,,"Verkaufs - Geschäfte, Namens meiner al¬ || les zu thun, was ich, wenn ich selbst ge¬"
23,24,7566,7567,¬,ge,genwärtig,gegenwärtig,join,high,joined form occurs elsewhere in this corpus,False,2,,6,,1,,"les zu thun, was ich, wenn ich selbst ge¬ || genwärtig wäre, thun würde, mithin"
23,24,7578,7579,¬,Franck,furth,Franckfurth,join,high,joined form occurs elsewhere in this corpus,False,15,,0,,6,,und besiegelt. So geschehen zu Franck¬ || furth an der Oder am 8ten März 1805.
23,25,7589,7590,¬,Be,sitzungs,Besitzungs,split,high,joined form unattested; both halves are real words,False,0,0,11,105863,1,218,"pecial-Vollmacht, wegen Eintragung des Be¬ || sitzungs Titels von den Südpreußl. Gütern "
23,25,7592,7593,¬,eigen,händig,eigenhändig,join,high,joined form occurs elsewhere in this corpus,False,17,,1,,4,,"igener Durchlesung und Genehmigung, eigen¬ || händig in meiner Gegenwart unterschrie¬"
23,25,7593,7594,¬,unterschrie,ben,unterschrieben,join,high,joined form occurs elsewhere in this corpus,False,21,,0,,14,,"händig in meiner Gegenwart unterschrie¬ || ben und besiegelt hat, solches bezeuge ich"
23,25,7594,7595,¬,hier,durch,hierdurch,join,high,joined form occurs elsewhere in this corpus,False,14,,8,,84,,"d besiegelt hat, solches bezeuge ich hier¬ || durch auf den Grund des desfalls abgehal¬"
23,25,7595,7596,¬,abgehal,tenen,abgehaltenen,join,high,joined form occurs elsewhere in this corpus,False,2,,0,,1,,durch auf den Grund des desfalls abgehal¬ || tenen Protokolls vom heutigen Tage. So ge¬
23,25,7596,7597,¬,ge,schehen,geschehen,join,high,joined form occurs elsewhere in this corpus,False,33,,6,,1,,"tenen Protokolls vom heutigen Tage. So ge¬ || schehen, u. Franckfurth a/O. den 8t März 1"
23,25,7600,7601,¬,Justiz,Amts,JustizAmts,split,high,joined form unattested; both halves are real words,False,0,0,26,778942,8,4719685,qua Justiz-Beamter des Justiz¬ || Amts hieselbst.
23,25,7604,7605,¬,con,firmiren,confirmiren,join,high,joined form occurs elsewhere in this corpus,False,2,,0,,1,,"deferiret haben, so corroboriren und con¬ || firmiren Wir mit der Uns beiwohnenden"
23,25,7606,7607,¬,Lan,des,Landes,join,high,joined form occurs elsewhere in this corpus,False,3,,0,,272,,allerhöchst Königl. Souverain Oberst Lan¬ || des fürstlichen Macht und Vollkommen¬
23,25,7607,7608,¬,Vollkommen,heit,Vollkommenheit,join,high,"joined form attested in DWDS (35,109 hits)",False,0,35109,0,,2,,"des fürstlichen Macht und Vollkommen¬ || heit, den obinserirten Kauf-Contract"
23,25,7613,7614,¬,verstat,tet,verstattet,join,high,joined form occurs elsewhere in this corpus,False,5,,0,,3,,"zu handeln, auf keine Weise verstat¬ || tet werden solle. Jedoch dieses Unsere"
23,25,7615,7616,¬,Landesfürst,lichen,Landesfürstlichen,split,high,joined form unattested; both halves are real words,False,0,9,0,14681,16,15542,"Königl. Souverain Oberst Landesfürst¬ || lichen hoheiten, Gerechtigkeiten, Diensten"
23,26,7621,7622,¬,Insiegel,Gegeben,InsiegelGegeben,split,high,joined form unattested; both halves are real words,False,0,0,6,183,10,2021,Unterschrift und größern Insiegel¬ || Gegeben Posen den 18ten Mærz 1805.
23,26,7625,7626,¬,Ho,henlohe,Hohenlohe,join,high,joined form occurs elsewhere in this corpus,False,90,,0,,2,,"Fürsten Friedrich Ludwig zu Ho¬ || henlohe-Ingelfingen, als Ver¬"
23,26,7626,7627,¬,Ver,käufer,Verkäufer,join,high,joined form occurs elsewhere in this corpus,False,19,,3,,95,,"henlohe-Ingelfingen, als Ver¬ || käufer um dem Banco-Rendan¬"
23,26,7627,7628,¬,Rendan,ten,Rendanten,join,high,joined form occurs elsewhere in this corpus,False,2,,0,,141,,"käufer um dem Banco-Rendan¬ || ten George Conrad Leixner, als Kau¬"
23,26,7628,7629,¬,Kau,fer,Kaufer,join,high,joined form occurs elsewhere in this corpus,False,3,,0,,9,,"ten George Conrad Leixner, als Kau¬ || fer, geschlossenen Kauf-Contracts"
23,26,7630,7631,¬,gele,genen,gelegenen,join,high,joined form occurs elsewhere in this corpus,False,2,,0,,2,,über die im Posenschen district gele¬ || genen Güter Kolno und Kaemen.
24,1,7648,7649,¬,Aller,höchsten,Allerhöchsten,join,high,joined form occurs elsewhere in this corpus,False,1,,17,,1,,uf den Grund des in Gemäßheit einer Aller¬ || höchsten Cabinets-Resolution vom 11ten v. 
24,1,7656,7657,¬,ver,sagt,versagt,join,high,"joined form attested in DWDS (515,206 hits)",False,0,515206,3,,2,,"enn Ewr. Liebden dieser Consens nicht ver¬ || sagt worden wäre, mehrere Grundherrschafte"
24,1,7659,7660,¬,Con,servation,Conservation,join,high,"joined form attested in DWDS (3,618 hits)",False,0,3618,0,,1,,"rovinz so zahlreichen Adels auf deßen Con¬ || servation Bedacht genommen werden muß, ver"
24,2,7680,7681,¬,Bürger,dahin,Bürgerdahin,split,high,joined form unattested; both halves are real words,False,0,0,6,6552819,10,2143097," hat über dem aber, in Absicht der Bürger¬ || dahin zu sehen ist, daß sie sich mehr auf "
24,2,7681,7682,¬,Betrie,städtischer,Betriestädtischer,join,high,head is not a word on its own,False,0,0,0,690,1,,"hen ist, daß sie sich mehr auf den Betrie¬ || städtischer Gewerbe als den des Ackerbaues"
24,2,7683,7684,¬,unbemittel,sind,unbemittelsind,join,high,head is not a word on its own,False,0,0,0,0,101,,"mehrsten Einsaßen über dieß zu unbemittel¬ || sind, um die zur Bewirthschaftung erforder"
25,1,7715,7716,¬,Vermessungs,Register,VermessungsRegister,split,high,joined form unattested; both halves are real words,False,0,0,2,74,1,328183,"nung, worüber eine Charte und Vermessungs¬ || Register vorhanden ist, als,"
25,1,7724,7725,¬,Herrschafft,lichen,Herrschafftlichen,split,high,joined form unattested; both halves are real words,False,0,0,6,280,16,15542,"ebäuden, welche bestehen in 1 Herrschafft¬ || lichen Wohnhauß, 4 Scheunen, 4 Ställen, 1 "
25,1,7727,7728,¬,beständ,digen,beständdigen,join,high,head is not a word on its own,False,0,0,0,20,3,,ique II begriffen ist) zum freien beständ¬ || digen Eigenthum.
25,1,7731,7732,¬,Pand,schillingsbesitzers,Pandschillingsbesitzers,join,high,head is not a word on its own,False,0,0,0,257,1,,e mit 8333 rthlr bey der Räumung des Pand¬ || schillingsbesitzers von Radzinsky demselbe
25,1,7734,7735,¬,fortbestehen,der,fortbestehender,join,high,"joined form attested in DWDS (19,028 hits)",False,0,19028,0,,698,,lchem Kauf Pretio annoch ein fortbestehen¬ || der Canon von 1/2 rt pro Morgen jährl. und
25,2,7742,7743,¬,Kiefe,Bau,KiefeBau,join,high,head is not a word on its own,False,0,0,0,145,17,,den fürstlichen Waldungen folgendes Kiefe¬ || Bau Holz als
25,2,7766,7767,¬,be,dingt,bedingt,join,high,joined form occurs elsewhere in this corpus,False,1,,11,,1,,ie Unterschrifften einsammlen will; so be¬ || dingt sich derselbe 14 Tage biß 4 Wochen Z
25,3,7773,7774,¬,Hohen,lohe,Hohenlohe,join,high,joined form occurs elsewhere in this corpus,False,90,,1,,6,,"ohann Wilhelm Glenck, Hochfürstlich Hohen¬ || lohe Ingelfingischer Bau und Oeconomie Rat"
26,1,7782,7783,¬,hie,sigem,hiesigem,join,high,"joined form attested in DWDS (583,267 hits)",False,0,583267,2,,2,,Es erschienen Dato für hie¬ || sigem Polizei Magistrat.
26,1,7805,7807,,Hufen,Hufen,,catchword,high,unmarked catchword: the page ends with the word the next page begins,True,,,,,,,Hufen || Hufen Zahl hinlängliche
26,2,7809,7810,¬,ver,schaffen,verschaffen,join,high,joined form occurs elsewhere in this corpus,False,2,,3,,2,,"derselben zu ver¬ || schaffen, und daß eben¬"
26,2,7810,7811,¬,eben,falls,ebenfalls,join,high,joined form occurs elsewhere in this corpus,False,4,,17,,3,,"schaffen, und daß eben¬ || falls bestimmt kauff"
26,2,7818,7819,¬,Szet,lewek,Szetlewek,join,high,joined form occurs elsewhere in this corpus,False,3,,0,,1,,welcher das Guth Szet¬ || lewek in Pfand Schilling
26,2,7827,7828,¬,ge,hoben,gehoben,join,high,"joined form attested in DWDS (2,089,408 hits)",False,0,2089408,6,,1,,dem p. Raczinski ge¬ || hoben werden dürfte; so
26,2,7831,7833,,Contracts,Contracts,,catchword,high,unmarked catchword: the page ends with the word the next page begins,True,,,,,,,Contracts || Contracts entsagen und unter¬
26,3,7833,7834,¬,unter,der,unterder,split,high,joined form unattested; both halves are real words,False,0,458,67,64975681,698,0,Contracts entsagen und unter¬ || der Bedingung hiermit
26,3,7851,7852,¬,Hohenlohe,sche,Hohenlohesche,join,high,joined form occurs elsewhere in this corpus,False,7,,90,,4,,Dem Hochfürstl. Hohenlohe¬ || sche Bau und Oeconomien
26,3,7859,7861,,Worauf,Worauf,,catchword,high,unmarked catchword: the page ends with the word the next page begins,True,,,,,,,Worauf || Worauf denn derselbe sich
26,4,7872,7873,¬,Durch,laucht,Durchlaucht,join,high,joined form occurs elsewhere in this corpus,False,130,,84,,18,,Sr. Hochfürstl. Durch¬ || laucht hiezu erhalten
27,1,7904,7906,,Besitz,Besitz,,catchword,high,unmarked catchword: the page ends with the word the next page begins,True,,,,,,,"Besitz || Besitz erhalten sollten, so lange"
27,2,7924,7925,¬,gehor,samst,gehorsamst,join,high,"joined form attested in DWDS (33,528 hits)",False,0,33528,0,,1,,Im übrigen bitten wir gantz gehor¬ || samst uns durch den p. Luke nähern
27,3,7946,7947,¬,be,fand,befand,join,high,joined form occurs elsewhere in this corpus,False,1,,11,,1,,"Er sich gantz consternirt be¬ || fand, so gleich ein Haus"
28,1,7972,7973,¬,durchreise,durch,durchreisedurch,split,high,joined form unattested; both halves are real words,False,0,0,0,4119,84,77747868,"ig gemacht, die ich bey meiner durchreise¬ || durch Peysern gerichtlich nachsuchen werde"
28,2,7985,7986,¬,Gunter,zur,Gunterzur,split,high,joined form unattested; both halves are real words,False,0,0,0,191655,75,85857850,s[?] des Königl. kammer Conducteur Gunter¬ || zur bequemter Nachsuchung denenselben bey.
28,2,7989,7990,¬,Privi,legium,Privilegium,join,high,joined form occurs elsewhere in this corpus,False,5,,0,,2,,"orbehalt eingeruckt stehen, daß die Privi¬ || legium nur auf die ersten Besitzer, ihre S"
29,1,8004,8005,¬,Contrac,te,Contracte,join,high,joined form occurs elsewhere in this corpus,False,11,,0,,13,,dem in Abschrift beygehenden Kauf Contrac¬ || te vom 28ten Septbr. c. a. und dessen Beyl
29,1,8008,8009,¬,belege,ne,belegene,join,high,joined form occurs elsewhere in this corpus,False,2,,0,,3,,von Rzadkowski das in Głazewo belege¬ || ne Erbzinsguth an seine Halbschwester die
29,1,8012,8013,¬,höchst,dieselben,höchstdieselben,join,high,joined form occurs elsewhere in this corpus,False,6,,17,,27,,"kaufsrecht zustehet, so bitten wir höchst¬ || dieselben"
30,1,8036,8037,¬,unten,geschriebene,untengeschriebene,split,high,joined form unattested; both halves are real words,False,0,0,1,3402398,1,284037,", der Parthei welche es angeht, das unten¬ || geschriebene Privilegium, in welchem der A"
30,1,8040,8041,¬,Pri,vilegiorum,Privilegiorum,join,high,joined form occurs elsewhere in this corpus,False,1,,0,,1,,unserm Archivo aufbewahrten Buche der Pri¬ || vilegiorum gefunden heraus zu nehmen und i
30,1,8043,8044,¬,Fürst,von,Fürstvon,split,high,joined form unattested; both halves are real words,False,0,0,28,391074,431,406476590,er ist Theodor auf Klewan und Zukow Fürst¬ || von Czartorinski von Gottes und des heil. 
30,1,8045,8046,¬,ma,chen,machen,join,high,joined form occurs elsewhere in this corpus,False,15,,1,,9,,"-Gnaden Bischof von Posen und Warschau ma¬ || chen allen insgesamt und einem jeden, dem "
30,1,8048,8049,¬,Rzą,kowski,Rząkowski,join,high,head is not a word on its own,False,0,0,0,0,1,,"t, daß die edlen Simeon und Apollonia Rzą¬ || kowski den Eheleute bey Uns supplicando ei"
30,1,8049,8050,¬,eingekom,men,eingekommen,join,high,"joined form attested in DWDS (10,636 hits)",False,0,10636,0,,10,,"den Eheleute bey Uns supplicando eingekom¬ || men (angehalten) haben, daß Wir Ihnen eine"
30,1,8055,8056,¬,die,ses,dieses,join,high,joined form occurs elsewhere in this corpus,False,93,,604,,11,,h der Gewohnheit der andern Einwohner die¬ || ses Dorffes zu überlassen und zu verkaufen
30,1,8058,8059,¬,abzwek,kender,abzwekkender,join,high,head is not a word on its own,False,0,0,0,0,1,,"mehrung unseres gewißen Einkommens abzwek¬ || kender bitte defereren, so haben Wir besch"
30,1,8060,8061,¬,Woh,nung,Wohnung,join,high,joined form occurs elsewhere in this corpus,False,8,,0,,4,,ben diese Hufe Acker zugleich mit der Woh¬ || nung und der Scheune ebendenselben und Ihr
30,2,8069,8070,¬,ver,pflichten,verpflichten,join,high,joined form occurs elsewhere in this corpus,False,7,,3,,2,,he Eheleute und denen Succesores sich ver¬ || pflichten 130 fl. po. in zwoen Raten zu za
30,2,8070,8071,¬,neh,auf,nehauf,split,high,joined form unattested; both halves are real words,False,0,0,0,4943,279,334349961,"130 fl. po. in zwoen Raten zu zahlen, neh¬ || auf des Fest Johannis des Täufers 65 fl. u"
30,2,8071,8072,¬,auf,des,aufdes,split,high,joined form unattested; both halves are real words,False,0,15,279,334349961,272,0, Fest Johannis des Täufers 65 fl. und auf¬ || des Fest der heil. 3 Könige des Kopfgeld u
30,2,8072,8073,¬,Hi,bernen,Hibernen,split,high,joined form unattested; both halves are real words,False,0,0,0,758340,1,84,er heil. 3 Könige des Kopfgeld und die Hi¬ || bernen (Geld für die Soldaten im Winter) n
30,2,8073,8074,¬,Ge,wohnheit,Gewohnheit,join,high,joined form occurs elsewhere in this corpus,False,1,,6,,1,,d für die Soldaten im Winter) nach der Ge¬ || wohnheit pünctlich an die Gemeine abzugebe
30,2,8075,8076,¬,glei,chen,gleichen,join,high,joined form occurs elsewhere in this corpus,False,7,,0,,9,,"zewer Vorwerk viermahl im Jahre, des glei¬ || chen zur Abräumung der Wiese Obsko genannt"
30,2,8078,8079,¬,selbi,verbunden,selbiverbunden,join,high,head is not a word on its own,False,0,0,0,77,16,,"mit der Gemeine zu schicken werden, selbi¬ || verbunden seyn. Für jede zwei Viertel Gers"
30,2,8080,8081,¬,Bet,scher,Betscher,join,high,joined form occurs elsewhere in this corpus,False,13,,0,,3,,ter Maaß soll eine Tonne Bier aus dem Bet¬ || scher Brauhause erlaubt sein. Wir versprec
30,2,8085,8086,¬,dersel,ben,derselben,join,high,joined form occurs elsewhere in this corpus,False,10,,0,,14,,"higen Besitze auch die Successores dersel¬ || ben, dieser Hufe Acker nicht entfernen wer"
30,2,8091,8092,¬,Republi,que,Republique,join,high,head is not a word on its own,False,0,709,0,393,1,,en. Die Rechte der Kirche und der Republi¬ || que vorbehaltend Worauf Wir uns eigenhändi
30,2,8102,8103,¬,Hochwür,digen,Hochwürdigen,join,high,head is not a word on its own,False,0,56,0,0,3,,unter dem Siegel des Hochwür¬ || digen Kapitels eben dersel¬
30,2,8103,8104,¬,dersel,ben,derselben,join,high,joined form occurs elsewhere in this corpus,False,10,,0,,14,,digen Kapitels eben dersel¬ || ben Cathedral Kirche zu Posen
30,3,8108,8109,¬,Privi,legium,Privilegium,join,high,joined form occurs elsewhere in this corpus,False,5,,0,,2,,ad petitionem Partis cujus interest Privi¬ || legium infra exaratum de Actio et Anno ins
30,3,8112,8113,¬,infor,ma,informa,join,high,"joined form attested in DWDS (2,896 hits)",False,0,2896,0,,1,,tro conservato repertum transumi et infor¬ || ma probante extradimandavimus Cujus tenor 
30,3,8119,8120,¬,Pszczeskie,go,Pszczeskiego,join,high,head is not a word on its own,False,0,0,0,0,3,,wsi Głazewie do Klucza naszego Pszczeskie¬ || go należący będący wraz z Budynkiem do mie
30,3,8123,8124,¬,pewne,go,pewnego,join,high,head is not a word on its own,False,0,0,0,0,3,, się dotakowey proźby ile do Aukcyi pewne¬ || go prowentu naszego zmierzaiący. Ten że Sl
30,3,8128,8129,¬,wypa,szczamy,wypaszczamy,join,high,head is not a word on its own,False,0,0,0,0,1,,"tych in specie Trzydzieści Dies # 30 wypa¬ || szczamy y przedaiemy, od którego to Stadw "
30,3,8129,8130,¬,Szla,chetni,Szlachetni,join,high,joined form occurs elsewhere in this corpus,False,1,,0,,1,,"daiemy, od którego to Stadw Roli Czi Szla¬ || chetni Rządkowscy, y ich Sukcessorowie pla"
30,3,8135,8136,¬,Głazewskie,go,Głazewskiego,join,high,head is not a word on its own,False,0,0,0,0,3,, oddawać. Na Tłuki do Folwarku Głazewskie¬ || go cztery razy do Roku tudzież do sprzytan
30,3,8138,8140,¬,wier,telie,wiertelie,join,held,"held: one Polish word split across the page break: dwa wiertelie Jęczmienia, which the German gives as zwei Viertel Gerste at 0167_a1.",True,0,0,0,8011,1,20,ę posyłać będą powinni. Za każde dwa wier¬ || telie Jęczminia dawny Zwowecki miary z Bro
30,4,8140,8141,¬,Browa,ru,Browaru,join,high,head is not a word on its own,False,0,0,0,109,1,,ie Jęczminia dawny Zwowecki miary z Browa¬ || ru Pszczewskiego Beczka Piwa mabydz pozwol
30,4,8143,8144,¬,pomienio,nych,pomienionych,join,high,head is not a word on its own,False,0,0,0,0,1,,Biskupow Poznańskich Imieniem iż pomienio¬ || nych Szlachetnych Rządkowskich y Ich Suksz
30,4,8149,8150,¬,ca,łości,całości,split,high,joined form unattested; both halves are real words,False,0,0,1,587599,1,0,ować będą. Prawa Kościelne y Rzplity w ca¬ || łości zachowuiąc. Na co się dla większey w
30,5,8169,8170,¬,vereide,ter,vereideter,join,high,head is not a word on its own,False,0,60,0,150,15,,ches bescheinige pflichtmäßig als vereide¬ || ter Uebersetzer Orzeskowo d. 21ten Januari
